{"type": "FeatureCollection", "name": "Details", "features": [{"type": "Feature", "geometry": {"type": "LineString", "coordinates": [[-5.92025285, 54.60386468], [-5.9202665, 54.6038536]]}, "properties": {"DETAIL_ID": "CQ3.L00.W0", "USE_TYPE": "Wall", "LEVEL_ID": "CQ3.L00", "FACILITY_ID": "CQ3", "ELEVATION_RELATIVE": 0.0}}, {"type": "Feature", "geometry": {"type": "LineString", "coordinates": [[-5.92025254, 54.60386455], [-5.92026595, 54.60385365]]}, "properties": {"DETAIL_ID": "CQ3.L00.W1", "USE_TYPE": "Wall", "LEVEL_ID": "CQ3.L00", "FACILITY_ID": "CQ3", "ELEVATION_RELATIVE": 0.0}}, {"type": "Feature", "geometry": {"type": "LineString", "coordinates": [[-5.92033795, 54.60378397], [-5.92034664, 54.60377692]]}, "properties": {"DETAIL_ID": "CQ3.L00.W2", "USE_TYPE": "Wall", "LEVEL_ID": "CQ3.L00", "FACILITY_ID": "CQ3", "ELEVATION_RELATIVE": 0.0}}, {"type": "Feature", "geometry": {"type": "LineString", "coordinates": [[-5.92033763, 54.60378384], [-5.92034655, 54.6037766]]}, "properties": {"DETAIL_ID": "CQ3.L00.W3", "USE_TYPE": "Wall", "LEVEL_ID": "CQ3.L00", "FACILITY_ID": "CQ3", "ELEVATION_RELATIVE": 0.0}}, {"type": "Feature", "geometry": {"type": "LineString", "coordinates": [[-5.92081551, 54.60408031], [-5.9208242, 54.60407326]]}, "properties": {"DETAIL_ID": "CQ3.L00.W4", "USE_TYPE": "Wall", "LEVEL_ID": "CQ3.L00", "FACILITY_ID": "CQ3", "ELEVATION_RELATIVE": 0.0}}, {"type": "Feature", "geometry": {"type": "LineString", "coordinates": [[-5.92081519, 54.60408018], [-5.92082411, 54.60407294]]}, "properties": {"DETAIL_ID": "CQ3.L00.W5", "USE_TYPE": "Wall", "LEVEL_ID": "CQ3.L00", "FACILITY_ID": "CQ3", "ELEVATION_RELATIVE": 0.0}}, {"type": "Feature", "geometry": {"type": "LineString", "coordinates": [[-5.92025285, 54.60386468], [-5.9202665, 54.6038536]]}, "properties": {"DETAIL_ID": "CQ3.L00.W6", "USE_TYPE": "Wall", "LEVEL_ID": "CQ3.L00", "FACILITY_ID": "CQ3", "ELEVATION_RELATIVE": 0.0}}, {"type": "Feature", "geometry": {"type": "LineString", "coordinates": [[-5.92025254, 54.60386455], [-5.92026595, 54.60385365]]}, "properties": {"DETAIL_ID": "CQ3.L00.W7", "USE_TYPE": "Wall", "LEVEL_ID": "CQ3.L00", "FACILITY_ID": "CQ3", "ELEVATION_RELATIVE": 0.0}}, {"type": "Feature", "geometry": {"type": "LineString", "coordinates": [[-5.92033795, 54.60378397], [-5.92034664, 54.60377692]]}, "properties": {"DETAIL_ID": "CQ3.L00.W8", "USE_TYPE": "Wall", "LEVEL_ID": "CQ3.L00", "FACILITY_ID": "CQ3", "ELEVATION_RELATIVE": 0.0}}, {"type": "Feature", "geometry": {"type": "LineString", "coordinates": [[-5.92033763, 54.60378384], [-5.92034655, 54.6037766]]}, "properties": {"DETAIL_ID": "CQ3.L00.W9", "USE_TYPE": "Wall", "LEVEL_ID": "CQ3.L00", "FACILITY_ID": "CQ3", "ELEVATION_RELATIVE": 0.0}}, {"type": "Feature", "geometry": {"type": "LineString", "coordinates": [[-5.92081551, 54.60408031], [-5.9208242, 54.60407326]]}, "properties": {"DETAIL_ID": "CQ3.L00.W10", "USE_TYPE": "Wall", "LEVEL_ID": "CQ3.L00", "FACILITY_ID": "CQ3", "ELEVATION_RELATIVE": 0.0}}, {"type": "Feature", "geometry": {"type": "LineString", "coordinates": [[-5.92081519, 54.60408018], [-5.92082411, 54.60407294]]}, "properties": {"DETAIL_ID": "CQ3.L00.W11", "USE_TYPE": "Wall", "LEVEL_ID": "CQ3.L00", "FACILITY_ID": "CQ3", "ELEVATION_RELATIVE": 0.0}}, {"type": "Feature", "geometry": {"type": "LineString", "coordinates": [[-5.92033013, 54.60392141], [-5.92034362, 54.60391045]]}, "properties": {"DETAIL_ID": "CQ3.L00.W12", "USE_TYPE": "Wall", "LEVEL_ID": "CQ3.L00", "FACILITY_ID": "CQ3", "ELEVATION_RELATIVE": 0.0}}, {"type": "Feature", "geometry": {"type": "LineString", "coordinates": [[-5.92035745, 54.60394559], [-5.92038147, 54.60392608]]}, "properties": {"DETAIL_ID": "CQ3.L00.W13", "USE_TYPE": "Wall", "LEVEL_ID": "CQ3.L00", "FACILITY_ID": "CQ3", "ELEVATION_RELATIVE": 0.0}}, {"type": "Feature", "geometry": {"type": "LineString", "coordinates": [[-5.92034109, 54.60393883], [-5.92035345, 54.6039288]]}, "properties": {"DETAIL_ID": "CQ3.L00.W14", "USE_TYPE": "Wall", "LEVEL_ID": "CQ3.L00", "FACILITY_ID": "CQ3", "ELEVATION_RELATIVE": 0.0}}, {"type": "Feature", "geometry": {"type": "LineString", "coordinates": [[-5.92031358, 54.60394493], [-5.92034606, 54.60391856]]}, "properties": {"DETAIL_ID": "CQ3.L00.W15", "USE_TYPE": "Wall", "LEVEL_ID": "CQ3.L00", "FACILITY_ID": "CQ3", "ELEVATION_RELATIVE": 0.0}}, {"type": "Feature", "geometry": {"type": "LineString", "coordinates": [[-5.92034414, 54.60394644], [-5.92036755, 54.60392743]]}, "properties": {"DETAIL_ID": "CQ3.L00.W16", "USE_TYPE": "Wall", "LEVEL_ID": "CQ3.L00", "FACILITY_ID": "CQ3", "ELEVATION_RELATIVE": 0.0}}, {"type": "Feature", "geometry": {"type": "LineString", "coordinates": [[-5.92068365, 54.60406747], [-5.92069715, 54.60405651]]}, "properties": {"DETAIL_ID": "CQ3.L00.W17", "USE_TYPE": "Wall", "LEVEL_ID": "CQ3.L00", "FACILITY_ID": "CQ3", "ELEVATION_RELATIVE": 0.0}}, {"type": "Feature", "geometry": {"type": "LineString", "coordinates": [[-5.92063528, 54.60406038], [-5.9206593, 54.60404087]]}, "properties": {"DETAIL_ID": "CQ3.L00.W18", "USE_TYPE": "Wall", "LEVEL_ID": "CQ3.L00", "FACILITY_ID": "CQ3", "ELEVATION_RELATIVE": 0.0}}, {"type": "Feature", "geometry": {"type": "LineString", "coordinates": [[-5.92065164, 54.60406714], [-5.92066399, 54.6040571]]}, "properties": {"DETAIL_ID": "CQ3.L00.W19", "USE_TYPE": "Wall", "LEVEL_ID": "CQ3.L00", "FACILITY_ID": "CQ3", "ELEVATION_RELATIVE": 0.0}}, {"type": "Feature", "geometry": {"type": "LineString", "coordinates": [[-5.92065064, 54.60408419], [-5.92068312, 54.60405781]]}, "properties": {"DETAIL_ID": "CQ3.L00.W20", "USE_TYPE": "Wall", "LEVEL_ID": "CQ3.L00", "FACILITY_ID": "CQ3", "ELEVATION_RELATIVE": 0.0}}, {"type": "Feature", "geometry": {"type": "LineString", "coordinates": [[-5.92063833, 54.60406799], [-5.92066174, 54.60404898]]}, "properties": {"DETAIL_ID": "CQ3.L00.W21", "USE_TYPE": "Wall", "LEVEL_ID": "CQ3.L00", "FACILITY_ID": "CQ3", "ELEVATION_RELATIVE": 0.0}}, {"type": "Feature", "geometry": {"type": "LineString", "coordinates": [[-5.92044671, 54.60413008], [-5.92050581, 54.60408209]]}, "properties": {"DETAIL_ID": "CQ3.L00.W22", "USE_TYPE": "Wall", "LEVEL_ID": "CQ3.L00", "FACILITY_ID": "CQ3", "ELEVATION_RELATIVE": 0.0}}, {"type": "Feature", "geometry": {"type": "LineString", "coordinates": [[-5.92044404, 54.60412897], [-5.92050313, 54.60408098]]}, "properties": {"DETAIL_ID": "CQ3.L00.W23", "USE_TYPE": "Wall", "LEVEL_ID": "CQ3.L00", "FACILITY_ID": "CQ3", "ELEVATION_RELATIVE": 0.0}}, {"type": "Feature", "geometry": {"type": "LineString", "coordinates": [[-5.92054495, 54.60417067], [-5.92060405, 54.60412268]]}, "properties": {"DETAIL_ID": "CQ3.L00.W24", "USE_TYPE": "Wall", "LEVEL_ID": "CQ3.L00", "FACILITY_ID": "CQ3", "ELEVATION_RELATIVE": 0.0}}, {"type": "Feature", "geometry": {"type": "LineString", "coordinates": [[-5.92054773, 54.60417181], [-5.92060683, 54.60412383]]}, "properties": {"DETAIL_ID": "CQ3.L00.W25", "USE_TYPE": "Wall", "LEVEL_ID": "CQ3.L00", "FACILITY_ID": "CQ3", "ELEVATION_RELATIVE": 0.0}}, {"type": "Feature", "geometry": {"type": "LineString", "coordinates": [[-5.9204946, 54.60414986], [-5.92052861, 54.60412225]]}, "properties": {"DETAIL_ID": "CQ3.L00.W26", "USE_TYPE": "Wall", "LEVEL_ID": "CQ3.L00", "FACILITY_ID": "CQ3", "ELEVATION_RELATIVE": 0.0}}, {"type": "Feature", "geometry": {"type": "LineString", "coordinates": [[-5.92049193, 54.60414876], [-5.92052594, 54.60412114]]}, "properties": {"DETAIL_ID": "CQ3.L00.W27", "USE_TYPE": "Wall", "LEVEL_ID": "CQ3.L00", "FACILITY_ID": "CQ3", "ELEVATION_RELATIVE": 0.0}}, {"type": "Feature", "geometry": {"type": "LineString", "coordinates": [[-5.92053067, 54.60410722], [-5.92054279, 54.60409737]]}, "properties": {"DETAIL_ID": "CQ3.L00.W28", "USE_TYPE": "Wall", "LEVEL_ID": "CQ3.L00", "FACILITY_ID": "CQ3", "ELEVATION_RELATIVE": 0.0}}, {"type": "Feature", "geometry": {"type": "LineString", "coordinates": [[-5.92053345, 54.60410836], [-5.92054557, 54.60409852]]}, "properties": {"DETAIL_ID": "CQ3.L00.W29", "USE_TYPE": "Wall", "LEVEL_ID": "CQ3.L00", "FACILITY_ID": "CQ3", "ELEVATION_RELATIVE": 0.0}}, {"type": "Feature", "geometry": {"type": "LineString", "coordinates": [[-5.92037517, 54.60402485], [-5.92039377, 54.60400974]]}, "properties": {"DETAIL_ID": "CQ3.L00.W30", "USE_TYPE": "Wall", "LEVEL_ID": "CQ3.L00", "FACILITY_ID": "CQ3", "ELEVATION_RELATIVE": 0.0}}, {"type": "Feature", "geometry": {"type": "LineString", "coordinates": [[-5.92037615, 54.60402824], [-5.9203972, 54.60401115]]}, "properties": {"DETAIL_ID": "CQ3.L00.W31", "USE_TYPE": "Wall", "LEVEL_ID": "CQ3.L00", "FACILITY_ID": "CQ3", "ELEVATION_RELATIVE": 0.0}}, {"type": "Feature", "geometry": {"type": "LineString", "coordinates": [[-5.92031683, 54.60407641], [-5.92037615, 54.60402824]]}, "properties": {"DETAIL_ID": "CQ3.L00.W32", "USE_TYPE": "Wall", "LEVEL_ID": "CQ3.L00", "FACILITY_ID": "CQ3", "ELEVATION_RELATIVE": 0.0}}, {"type": "Feature", "geometry": {"type": "LineString", "coordinates": [[-5.92031405, 54.60407527], [-5.92037337, 54.60402709]]}, "properties": {"DETAIL_ID": "CQ3.L00.W33", "USE_TYPE": "Wall", "LEVEL_ID": "CQ3.L00", "FACILITY_ID": "CQ3", "ELEVATION_RELATIVE": 0.0}}, {"type": "Feature", "geometry": {"type": "LineString", "coordinates": [[-5.92074892, 54.60407734], [-5.9207724, 54.60405827]]}, "properties": {"DETAIL_ID": "CQ3.L00.W34", "USE_TYPE": "Wall", "LEVEL_ID": "CQ3.L00", "FACILITY_ID": "CQ3", "ELEVATION_RELATIVE": 0.0}}, {"type": "Feature", "geometry": {"type": "LineString", "coordinates": [[-5.92074377, 54.60407811], [-5.92076718, 54.6040591]]}, "properties": {"DETAIL_ID": "CQ3.L00.W35", "USE_TYPE": "Wall", "LEVEL_ID": "CQ3.L00", "FACILITY_ID": "CQ3", "ELEVATION_RELATIVE": 0.0}}, {"type": "Feature", "geometry": {"type": "LineString", "coordinates": [[-5.92032001, 54.60397599], [-5.92038101, 54.60392646]]}, "properties": {"DETAIL_ID": "CQ3.L00.W36", "USE_TYPE": "Wall", "LEVEL_ID": "CQ3.L00", "FACILITY_ID": "CQ3", "ELEVATION_RELATIVE": 0.0}}, {"type": "Feature", "geometry": {"type": "LineString", "coordinates": [[-5.92032119, 54.60397975], [-5.9203876, 54.60392582]]}, "properties": {"DETAIL_ID": "CQ3.L00.W37", "USE_TYPE": "Wall", "LEVEL_ID": "CQ3.L00", "FACILITY_ID": "CQ3", "ELEVATION_RELATIVE": 0.0}}, {"type": "Feature", "geometry": {"type": "LineString", "coordinates": [[-5.92040104, 54.60400947], [-5.92046486, 54.60395764]]}, "properties": {"DETAIL_ID": "CQ3.L00.W38", "USE_TYPE": "Wall", "LEVEL_ID": "CQ3.L00", "FACILITY_ID": "CQ3", "ELEVATION_RELATIVE": 0.0}}, {"type": "Feature", "geometry": {"type": "LineString", "coordinates": [[-5.92040489, 54.60401106], [-5.92043104, 54.60398982]]}, "properties": {"DETAIL_ID": "CQ3.L00.W39", "USE_TYPE": "Wall", "LEVEL_ID": "CQ3.L00", "FACILITY_ID": "CQ3", "ELEVATION_RELATIVE": 0.0}}, {"type": "Feature", "geometry": {"type": "LineString", "coordinates": [[-5.92043287, 54.60398834], [-5.9204591, 54.60396703]]}, "properties": {"DETAIL_ID": "CQ3.L00.W40", "USE_TYPE": "Wall", "LEVEL_ID": "CQ3.L00", "FACILITY_ID": "CQ3", "ELEVATION_RELATIVE": 0.0}}, {"type": "Feature", "geometry": {"type": "LineString", "coordinates": [[-5.92027842, 54.60395881], [-5.92031861, 54.60392618]]}, "properties": {"DETAIL_ID": "CQ3.L00.W41", "USE_TYPE": "Wall", "LEVEL_ID": "CQ3.L00", "FACILITY_ID": "CQ3", "ELEVATION_RELATIVE": 0.0}}, {"type": "Feature", "geometry": {"type": "LineString", "coordinates": [[-5.92032044, 54.60392469], [-5.92036062, 54.60389206]]}, "properties": {"DETAIL_ID": "CQ3.L00.W42", "USE_TYPE": "Wall", "LEVEL_ID": "CQ3.L00", "FACILITY_ID": "CQ3", "ELEVATION_RELATIVE": 0.0}}, {"type": "Feature", "geometry": {"type": "LineString", "coordinates": [[-5.9202795, 54.60396252], [-5.92028788, 54.60395571]]}, "properties": {"DETAIL_ID": "CQ3.L00.W43", "USE_TYPE": "Wall", "LEVEL_ID": "CQ3.L00", "FACILITY_ID": "CQ3", "ELEVATION_RELATIVE": 0.0}}, {"type": "Feature", "geometry": {"type": "LineString", "coordinates": [[-5.92028964, 54.60395429], [-5.9203373, 54.60391559]]}, "properties": {"DETAIL_ID": "CQ3.L00.W44", "USE_TYPE": "Wall", "LEVEL_ID": "CQ3.L00", "FACILITY_ID": "CQ3", "ELEVATION_RELATIVE": 0.0}}, {"type": "Feature", "geometry": {"type": "LineString", "coordinates": [[-5.92034591, 54.60390859], [-5.92036437, 54.60389361]]}, "properties": {"DETAIL_ID": "CQ3.L00.W45", "USE_TYPE": "Wall", "LEVEL_ID": "CQ3.L00", "FACILITY_ID": "CQ3", "ELEVATION_RELATIVE": 0.0}}, {"type": "Feature", "geometry": {"type": "LineString", "coordinates": [[-5.92055215, 54.60398054], [-5.92056245, 54.60397218]]}, "properties": {"DETAIL_ID": "CQ3.L00.W46", "USE_TYPE": "Wall", "LEVEL_ID": "CQ3.L00", "FACILITY_ID": "CQ3", "ELEVATION_RELATIVE": 0.0}}, {"type": "Feature", "geometry": {"type": "LineString", "coordinates": [[-5.92052409, 54.60400332], [-5.9205414, 54.60398927]]}, "properties": {"DETAIL_ID": "CQ3.L00.W47", "USE_TYPE": "Wall", "LEVEL_ID": "CQ3.L00", "FACILITY_ID": "CQ3", "ELEVATION_RELATIVE": 0.0}}, {"type": "Feature", "geometry": {"type": "LineString", "coordinates": [[-5.92049596, 54.60402617], [-5.92051327, 54.60401211]]}, "properties": {"DETAIL_ID": "CQ3.L00.W48", "USE_TYPE": "Wall", "LEVEL_ID": "CQ3.L00", "FACILITY_ID": "CQ3", "ELEVATION_RELATIVE": 0.0}}, {"type": "Feature", "geometry": {"type": "LineString", "coordinates": [[-5.92056821, 54.60401557], [-5.92057789, 54.6040077]]}, "properties": {"DETAIL_ID": "CQ3.L00.W49", "USE_TYPE": "Wall", "LEVEL_ID": "CQ3.L00", "FACILITY_ID": "CQ3", "ELEVATION_RELATIVE": 0.0}}, {"type": "Feature", "geometry": {"type": "LineString", "coordinates": [[-5.92051681, 54.6040573], [-5.92056683, 54.60401668]]}, "properties": {"DETAIL_ID": "CQ3.L00.W50", "USE_TYPE": "Wall", "LEVEL_ID": "CQ3.L00", "FACILITY_ID": "CQ3", "ELEVATION_RELATIVE": 0.0}}, {"type": "Feature", "geometry": {"type": "LineString", "coordinates": [[-5.92054106, 54.60403303], [-5.92056729, 54.60401173]]}, "properties": {"DETAIL_ID": "CQ3.L00.W51", "USE_TYPE": "Wall", "LEVEL_ID": "CQ3.L00", "FACILITY_ID": "CQ3", "ELEVATION_RELATIVE": 0.0}}, {"type": "Feature", "geometry": {"type": "LineString", "coordinates": [[-5.92051307, 54.60405576], [-5.92053923, 54.60403452]]}, "properties": {"DETAIL_ID": "CQ3.L00.W52", "USE_TYPE": "Wall", "LEVEL_ID": "CQ3.L00", "FACILITY_ID": "CQ3", "ELEVATION_RELATIVE": 0.0}}, {"type": "Feature", "geometry": {"type": "LineString", "coordinates": [[-5.92059133, 54.60409136], [-5.92065774, 54.60403743]]}, "properties": {"DETAIL_ID": "CQ3.L00.W53", "USE_TYPE": "Wall", "LEVEL_ID": "CQ3.L00", "FACILITY_ID": "CQ3", "ELEVATION_RELATIVE": 0.0}}, {"type": "Feature", "geometry": {"type": "LineString", "coordinates": [[-5.92059784, 54.60409078], [-5.92065885, 54.60404125]]}, "properties": {"DETAIL_ID": "CQ3.L00.W54", "USE_TYPE": "Wall", "LEVEL_ID": "CQ3.L00", "FACILITY_ID": "CQ3", "ELEVATION_RELATIVE": 0.0}}, {"type": "Feature", "geometry": {"type": "LineString", "coordinates": [[-5.92068155, 54.60407389], [-5.92072173, 54.60404126]]}, "properties": {"DETAIL_ID": "CQ3.L00.W55", "USE_TYPE": "Wall", "LEVEL_ID": "CQ3.L00", "FACILITY_ID": "CQ3", "ELEVATION_RELATIVE": 0.0}}, {"type": "Feature", "geometry": {"type": "LineString", "coordinates": [[-5.92063954, 54.60410801], [-5.92067972, 54.60407537]]}, "properties": {"DETAIL_ID": "CQ3.L00.W56", "USE_TYPE": "Wall", "LEVEL_ID": "CQ3.L00", "FACILITY_ID": "CQ3", "ELEVATION_RELATIVE": 0.0}}, {"type": "Feature", "geometry": {"type": "LineString", "coordinates": [[-5.92069943, 54.60405465], [-5.92071789, 54.60403967]]}, "properties": {"DETAIL_ID": "CQ3.L00.W57", "USE_TYPE": "Wall", "LEVEL_ID": "CQ3.L00", "FACILITY_ID": "CQ3", "ELEVATION_RELATIVE": 0.0}}, {"type": "Feature", "geometry": {"type": "LineString", "coordinates": [[-5.92064316, 54.60410035], [-5.92069669, 54.60405688]]}, "properties": {"DETAIL_ID": "CQ3.L00.W58", "USE_TYPE": "Wall", "LEVEL_ID": "CQ3.L00", "FACILITY_ID": "CQ3", "ELEVATION_RELATIVE": 0.0}}, {"type": "Feature", "geometry": {"type": "LineString", "coordinates": [[-5.92063302, 54.60410858], [-5.92064141, 54.60410177]]}, "properties": {"DETAIL_ID": "CQ3.L00.W59", "USE_TYPE": "Wall", "LEVEL_ID": "CQ3.L00", "FACILITY_ID": "CQ3", "ELEVATION_RELATIVE": 0.0}}, {"type": "Feature", "geometry": {"type": "LineString", "coordinates": [[-5.92045865, 54.60401076], [-5.92047596, 54.6039967]]}, "properties": {"DETAIL_ID": "CQ3.L00.W60", "USE_TYPE": "Wall", "LEVEL_ID": "CQ3.L00", "FACILITY_ID": "CQ3", "ELEVATION_RELATIVE": 0.0}}, {"type": "Feature", "geometry": {"type": "LineString", "coordinates": [[-5.92048679, 54.60398791], [-5.9205041, 54.60397385]]}, "properties": {"DETAIL_ID": "CQ3.L00.W61", "USE_TYPE": "Wall", "LEVEL_ID": "CQ3.L00", "FACILITY_ID": "CQ3", "ELEVATION_RELATIVE": 0.0}}, {"type": "Feature", "geometry": {"type": "LineString", "coordinates": [[-5.92051485, 54.60396512], [-5.92052514, 54.60395676]]}, "properties": {"DETAIL_ID": "CQ3.L00.W62", "USE_TYPE": "Wall", "LEVEL_ID": "CQ3.L00", "FACILITY_ID": "CQ3", "ELEVATION_RELATIVE": 0.0}}, {"type": "Feature", "geometry": {"type": "LineString", "coordinates": [[-5.92058755, 54.60408905], [-5.92059594, 54.60408224]]}, "properties": {"DETAIL_ID": "CQ3.L00.W63", "USE_TYPE": "Wall", "LEVEL_ID": "CQ3.L00", "FACILITY_ID": "CQ3", "ELEVATION_RELATIVE": 0.0}}, {"type": "Feature", "geometry": {"type": "LineString", "coordinates": [[-5.92058702, 54.60408883], [-5.92059541, 54.60408202]]}, "properties": {"DETAIL_ID": "CQ3.L00.W64", "USE_TYPE": "Wall", "LEVEL_ID": "CQ3.L00", "FACILITY_ID": "CQ3", "ELEVATION_RELATIVE": 0.0}}, {"type": "Feature", "geometry": {"type": "LineString", "coordinates": [[-5.92029853, 54.60397039], [-5.92030691, 54.60396357]]}, "properties": {"DETAIL_ID": "CQ3.L00.W65", "USE_TYPE": "Wall", "LEVEL_ID": "CQ3.L00", "FACILITY_ID": "CQ3", "ELEVATION_RELATIVE": 0.0}}, {"type": "Feature", "geometry": {"type": "LineString", "coordinates": [[-5.92029845, 54.60396979], [-5.92030684, 54.60396298]]}, "properties": {"DETAIL_ID": "CQ3.L00.W66", "USE_TYPE": "Wall", "LEVEL_ID": "CQ3.L00", "FACILITY_ID": "CQ3", "ELEVATION_RELATIVE": 0.0}}, {"type": "Feature", "geometry": {"type": "LineString", "coordinates": [[-5.92029781, 54.60396953], [-5.92030619, 54.60396272]]}, "properties": {"DETAIL_ID": "CQ3.L00.W67", "USE_TYPE": "Wall", "LEVEL_ID": "CQ3.L00", "FACILITY_ID": "CQ3", "ELEVATION_RELATIVE": 0.0}}, {"type": "Feature", "geometry": {"type": "LineString", "coordinates": [[-5.92061271, 54.60410019], [-5.92062109, 54.60409338]]}, "properties": {"DETAIL_ID": "CQ3.L00.W68", "USE_TYPE": "Wall", "LEVEL_ID": "CQ3.L00", "FACILITY_ID": "CQ3", "ELEVATION_RELATIVE": 0.0}}, {"type": "Feature", "geometry": {"type": "LineString", "coordinates": [[-5.92061381, 54.60410008], [-5.92062219, 54.60409327]]}, "properties": {"DETAIL_ID": "CQ3.L00.W69", "USE_TYPE": "Wall", "LEVEL_ID": "CQ3.L00", "FACILITY_ID": "CQ3", "ELEVATION_RELATIVE": 0.0}}, {"type": "Feature", "geometry": {"type": "LineString", "coordinates": [[-5.92061434, 54.60410031], [-5.92062273, 54.60409349]]}, "properties": {"DETAIL_ID": "CQ3.L00.W70", "USE_TYPE": "Wall", "LEVEL_ID": "CQ3.L00", "FACILITY_ID": "CQ3", "ELEVATION_RELATIVE": 0.0}}, {"type": "Feature", "geometry": {"type": "LineString", "coordinates": [[-5.92064469, 54.60421187], [-5.92070379, 54.60416389]]}, "properties": {"DETAIL_ID": "CQ3.L00.W71", "USE_TYPE": "Wall", "LEVEL_ID": "CQ3.L00", "FACILITY_ID": "CQ3", "ELEVATION_RELATIVE": 0.0}}, {"type": "Feature", "geometry": {"type": "LineString", "coordinates": [[-5.92064538, 54.60421459], [-5.92070646, 54.60416499]]}, "properties": {"DETAIL_ID": "CQ3.L00.W72", "USE_TYPE": "Wall", "LEVEL_ID": "CQ3.L00", "FACILITY_ID": "CQ3", "ELEVATION_RELATIVE": 0.0}}, {"type": "Feature", "geometry": {"type": "LineString", "coordinates": [[-5.92010719, 54.6039898], [-5.92016652, 54.60394163]]}, "properties": {"DETAIL_ID": "CQ3.L00.W73", "USE_TYPE": "Wall", "LEVEL_ID": "CQ3.L00", "FACILITY_ID": "CQ3", "ELEVATION_RELATIVE": 0.0}}, {"type": "Feature", "geometry": {"type": "LineString", "coordinates": [[-5.92010243, 54.60399026], [-5.92016374, 54.60394048]]}, "properties": {"DETAIL_ID": "CQ3.L00.W74", "USE_TYPE": "Wall", "LEVEL_ID": "CQ3.L00", "FACILITY_ID": "CQ3", "ELEVATION_RELATIVE": 0.0}}, {"type": "Feature", "geometry": {"type": "LineString", "coordinates": [[-5.92021761, 54.60390014], [-5.92024506, 54.60387785]]}, "properties": {"DETAIL_ID": "CQ3.L00.W75", "USE_TYPE": "Wall", "LEVEL_ID": "CQ3.L00", "FACILITY_ID": "CQ3", "ELEVATION_RELATIVE": 0.0}}, {"type": "Feature", "geometry": {"type": "LineString", "coordinates": [[-5.92021483, 54.603899], [-5.92024228, 54.6038767]]}, "properties": {"DETAIL_ID": "CQ3.L00.W76", "USE_TYPE": "Wall", "LEVEL_ID": "CQ3.L00", "FACILITY_ID": "CQ3", "ELEVATION_RELATIVE": 0.0}}, {"type": "Feature", "geometry": {"type": "LineString", "coordinates": [[-5.92018669, 54.60392184], [-5.92020179, 54.60390958]]}, "properties": {"DETAIL_ID": "CQ3.L00.W77", "USE_TYPE": "Wall", "LEVEL_ID": "CQ3.L00", "FACILITY_ID": "CQ3", "ELEVATION_RELATIVE": 0.0}}, {"type": "Feature", "geometry": {"type": "LineString", "coordinates": [[-5.92019313, 54.60392002], [-5.92020457, 54.60391073]]}, "properties": {"DETAIL_ID": "CQ3.L00.W78", "USE_TYPE": "Wall", "LEVEL_ID": "CQ3.L00", "FACILITY_ID": "CQ3", "ELEVATION_RELATIVE": 0.0}}, {"type": "Feature", "geometry": {"type": "LineString", "coordinates": [[-5.9202581, 54.60386726], [-5.92027319, 54.603855]]}, "properties": {"DETAIL_ID": "CQ3.L00.W79", "USE_TYPE": "Wall", "LEVEL_ID": "CQ3.L00", "FACILITY_ID": "CQ3", "ELEVATION_RELATIVE": 0.0}}, {"type": "Feature", "geometry": {"type": "LineString", "coordinates": [[-5.92025532, 54.60386612], [-5.92027041, 54.60385386]]}, "properties": {"DETAIL_ID": "CQ3.L00.W80", "USE_TYPE": "Wall", "LEVEL_ID": "CQ3.L00", "FACILITY_ID": "CQ3", "ELEVATION_RELATIVE": 0.0}}, {"type": "Feature", "geometry": {"type": "LineString", "coordinates": [[-5.92072697, 54.60414506], [-5.92074161, 54.60413317]]}, "properties": {"DETAIL_ID": "CQ3.L00.W81", "USE_TYPE": "Wall", "LEVEL_ID": "CQ3.L00", "FACILITY_ID": "CQ3", "ELEVATION_RELATIVE": 0.0}}, {"type": "Feature", "geometry": {"type": "LineString", "coordinates": [[-5.92072964, 54.60414617], [-5.92074428, 54.60413428]]}, "properties": {"DETAIL_ID": "CQ3.L00.W82", "USE_TYPE": "Wall", "LEVEL_ID": "CQ3.L00", "FACILITY_ID": "CQ3", "ELEVATION_RELATIVE": 0.0}}, {"type": "Feature", "geometry": {"type": "LineString", "coordinates": [[-5.92075556, 54.60412184], [-5.92076929, 54.6041107]]}, "properties": {"DETAIL_ID": "CQ3.L00.W83", "USE_TYPE": "Wall", "LEVEL_ID": "CQ3.L00", "FACILITY_ID": "CQ3", "ELEVATION_RELATIVE": 0.0}}, {"type": "Feature", "geometry": {"type": "LineString", "coordinates": [[-5.92075823, 54.60412295], [-5.92077196, 54.6041118]]}, "properties": {"DETAIL_ID": "CQ3.L00.W84", "USE_TYPE": "Wall", "LEVEL_ID": "CQ3.L00", "FACILITY_ID": "CQ3", "ELEVATION_RELATIVE": 0.0}}, {"type": "Feature", "geometry": {"type": "LineString", "coordinates": [[-5.92044361, 54.60396456], [-5.92045405, 54.60395607]]}, "properties": {"DETAIL_ID": "CQ3.L00.W85", "USE_TYPE": "Wall", "LEVEL_ID": "CQ3.L00", "FACILITY_ID": "CQ3", "ELEVATION_RELATIVE": 0.0}}, {"type": "Feature", "geometry": {"type": "LineString", "coordinates": [[-5.92044136, 54.60396363], [-5.92045181, 54.60395515]]}, "properties": {"DETAIL_ID": "CQ3.L00.W86", "USE_TYPE": "Wall", "LEVEL_ID": "CQ3.L00", "FACILITY_ID": "CQ3", "ELEVATION_RELATIVE": 0.0}}, {"type": "Feature", "geometry": {"type": "LineString", "coordinates": [[-5.92044136, 54.60396363], [-5.92045181, 54.60395515]]}, "properties": {"DETAIL_ID": "CQ3.L00.W87", "USE_TYPE": "Wall", "LEVEL_ID": "CQ3.L00", "FACILITY_ID": "CQ3", "ELEVATION_RELATIVE": 0.0}}, {"type": "Feature", "geometry": {"type": "LineString", "coordinates": [[-5.92044361, 54.60396456], [-5.92045405, 54.60395607]]}, "properties": {"DETAIL_ID": "CQ3.L00.W88", "USE_TYPE": "Wall", "LEVEL_ID": "CQ3.L00", "FACILITY_ID": "CQ3", "ELEVATION_RELATIVE": 0.0}}, {"type": "Feature", "geometry": {"type": "LineString", "coordinates": [[-5.9204037, 54.60391733], [-5.92041201, 54.60391058]]}, "properties": {"DETAIL_ID": "CQ3.L00.W89", "USE_TYPE": "Wall", "LEVEL_ID": "CQ3.L00", "FACILITY_ID": "CQ3", "ELEVATION_RELATIVE": 0.0}}, {"type": "Feature", "geometry": {"type": "LineString", "coordinates": [[-5.92040434, 54.6039176], [-5.92041265, 54.60391085]]}, "properties": {"DETAIL_ID": "CQ3.L00.W90", "USE_TYPE": "Wall", "LEVEL_ID": "CQ3.L00", "FACILITY_ID": "CQ3", "ELEVATION_RELATIVE": 0.0}}, {"type": "Feature", "geometry": {"type": "LineString", "coordinates": [[-5.92066571, 54.60402558], [-5.92067402, 54.60401883]]}, "properties": {"DETAIL_ID": "CQ3.L00.W91", "USE_TYPE": "Wall", "LEVEL_ID": "CQ3.L00", "FACILITY_ID": "CQ3", "ELEVATION_RELATIVE": 0.0}}, {"type": "Feature", "geometry": {"type": "LineString", "coordinates": [[-5.92066518, 54.60402536], [-5.92067349, 54.60401861]]}, "properties": {"DETAIL_ID": "CQ3.L00.W92", "USE_TYPE": "Wall", "LEVEL_ID": "CQ3.L00", "FACILITY_ID": "CQ3", "ELEVATION_RELATIVE": 0.0}}, {"type": "Feature", "geometry": {"type": "LineString", "coordinates": [[-5.92032511, 54.60398062], [-5.9203335, 54.60397381]]}, "properties": {"DETAIL_ID": "CQ3.L00.W93", "USE_TYPE": "Wall", "LEVEL_ID": "CQ3.L00", "FACILITY_ID": "CQ3", "ELEVATION_RELATIVE": 0.0}}, {"type": "Feature", "geometry": {"type": "LineString", "coordinates": [[-5.92032565, 54.60398084], [-5.92033403, 54.60397403]]}, "properties": {"DETAIL_ID": "CQ3.L00.W94", "USE_TYPE": "Wall", "LEVEL_ID": "CQ3.L00", "FACILITY_ID": "CQ3", "ELEVATION_RELATIVE": 0.0}}, {"type": "Feature", "geometry": {"type": "LineString", "coordinates": [[-5.92040106, 54.60411122], [-5.92047083, 54.60405456]]}, "properties": {"DETAIL_ID": "CQ3.L00.W95", "USE_TYPE": "Wall", "LEVEL_ID": "CQ3.L00", "FACILITY_ID": "CQ3", "ELEVATION_RELATIVE": 0.0}}, {"type": "Feature", "geometry": {"type": "LineString", "coordinates": [[-5.92040374, 54.60411232], [-5.92047351, 54.60405567]]}, "properties": {"DETAIL_ID": "CQ3.L00.W96", "USE_TYPE": "Wall", "LEVEL_ID": "CQ3.L00", "FACILITY_ID": "CQ3", "ELEVATION_RELATIVE": 0.0}}, {"type": "Feature", "geometry": {"type": "LineString", "coordinates": [[-5.92057616, 54.60401932], [-5.92058661, 54.60401084]]}, "properties": {"DETAIL_ID": "CQ3.L00.W97", "USE_TYPE": "Wall", "LEVEL_ID": "CQ3.L00", "FACILITY_ID": "CQ3", "ELEVATION_RELATIVE": 0.0}}, {"type": "Feature", "geometry": {"type": "LineString", "coordinates": [[-5.92057841, 54.60402025], [-5.92058886, 54.60401177]]}, "properties": {"DETAIL_ID": "CQ3.L00.W98", "USE_TYPE": "Wall", "LEVEL_ID": "CQ3.L00", "FACILITY_ID": "CQ3", "ELEVATION_RELATIVE": 0.0}}, {"type": "Feature", "geometry": {"type": "LineString", "coordinates": [[-5.92057841, 54.60402025], [-5.92058886, 54.60401177]]}, "properties": {"DETAIL_ID": "CQ3.L00.W99", "USE_TYPE": "Wall", "LEVEL_ID": "CQ3.L00", "FACILITY_ID": "CQ3", "ELEVATION_RELATIVE": 0.0}}, {"type": "Feature", "geometry": {"type": "LineString", "coordinates": [[-5.92057616, 54.60401932], [-5.92058661, 54.60401084]]}, "properties": {"DETAIL_ID": "CQ3.L00.W100", "USE_TYPE": "Wall", "LEVEL_ID": "CQ3.L00", "FACILITY_ID": "CQ3", "ELEVATION_RELATIVE": 0.0}}, {"type": "Feature", "geometry": {"type": "LineString", "coordinates": [[-5.92065586, 54.60408852], [-5.92069458, 54.60405707]]}, "properties": {"DETAIL_ID": "CQ3.L00.W101", "USE_TYPE": "Wall", "LEVEL_ID": "CQ3.L00", "FACILITY_ID": "CQ3", "ELEVATION_RELATIVE": 0.0}}, {"type": "Feature", "geometry": {"type": "LineString", "coordinates": [[-5.92062276, 54.60407208], [-5.92065923, 54.60404247]]}, "properties": {"DETAIL_ID": "CQ3.L00.W102", "USE_TYPE": "Wall", "LEVEL_ID": "CQ3.L00", "FACILITY_ID": "CQ3", "ELEVATION_RELATIVE": 0.0}}, {"type": "Feature", "geometry": {"type": "LineString", "coordinates": [[-5.92062339, 54.60407234], [-5.92065941, 54.60404309]]}, "properties": {"DETAIL_ID": "CQ3.L00.W103", "USE_TYPE": "Wall", "LEVEL_ID": "CQ3.L00", "FACILITY_ID": "CQ3", "ELEVATION_RELATIVE": 0.0}}, {"type": "Feature", "geometry": {"type": "LineString", "coordinates": [[-5.92065523, 54.60408826], [-5.9206935, 54.60405718]]}, "properties": {"DETAIL_ID": "CQ3.L00.W104", "USE_TYPE": "Wall", "LEVEL_ID": "CQ3.L00", "FACILITY_ID": "CQ3", "ELEVATION_RELATIVE": 0.0}}, {"type": "Feature", "geometry": {"type": "LineString", "coordinates": [[-5.92030485, 54.6039435], [-5.92034358, 54.60391205]]}, "properties": {"DETAIL_ID": "CQ3.L00.W105", "USE_TYPE": "Wall", "LEVEL_ID": "CQ3.L00", "FACILITY_ID": "CQ3", "ELEVATION_RELATIVE": 0.0}}, {"type": "Feature", "geometry": {"type": "LineString", "coordinates": [[-5.92034246, 54.60395628], [-5.92037893, 54.60392666]]}, "properties": {"DETAIL_ID": "CQ3.L00.W106", "USE_TYPE": "Wall", "LEVEL_ID": "CQ3.L00", "FACILITY_ID": "CQ3", "ELEVATION_RELATIVE": 0.0}}, {"type": "Feature", "geometry": {"type": "LineString", "coordinates": [[-5.92034183, 54.60395602], [-5.92037785, 54.60392676]]}, "properties": {"DETAIL_ID": "CQ3.L00.W107", "USE_TYPE": "Wall", "LEVEL_ID": "CQ3.L00", "FACILITY_ID": "CQ3", "ELEVATION_RELATIVE": 0.0}}, {"type": "Feature", "geometry": {"type": "LineString", "coordinates": [[-5.92030548, 54.60394376], [-5.92034376, 54.60391268]]}, "properties": {"DETAIL_ID": "CQ3.L00.W108", "USE_TYPE": "Wall", "LEVEL_ID": "CQ3.L00", "FACILITY_ID": "CQ3", "ELEVATION_RELATIVE": 0.0}}, {"type": "Feature", "geometry": {"type": "LineString", "coordinates": [[-5.92064561, 54.60420431], [-5.92065766, 54.60419453]]}, "properties": {"DETAIL_ID": "CQ3.L00.W109", "USE_TYPE": "Wall", "LEVEL_ID": "CQ3.L00", "FACILITY_ID": "CQ3", "ELEVATION_RELATIVE": 0.0}}, {"type": "Feature", "geometry": {"type": "LineString", "coordinates": [[-5.92019229, 54.60391808], [-5.92022782, 54.60388923]]}, "properties": {"DETAIL_ID": "CQ3.L00.W110", "USE_TYPE": "Wall", "LEVEL_ID": "CQ3.L00", "FACILITY_ID": "CQ3", "ELEVATION_RELATIVE": 0.0}}, {"type": "Feature", "geometry": {"type": "LineString", "coordinates": [[-5.92032181, 54.60394833], [-5.92030535, 54.60394153]]}, "properties": {"DETAIL_ID": "CQ3.L00.W111", "USE_TYPE": "Wall", "LEVEL_ID": "CQ3.L00", "FACILITY_ID": "CQ3", "ELEVATION_RELATIVE": 0.0}}, {"type": "Feature", "geometry": {"type": "LineString", "coordinates": [[-5.9203241, 54.60394648], [-5.92030763, 54.60393967]]}, "properties": {"DETAIL_ID": "CQ3.L00.W112", "USE_TYPE": "Wall", "LEVEL_ID": "CQ3.L00", "FACILITY_ID": "CQ3", "ELEVATION_RELATIVE": 0.0}}, {"type": "Feature", "geometry": {"type": "LineString", "coordinates": [[-5.92032631, 54.60394468], [-5.92030985, 54.60393788]]}, "properties": {"DETAIL_ID": "CQ3.L00.W113", "USE_TYPE": "Wall", "LEVEL_ID": "CQ3.L00", "FACILITY_ID": "CQ3", "ELEVATION_RELATIVE": 0.0}}, {"type": "Feature", "geometry": {"type": "LineString", "coordinates": [[-5.9203286, 54.60394282], [-5.92031213, 54.60393602]]}, "properties": {"DETAIL_ID": "CQ3.L00.W114", "USE_TYPE": "Wall", "LEVEL_ID": "CQ3.L00", "FACILITY_ID": "CQ3", "ELEVATION_RELATIVE": 0.0}}, {"type": "Feature", "geometry": {"type": "LineString", "coordinates": [[-5.92033088, 54.60394097], [-5.92031442, 54.60393416]]}, "properties": {"DETAIL_ID": "CQ3.L00.W115", "USE_TYPE": "Wall", "LEVEL_ID": "CQ3.L00", "FACILITY_ID": "CQ3", "ELEVATION_RELATIVE": 0.0}}, {"type": "Feature", "geometry": {"type": "LineString", "coordinates": [[-5.92033309, 54.60393917], [-5.92031663, 54.60393237]]}, "properties": {"DETAIL_ID": "CQ3.L00.W116", "USE_TYPE": "Wall", "LEVEL_ID": "CQ3.L00", "FACILITY_ID": "CQ3", "ELEVATION_RELATIVE": 0.0}}, {"type": "Feature", "geometry": {"type": "LineString", "coordinates": [[-5.92033538, 54.60393731], [-5.92031892, 54.60393051]]}, "properties": {"DETAIL_ID": "CQ3.L00.W117", "USE_TYPE": "Wall", "LEVEL_ID": "CQ3.L00", "FACILITY_ID": "CQ3", "ELEVATION_RELATIVE": 0.0}}, {"type": "Feature", "geometry": {"type": "LineString", "coordinates": [[-5.92033759, 54.60393552], [-5.92032113, 54.60392872]]}, "properties": {"DETAIL_ID": "CQ3.L00.W118", "USE_TYPE": "Wall", "LEVEL_ID": "CQ3.L00", "FACILITY_ID": "CQ3", "ELEVATION_RELATIVE": 0.0}}, {"type": "Feature", "geometry": {"type": "LineString", "coordinates": [[-5.92033988, 54.60393366], [-5.92032342, 54.60392686]]}, "properties": {"DETAIL_ID": "CQ3.L00.W119", "USE_TYPE": "Wall", "LEVEL_ID": "CQ3.L00", "FACILITY_ID": "CQ3", "ELEVATION_RELATIVE": 0.0}}, {"type": "Feature", "geometry": {"type": "LineString", "coordinates": [[-5.92034209, 54.60393186], [-5.92032563, 54.60392506]]}, "properties": {"DETAIL_ID": "CQ3.L00.W120", "USE_TYPE": "Wall", "LEVEL_ID": "CQ3.L00", "FACILITY_ID": "CQ3", "ELEVATION_RELATIVE": 0.0}}, {"type": "Feature", "geometry": {"type": "LineString", "coordinates": [[-5.92034438, 54.60393001], [-5.92032792, 54.6039232]]}, "properties": {"DETAIL_ID": "CQ3.L00.W121", "USE_TYPE": "Wall", "LEVEL_ID": "CQ3.L00", "FACILITY_ID": "CQ3", "ELEVATION_RELATIVE": 0.0}}, {"type": "Feature", "geometry": {"type": "LineString", "coordinates": [[-5.92038147, 54.60392608], [-5.92034362, 54.60391045]]}, "properties": {"DETAIL_ID": "CQ3.L00.W122", "USE_TYPE": "Wall", "LEVEL_ID": "CQ3.L00", "FACILITY_ID": "CQ3", "ELEVATION_RELATIVE": 0.0}}, {"type": "Feature", "geometry": {"type": "LineString", "coordinates": [[-5.92034659, 54.60392821], [-5.92033013, 54.60392141]]}, "properties": {"DETAIL_ID": "CQ3.L00.W123", "USE_TYPE": "Wall", "LEVEL_ID": "CQ3.L00", "FACILITY_ID": "CQ3", "ELEVATION_RELATIVE": 0.0}}, {"type": "Feature", "geometry": {"type": "LineString", "coordinates": [[-5.92035745, 54.60394559], [-5.92034109, 54.60393883]]}, "properties": {"DETAIL_ID": "CQ3.L00.W124", "USE_TYPE": "Wall", "LEVEL_ID": "CQ3.L00", "FACILITY_ID": "CQ3", "ELEVATION_RELATIVE": 0.0}}, {"type": "Feature", "geometry": {"type": "LineString", "coordinates": [[-5.92035516, 54.60394745], [-5.92033881, 54.60394069]]}, "properties": {"DETAIL_ID": "CQ3.L00.W125", "USE_TYPE": "Wall", "LEVEL_ID": "CQ3.L00", "FACILITY_ID": "CQ3", "ELEVATION_RELATIVE": 0.0}}, {"type": "Feature", "geometry": {"type": "LineString", "coordinates": [[-5.92036755, 54.60392743], [-5.92034606, 54.60391856]]}, "properties": {"DETAIL_ID": "CQ3.L00.W126", "USE_TYPE": "Wall", "LEVEL_ID": "CQ3.L00", "FACILITY_ID": "CQ3", "ELEVATION_RELATIVE": 0.0}}, {"type": "Feature", "geometry": {"type": "LineString", "coordinates": [[-5.92065887, 54.60408759], [-5.92064251, 54.60408083]]}, "properties": {"DETAIL_ID": "CQ3.L00.W127", "USE_TYPE": "Wall", "LEVEL_ID": "CQ3.L00", "FACILITY_ID": "CQ3", "ELEVATION_RELATIVE": 0.0}}, {"type": "Feature", "geometry": {"type": "LineString", "coordinates": [[-5.92066116, 54.60408573], [-5.9206448, 54.60407898]]}, "properties": {"DETAIL_ID": "CQ3.L00.W128", "USE_TYPE": "Wall", "LEVEL_ID": "CQ3.L00", "FACILITY_ID": "CQ3", "ELEVATION_RELATIVE": 0.0}}, {"type": "Feature", "geometry": {"type": "LineString", "coordinates": [[-5.92066337, 54.60408394], [-5.92064701, 54.60407718]]}, "properties": {"DETAIL_ID": "CQ3.L00.W129", "USE_TYPE": "Wall", "LEVEL_ID": "CQ3.L00", "FACILITY_ID": "CQ3", "ELEVATION_RELATIVE": 0.0}}, {"type": "Feature", "geometry": {"type": "LineString", "coordinates": [[-5.92066565, 54.60408208], [-5.9206493, 54.60407532]]}, "properties": {"DETAIL_ID": "CQ3.L00.W130", "USE_TYPE": "Wall", "LEVEL_ID": "CQ3.L00", "FACILITY_ID": "CQ3", "ELEVATION_RELATIVE": 0.0}}, {"type": "Feature", "geometry": {"type": "LineString", "coordinates": [[-5.92066794, 54.60408022], [-5.92065159, 54.60407347]]}, "properties": {"DETAIL_ID": "CQ3.L00.W131", "USE_TYPE": "Wall", "LEVEL_ID": "CQ3.L00", "FACILITY_ID": "CQ3", "ELEVATION_RELATIVE": 0.0}}, {"type": "Feature", "geometry": {"type": "LineString", "coordinates": [[-5.92067015, 54.60407843], [-5.9206538, 54.60407167]]}, "properties": {"DETAIL_ID": "CQ3.L00.W132", "USE_TYPE": "Wall", "LEVEL_ID": "CQ3.L00", "FACILITY_ID": "CQ3", "ELEVATION_RELATIVE": 0.0}}, {"type": "Feature", "geometry": {"type": "LineString", "coordinates": [[-5.92067244, 54.60407657], [-5.92065608, 54.60406981]]}, "properties": {"DETAIL_ID": "CQ3.L00.W133", "USE_TYPE": "Wall", "LEVEL_ID": "CQ3.L00", "FACILITY_ID": "CQ3", "ELEVATION_RELATIVE": 0.0}}, {"type": "Feature", "geometry": {"type": "LineString", "coordinates": [[-5.92067465, 54.60407477], [-5.9206583, 54.60406802]]}, "properties": {"DETAIL_ID": "CQ3.L00.W134", "USE_TYPE": "Wall", "LEVEL_ID": "CQ3.L00", "FACILITY_ID": "CQ3", "ELEVATION_RELATIVE": 0.0}}, {"type": "Feature", "geometry": {"type": "LineString", "coordinates": [[-5.92067694, 54.60407292], [-5.92066058, 54.60406616]]}, "properties": {"DETAIL_ID": "CQ3.L00.W135", "USE_TYPE": "Wall", "LEVEL_ID": "CQ3.L00", "FACILITY_ID": "CQ3", "ELEVATION_RELATIVE": 0.0}}, {"type": "Feature", "geometry": {"type": "LineString", "coordinates": [[-5.92067915, 54.60407112], [-5.92066279, 54.60406436]]}, "properties": {"DETAIL_ID": "CQ3.L00.W136", "USE_TYPE": "Wall", "LEVEL_ID": "CQ3.L00", "FACILITY_ID": "CQ3", "ELEVATION_RELATIVE": 0.0}}, {"type": "Feature", "geometry": {"type": "LineString", "coordinates": [[-5.92068144, 54.60406926], [-5.92066508, 54.60406251]]}, "properties": {"DETAIL_ID": "CQ3.L00.W137", "USE_TYPE": "Wall", "LEVEL_ID": "CQ3.L00", "FACILITY_ID": "CQ3", "ELEVATION_RELATIVE": 0.0}}, {"type": "Feature", "geometry": {"type": "LineString", "coordinates": [[-5.92069715, 54.60405651], [-5.9206593, 54.60404087]]}, "properties": {"DETAIL_ID": "CQ3.L00.W138", "USE_TYPE": "Wall", "LEVEL_ID": "CQ3.L00", "FACILITY_ID": "CQ3", "ELEVATION_RELATIVE": 0.0}}, {"type": "Feature", "geometry": {"type": "LineString", "coordinates": [[-5.92068365, 54.60406747], [-5.92066729, 54.60406071]]}, "properties": {"DETAIL_ID": "CQ3.L00.W139", "USE_TYPE": "Wall", "LEVEL_ID": "CQ3.L00", "FACILITY_ID": "CQ3", "ELEVATION_RELATIVE": 0.0}}, {"type": "Feature", "geometry": {"type": "LineString", "coordinates": [[-5.92065164, 54.60406714], [-5.92063528, 54.60406038]]}, "properties": {"DETAIL_ID": "CQ3.L00.W140", "USE_TYPE": "Wall", "LEVEL_ID": "CQ3.L00", "FACILITY_ID": "CQ3", "ELEVATION_RELATIVE": 0.0}}, {"type": "Feature", "geometry": {"type": "LineString", "coordinates": [[-5.92064935, 54.60406899], [-5.920633, 54.60406224]]}, "properties": {"DETAIL_ID": "CQ3.L00.W141", "USE_TYPE": "Wall", "LEVEL_ID": "CQ3.L00", "FACILITY_ID": "CQ3", "ELEVATION_RELATIVE": 0.0}}, {"type": "Feature", "geometry": {"type": "LineString", "coordinates": [[-5.92068312, 54.60405781], [-5.92066174, 54.60404898]]}, "properties": {"DETAIL_ID": "CQ3.L00.W142", "USE_TYPE": "Wall", "LEVEL_ID": "CQ3.L00", "FACILITY_ID": "CQ3", "ELEVATION_RELATIVE": 0.0}}, {"type": "Feature", "geometry": {"type": "LineString", "coordinates": [[-5.92025638, 54.60395353], [-5.92018433, 54.60392376]]}, "properties": {"DETAIL_ID": "CQ3.L00.W143", "USE_TYPE": "Wall", "LEVEL_ID": "CQ3.L00", "FACILITY_ID": "CQ3", "ELEVATION_RELATIVE": 0.0}}, {"type": "Feature", "geometry": {"type": "LineString", "coordinates": [[-5.92025874, 54.60395161], [-5.92018669, 54.60392184]]}, "properties": {"DETAIL_ID": "CQ3.L00.W144", "USE_TYPE": "Wall", "LEVEL_ID": "CQ3.L00", "FACILITY_ID": "CQ3", "ELEVATION_RELATIVE": 0.0}}, {"type": "Feature", "geometry": {"type": "LineString", "coordinates": [[-5.92070882, 54.60416307], [-5.92060641, 54.60412076]]}, "properties": {"DETAIL_ID": "CQ3.L00.W145", "USE_TYPE": "Wall", "LEVEL_ID": "CQ3.L00", "FACILITY_ID": "CQ3", "ELEVATION_RELATIVE": 0.0}}, {"type": "Feature", "geometry": {"type": "LineString", "coordinates": [[-5.92070646, 54.60416499], [-5.92060405, 54.60412268]]}, "properties": {"DETAIL_ID": "CQ3.L00.W146", "USE_TYPE": "Wall", "LEVEL_ID": "CQ3.L00", "FACILITY_ID": "CQ3", "ELEVATION_RELATIVE": 0.0}}, {"type": "Feature", "geometry": {"type": "LineString", "coordinates": [[-5.92054557, 54.60409852], [-5.92047833, 54.60407074]]}, "properties": {"DETAIL_ID": "CQ3.L00.W147", "USE_TYPE": "Wall", "LEVEL_ID": "CQ3.L00", "FACILITY_ID": "CQ3", "ELEVATION_RELATIVE": 0.0}}, {"type": "Feature", "geometry": {"type": "LineString", "coordinates": [[-5.92054537, 54.60409554], [-5.9204807, 54.60406882]]}, "properties": {"DETAIL_ID": "CQ3.L00.W148", "USE_TYPE": "Wall", "LEVEL_ID": "CQ3.L00", "FACILITY_ID": "CQ3", "ELEVATION_RELATIVE": 0.0}}, {"type": "Feature", "geometry": {"type": "LineString", "coordinates": [[-5.92058087, 54.6041415], [-5.92052239, 54.60411734]]}, "properties": {"DETAIL_ID": "CQ3.L00.W149", "USE_TYPE": "Wall", "LEVEL_ID": "CQ3.L00", "FACILITY_ID": "CQ3", "ELEVATION_RELATIVE": 0.0}}, {"type": "Feature", "geometry": {"type": "LineString", "coordinates": [[-5.92057896, 54.60414305], [-5.92051771, 54.60411774]]}, "properties": {"DETAIL_ID": "CQ3.L00.W150", "USE_TYPE": "Wall", "LEVEL_ID": "CQ3.L00", "FACILITY_ID": "CQ3", "ELEVATION_RELATIVE": 0.0}}, {"type": "Feature", "geometry": {"type": "LineString", "coordinates": [[-5.92037517, 54.60402485], [-5.92032974, 54.60400608]]}, "properties": {"DETAIL_ID": "CQ3.L00.W151", "USE_TYPE": "Wall", "LEVEL_ID": "CQ3.L00", "FACILITY_ID": "CQ3", "ELEVATION_RELATIVE": 0.0}}, {"type": "Feature", "geometry": {"type": "LineString", "coordinates": [[-5.92037615, 54.60402824], [-5.92031842, 54.60400439]]}, "properties": {"DETAIL_ID": "CQ3.L00.W152", "USE_TYPE": "Wall", "LEVEL_ID": "CQ3.L00", "FACILITY_ID": "CQ3", "ELEVATION_RELATIVE": 0.0}}, {"type": "Feature", "geometry": {"type": "LineString", "coordinates": [[-5.92030793, 54.60399707], [-5.92016618, 54.6039385]]}, "properties": {"DETAIL_ID": "CQ3.L00.W153", "USE_TYPE": "Wall", "LEVEL_ID": "CQ3.L00", "FACILITY_ID": "CQ3", "ELEVATION_RELATIVE": 0.0}}, {"type": "Feature", "geometry": {"type": "LineString", "coordinates": [[-5.92030549, 54.60399905], [-5.92016374, 54.60394048]]}, "properties": {"DETAIL_ID": "CQ3.L00.W154", "USE_TYPE": "Wall", "LEVEL_ID": "CQ3.L00", "FACILITY_ID": "CQ3", "ELEVATION_RELATIVE": 0.0}}, {"type": "Feature", "geometry": {"type": "LineString", "coordinates": [[-5.92076982, 54.60411026], [-5.92070055, 54.60408164]]}, "properties": {"DETAIL_ID": "CQ3.L00.W155", "USE_TYPE": "Wall", "LEVEL_ID": "CQ3.L00", "FACILITY_ID": "CQ3", "ELEVATION_RELATIVE": 0.0}}, {"type": "Feature", "geometry": {"type": "LineString", "coordinates": [[-5.92076784, 54.60411187], [-5.92069857, 54.60408325]]}, "properties": {"DETAIL_ID": "CQ3.L00.W156", "USE_TYPE": "Wall", "LEVEL_ID": "CQ3.L00", "FACILITY_ID": "CQ3", "ELEVATION_RELATIVE": 0.0}}, {"type": "Feature", "geometry": {"type": "LineString", "coordinates": [[-5.92034506, 54.60388152], [-5.9202636, 54.60384786]]}, "properties": {"DETAIL_ID": "CQ3.L00.W157", "USE_TYPE": "Wall", "LEVEL_ID": "CQ3.L00", "FACILITY_ID": "CQ3", "ELEVATION_RELATIVE": 0.0}}, {"type": "Feature", "geometry": {"type": "LineString", "coordinates": [[-5.92034246, 54.60388362], [-5.92026101, 54.60384997]]}, "properties": {"DETAIL_ID": "CQ3.L00.W158", "USE_TYPE": "Wall", "LEVEL_ID": "CQ3.L00", "FACILITY_ID": "CQ3", "ELEVATION_RELATIVE": 0.0}}, {"type": "Feature", "geometry": {"type": "LineString", "coordinates": [[-5.92039783, 54.60390743], [-5.92036437, 54.60389361]]}, "properties": {"DETAIL_ID": "CQ3.L00.W159", "USE_TYPE": "Wall", "LEVEL_ID": "CQ3.L00", "FACILITY_ID": "CQ3", "ELEVATION_RELATIVE": 0.0}}, {"type": "Feature", "geometry": {"type": "LineString", "coordinates": [[-5.92036062, 54.60389206], [-5.92034544, 54.60388579]]}, "properties": {"DETAIL_ID": "CQ3.L00.W160", "USE_TYPE": "Wall", "LEVEL_ID": "CQ3.L00", "FACILITY_ID": "CQ3", "ELEVATION_RELATIVE": 0.0}}, {"type": "Feature", "geometry": {"type": "LineString", "coordinates": [[-5.92041065, 54.60390946], [-5.92034437, 54.60388208]]}, "properties": {"DETAIL_ID": "CQ3.L00.W161", "USE_TYPE": "Wall", "LEVEL_ID": "CQ3.L00", "FACILITY_ID": "CQ3", "ELEVATION_RELATIVE": 0.0}}, {"type": "Feature", "geometry": {"type": "LineString", "coordinates": [[-5.92051873, 54.60395738], [-5.92048709, 54.60394431]]}, "properties": {"DETAIL_ID": "CQ3.L00.W162", "USE_TYPE": "Wall", "LEVEL_ID": "CQ3.L00", "FACILITY_ID": "CQ3", "ELEVATION_RELATIVE": 0.0}}, {"type": "Feature", "geometry": {"type": "LineString", "coordinates": [[-5.92048324, 54.60394272], [-5.92043129, 54.60392126]]}, "properties": {"DETAIL_ID": "CQ3.L00.W163", "USE_TYPE": "Wall", "LEVEL_ID": "CQ3.L00", "FACILITY_ID": "CQ3", "ELEVATION_RELATIVE": 0.0}}, {"type": "Feature", "geometry": {"type": "LineString", "coordinates": [[-5.92052514, 54.60395676], [-5.92043395, 54.60391909]]}, "properties": {"DETAIL_ID": "CQ3.L00.W164", "USE_TYPE": "Wall", "LEVEL_ID": "CQ3.L00", "FACILITY_ID": "CQ3", "ELEVATION_RELATIVE": 0.0}}, {"type": "Feature", "geometry": {"type": "LineString", "coordinates": [[-5.92065097, 54.60401202], [-5.92059901, 54.60399055]]}, "properties": {"DETAIL_ID": "CQ3.L00.W165", "USE_TYPE": "Wall", "LEVEL_ID": "CQ3.L00", "FACILITY_ID": "CQ3", "ELEVATION_RELATIVE": 0.0}}, {"type": "Feature", "geometry": {"type": "LineString", "coordinates": [[-5.92059527, 54.60398901], [-5.92056352, 54.60397589]]}, "properties": {"DETAIL_ID": "CQ3.L00.W166", "USE_TYPE": "Wall", "LEVEL_ID": "CQ3.L00", "FACILITY_ID": "CQ3", "ELEVATION_RELATIVE": 0.0}}, {"type": "Feature", "geometry": {"type": "LineString", "coordinates": [[-5.92065364, 54.60400985], [-5.92056245, 54.60397218]]}, "properties": {"DETAIL_ID": "CQ3.L00.W167", "USE_TYPE": "Wall", "LEVEL_ID": "CQ3.L00", "FACILITY_ID": "CQ3", "ELEVATION_RELATIVE": 0.0}}, {"type": "Feature", "geometry": {"type": "LineString", "coordinates": [[-5.92073681, 54.60404748], [-5.92072173, 54.60404126]]}, "properties": {"DETAIL_ID": "CQ3.L00.W168", "USE_TYPE": "Wall", "LEVEL_ID": "CQ3.L00", "FACILITY_ID": "CQ3", "ELEVATION_RELATIVE": 0.0}}, {"type": "Feature", "geometry": {"type": "LineString", "coordinates": [[-5.92071789, 54.60403967], [-5.92068881, 54.60402765]]}, "properties": {"DETAIL_ID": "CQ3.L00.W169", "USE_TYPE": "Wall", "LEVEL_ID": "CQ3.L00", "FACILITY_ID": "CQ3", "ELEVATION_RELATIVE": 0.0}}, {"type": "Feature", "geometry": {"type": "LineString", "coordinates": [[-5.92068635, 54.60402664], [-5.92067438, 54.60402169]]}, "properties": {"DETAIL_ID": "CQ3.L00.W170", "USE_TYPE": "Wall", "LEVEL_ID": "CQ3.L00", "FACILITY_ID": "CQ3", "ELEVATION_RELATIVE": 0.0}}, {"type": "Feature", "geometry": {"type": "LineString", "coordinates": [[-5.92074333, 54.60404691], [-5.92067705, 54.60401952]]}, "properties": {"DETAIL_ID": "CQ3.L00.W171", "USE_TYPE": "Wall", "LEVEL_ID": "CQ3.L00", "FACILITY_ID": "CQ3", "ELEVATION_RELATIVE": 0.0}}, {"type": "Feature", "geometry": {"type": "LineString", "coordinates": [[-5.92065461, 54.60411423], [-5.92063954, 54.60410801]]}, "properties": {"DETAIL_ID": "CQ3.L00.W172", "USE_TYPE": "Wall", "LEVEL_ID": "CQ3.L00", "FACILITY_ID": "CQ3", "ELEVATION_RELATIVE": 0.0}}, {"type": "Feature", "geometry": {"type": "LineString", "coordinates": [[-5.92065579, 54.60411799], [-5.92063302, 54.60410858]]}, "properties": {"DETAIL_ID": "CQ3.L00.W173", "USE_TYPE": "Wall", "LEVEL_ID": "CQ3.L00", "FACILITY_ID": "CQ3", "ELEVATION_RELATIVE": 0.0}}, {"type": "Feature", "geometry": {"type": "LineString", "coordinates": [[-5.92061281, 54.60409696], [-5.92059784, 54.60409078]]}, "properties": {"DETAIL_ID": "CQ3.L00.W174", "USE_TYPE": "Wall", "LEVEL_ID": "CQ3.L00", "FACILITY_ID": "CQ3", "ELEVATION_RELATIVE": 0.0}}, {"type": "Feature", "geometry": {"type": "LineString", "coordinates": [[-5.92061271, 54.60410019], [-5.92059133, 54.60409136]]}, "properties": {"DETAIL_ID": "CQ3.L00.W175", "USE_TYPE": "Wall", "LEVEL_ID": "CQ3.L00", "FACILITY_ID": "CQ3", "ELEVATION_RELATIVE": 0.0}}, {"type": "Feature", "geometry": {"type": "LineString", "coordinates": [[-5.92047758, 54.60404109], [-5.92044027, 54.60402568]]}, "properties": {"DETAIL_ID": "CQ3.L00.W176", "USE_TYPE": "Wall", "LEVEL_ID": "CQ3.L00", "FACILITY_ID": "CQ3", "ELEVATION_RELATIVE": 0.0}}, {"type": "Feature", "geometry": {"type": "LineString", "coordinates": [[-5.92051307, 54.60405576], [-5.92048132, 54.60404264]]}, "properties": {"DETAIL_ID": "CQ3.L00.W177", "USE_TYPE": "Wall", "LEVEL_ID": "CQ3.L00", "FACILITY_ID": "CQ3", "ELEVATION_RELATIVE": 0.0}}, {"type": "Feature", "geometry": {"type": "LineString", "coordinates": [[-5.92051479, 54.60405973], [-5.92042916, 54.60402436]]}, "properties": {"DETAIL_ID": "CQ3.L00.W178", "USE_TYPE": "Wall", "LEVEL_ID": "CQ3.L00", "FACILITY_ID": "CQ3", "ELEVATION_RELATIVE": 0.0}}, {"type": "Feature", "geometry": {"type": "LineString", "coordinates": [[-5.92056781, 54.60407837], [-5.92053167, 54.60406344]]}, "properties": {"DETAIL_ID": "CQ3.L00.W179", "USE_TYPE": "Wall", "LEVEL_ID": "CQ3.L00", "FACILITY_ID": "CQ3", "ELEVATION_RELATIVE": 0.0}}, {"type": "Feature", "geometry": {"type": "LineString", "coordinates": [[-5.92056514, 54.60408054], [-5.920529, 54.60406561]]}, "properties": {"DETAIL_ID": "CQ3.L00.W180", "USE_TYPE": "Wall", "LEVEL_ID": "CQ3.L00", "FACILITY_ID": "CQ3", "ELEVATION_RELATIVE": 0.0}}, {"type": "Feature", "geometry": {"type": "LineString", "coordinates": [[-5.92038041, 54.60400095], [-5.92035005, 54.6039884]]}, "properties": {"DETAIL_ID": "CQ3.L00.W181", "USE_TYPE": "Wall", "LEVEL_ID": "CQ3.L00", "FACILITY_ID": "CQ3", "ELEVATION_RELATIVE": 0.0}}, {"type": "Feature", "geometry": {"type": "LineString", "coordinates": [[-5.92037774, 54.60400311], [-5.92034738, 54.60399057]]}, "properties": {"DETAIL_ID": "CQ3.L00.W182", "USE_TYPE": "Wall", "LEVEL_ID": "CQ3.L00", "FACILITY_ID": "CQ3", "ELEVATION_RELATIVE": 0.0}}, {"type": "Feature", "geometry": {"type": "LineString", "coordinates": [[-5.92043183, 54.60402219], [-5.92040489, 54.60401106]]}, "properties": {"DETAIL_ID": "CQ3.L00.W183", "USE_TYPE": "Wall", "LEVEL_ID": "CQ3.L00", "FACILITY_ID": "CQ3", "ELEVATION_RELATIVE": 0.0}}, {"type": "Feature", "geometry": {"type": "LineString", "coordinates": [[-5.92042916, 54.60402436], [-5.92039196, 54.60400899]]}, "properties": {"DETAIL_ID": "CQ3.L00.W184", "USE_TYPE": "Wall", "LEVEL_ID": "CQ3.L00", "FACILITY_ID": "CQ3", "ELEVATION_RELATIVE": 0.0}}, {"type": "Feature", "geometry": {"type": "LineString", "coordinates": [[-5.92032001, 54.60397599], [-5.92030376, 54.60396928]]}, "properties": {"DETAIL_ID": "CQ3.L00.W185", "USE_TYPE": "Wall", "LEVEL_ID": "CQ3.L00", "FACILITY_ID": "CQ3", "ELEVATION_RELATIVE": 0.0}}, {"type": "Feature", "geometry": {"type": "LineString", "coordinates": [[-5.92032119, 54.60397975], [-5.92029853, 54.60397038]]}, "properties": {"DETAIL_ID": "CQ3.L00.W186", "USE_TYPE": "Wall", "LEVEL_ID": "CQ3.L00", "FACILITY_ID": "CQ3", "ELEVATION_RELATIVE": 0.0}}, {"type": "Feature", "geometry": {"type": "LineString", "coordinates": [[-5.92027842, 54.60395881], [-5.92026324, 54.60395254]]}, "properties": {"DETAIL_ID": "CQ3.L00.W187", "USE_TYPE": "Wall", "LEVEL_ID": "CQ3.L00", "FACILITY_ID": "CQ3", "ELEVATION_RELATIVE": 0.0}}, {"type": "Feature", "geometry": {"type": "LineString", "coordinates": [[-5.9202795, 54.60396252], [-5.92025683, 54.60395316]]}, "properties": {"DETAIL_ID": "CQ3.L00.W188", "USE_TYPE": "Wall", "LEVEL_ID": "CQ3.L00", "FACILITY_ID": "CQ3", "ELEVATION_RELATIVE": 0.0}}, {"type": "Feature", "geometry": {"type": "LineString", "coordinates": [[-5.92038101, 54.60392646], [-5.92034317, 54.60391082]]}, "properties": {"DETAIL_ID": "CQ3.L00.W189", "USE_TYPE": "Wall", "LEVEL_ID": "CQ3.L00", "FACILITY_ID": "CQ3", "ELEVATION_RELATIVE": 0.0}}, {"type": "Feature", "geometry": {"type": "LineString", "coordinates": [[-5.92037937, 54.60392242], [-5.92034591, 54.60390859]]}, "properties": {"DETAIL_ID": "CQ3.L00.W190", "USE_TYPE": "Wall", "LEVEL_ID": "CQ3.L00", "FACILITY_ID": "CQ3", "ELEVATION_RELATIVE": 0.0}}, {"type": "Feature", "geometry": {"type": "LineString", "coordinates": [[-5.92046452, 54.60400141], [-5.92043287, 54.60398834]]}, "properties": {"DETAIL_ID": "CQ3.L00.W191", "USE_TYPE": "Wall", "LEVEL_ID": "CQ3.L00", "FACILITY_ID": "CQ3", "ELEVATION_RELATIVE": 0.0}}, {"type": "Feature", "geometry": {"type": "LineString", "coordinates": [[-5.92046269, 54.60400289], [-5.92043104, 54.60398982]]}, "properties": {"DETAIL_ID": "CQ3.L00.W192", "USE_TYPE": "Wall", "LEVEL_ID": "CQ3.L00", "FACILITY_ID": "CQ3", "ELEVATION_RELATIVE": 0.0}}, {"type": "Feature", "geometry": {"type": "LineString", "coordinates": [[-5.92049258, 54.60397862], [-5.92046093, 54.60396555]]}, "properties": {"DETAIL_ID": "CQ3.L00.W193", "USE_TYPE": "Wall", "LEVEL_ID": "CQ3.L00", "FACILITY_ID": "CQ3", "ELEVATION_RELATIVE": 0.0}}, {"type": "Feature", "geometry": {"type": "LineString", "coordinates": [[-5.92049075, 54.60398011], [-5.9204591, 54.60396703]]}, "properties": {"DETAIL_ID": "CQ3.L00.W194", "USE_TYPE": "Wall", "LEVEL_ID": "CQ3.L00", "FACILITY_ID": "CQ3", "ELEVATION_RELATIVE": 0.0}}, {"type": "Feature", "geometry": {"type": "LineString", "coordinates": [[-5.92056912, 54.60401025], [-5.92053737, 54.60399713]]}, "properties": {"DETAIL_ID": "CQ3.L00.W195", "USE_TYPE": "Wall", "LEVEL_ID": "CQ3.L00", "FACILITY_ID": "CQ3", "ELEVATION_RELATIVE": 0.0}}, {"type": "Feature", "geometry": {"type": "LineString", "coordinates": [[-5.92056729, 54.60401173], [-5.92053554, 54.60399861]]}, "properties": {"DETAIL_ID": "CQ3.L00.W196", "USE_TYPE": "Wall", "LEVEL_ID": "CQ3.L00", "FACILITY_ID": "CQ3", "ELEVATION_RELATIVE": 0.0}}, {"type": "Feature", "geometry": {"type": "LineString", "coordinates": [[-5.92054106, 54.60403303], [-5.92050931, 54.60401991]]}, "properties": {"DETAIL_ID": "CQ3.L00.W197", "USE_TYPE": "Wall", "LEVEL_ID": "CQ3.L00", "FACILITY_ID": "CQ3", "ELEVATION_RELATIVE": 0.0}}, {"type": "Feature", "geometry": {"type": "LineString", "coordinates": [[-5.92053923, 54.60403452], [-5.92050748, 54.6040214]]}, "properties": {"DETAIL_ID": "CQ3.L00.W198", "USE_TYPE": "Wall", "LEVEL_ID": "CQ3.L00", "FACILITY_ID": "CQ3", "ELEVATION_RELATIVE": 0.0}}, {"type": "Feature", "geometry": {"type": "LineString", "coordinates": [[-5.92069669, 54.60405688], [-5.92065885, 54.60404125]]}, "properties": {"DETAIL_ID": "CQ3.L00.W199", "USE_TYPE": "Wall", "LEVEL_ID": "CQ3.L00", "FACILITY_ID": "CQ3", "ELEVATION_RELATIVE": 0.0}}, {"type": "Feature", "geometry": {"type": "LineString", "coordinates": [[-5.92069943, 54.60405465], [-5.92067036, 54.60404264]]}, "properties": {"DETAIL_ID": "CQ3.L00.W200", "USE_TYPE": "Wall", "LEVEL_ID": "CQ3.L00", "FACILITY_ID": "CQ3", "ELEVATION_RELATIVE": 0.0}}, {"type": "Feature", "geometry": {"type": "LineString", "coordinates": [[-5.92031861, 54.60392618], [-5.92030343, 54.60391991]]}, "properties": {"DETAIL_ID": "CQ3.L00.W201", "USE_TYPE": "Wall", "LEVEL_ID": "CQ3.L00", "FACILITY_ID": "CQ3", "ELEVATION_RELATIVE": 0.0}}, {"type": "Feature", "geometry": {"type": "LineString", "coordinates": [[-5.92032044, 54.60392469], [-5.92030526, 54.60391842]]}, "properties": {"DETAIL_ID": "CQ3.L00.W202", "USE_TYPE": "Wall", "LEVEL_ID": "CQ3.L00", "FACILITY_ID": "CQ3", "ELEVATION_RELATIVE": 0.0}}, {"type": "Feature", "geometry": {"type": "LineString", "coordinates": [[-5.92069479, 54.6040816], [-5.92067972, 54.60407537]]}, "properties": {"DETAIL_ID": "CQ3.L00.W203", "USE_TYPE": "Wall", "LEVEL_ID": "CQ3.L00", "FACILITY_ID": "CQ3", "ELEVATION_RELATIVE": 0.0}}, {"type": "Feature", "geometry": {"type": "LineString", "coordinates": [[-5.92069662, 54.60408012], [-5.92068155, 54.60407389]]}, "properties": {"DETAIL_ID": "CQ3.L00.W204", "USE_TYPE": "Wall", "LEVEL_ID": "CQ3.L00", "FACILITY_ID": "CQ3", "ELEVATION_RELATIVE": 0.0}}, {"type": "Feature", "geometry": {"type": "LineString", "coordinates": [[-5.92019314, 54.60402531], [-5.92010719, 54.6039898]]}, "properties": {"DETAIL_ID": "CQ3.L00.W205", "USE_TYPE": "Wall", "LEVEL_ID": "CQ3.L00", "FACILITY_ID": "CQ3", "ELEVATION_RELATIVE": 0.0}}, {"type": "Feature", "geometry": {"type": "LineString", "coordinates": [[-5.92019116, 54.60402692], [-5.92010243, 54.60399026]]}, "properties": {"DETAIL_ID": "CQ3.L00.W206", "USE_TYPE": "Wall", "LEVEL_ID": "CQ3.L00", "FACILITY_ID": "CQ3", "ELEVATION_RELATIVE": 0.0}}, {"type": "Feature", "geometry": {"type": "LineString", "coordinates": [[-5.92026893, 54.60405663], [-5.92021773, 54.60403547]]}, "properties": {"DETAIL_ID": "CQ3.L00.W207", "USE_TYPE": "Wall", "LEVEL_ID": "CQ3.L00", "FACILITY_ID": "CQ3", "ELEVATION_RELATIVE": 0.0}}, {"type": "Feature", "geometry": {"type": "LineString", "coordinates": [[-5.92026695, 54.60405824], [-5.92021575, 54.60403708]]}, "properties": {"DETAIL_ID": "CQ3.L00.W208", "USE_TYPE": "Wall", "LEVEL_ID": "CQ3.L00", "FACILITY_ID": "CQ3", "ELEVATION_RELATIVE": 0.0}}, {"type": "Feature", "geometry": {"type": "LineString", "coordinates": [[-5.92034751, 54.60408909], [-5.92029352, 54.60406679]]}, "properties": {"DETAIL_ID": "CQ3.L00.W209", "USE_TYPE": "Wall", "LEVEL_ID": "CQ3.L00", "FACILITY_ID": "CQ3", "ELEVATION_RELATIVE": 0.0}}, {"type": "Feature", "geometry": {"type": "LineString", "coordinates": [[-5.92034552, 54.6040907], [-5.92029154, 54.6040684]]}, "properties": {"DETAIL_ID": "CQ3.L00.W210", "USE_TYPE": "Wall", "LEVEL_ID": "CQ3.L00", "FACILITY_ID": "CQ3", "ELEVATION_RELATIVE": 0.0}}, {"type": "Feature", "geometry": {"type": "LineString", "coordinates": [[-5.92041411, 54.60411661], [-5.92039486, 54.60410866]]}, "properties": {"DETAIL_ID": "CQ3.L00.W211", "USE_TYPE": "Wall", "LEVEL_ID": "CQ3.L00", "FACILITY_ID": "CQ3", "ELEVATION_RELATIVE": 0.0}}, {"type": "Feature", "geometry": {"type": "LineString", "coordinates": [[-5.92041212, 54.60411822], [-5.92039288, 54.60411027]]}, "properties": {"DETAIL_ID": "CQ3.L00.W212", "USE_TYPE": "Wall", "LEVEL_ID": "CQ3.L00", "FACILITY_ID": "CQ3", "ELEVATION_RELATIVE": 0.0}}, {"type": "Feature", "geometry": {"type": "LineString", "coordinates": [[-5.92045826, 54.60413485], [-5.92043239, 54.60412416]]}, "properties": {"DETAIL_ID": "CQ3.L00.W213", "USE_TYPE": "Wall", "LEVEL_ID": "CQ3.L00", "FACILITY_ID": "CQ3", "ELEVATION_RELATIVE": 0.0}}, {"type": "Feature", "geometry": {"type": "LineString", "coordinates": [[-5.92045627, 54.60413646], [-5.9204304, 54.60412577]]}, "properties": {"DETAIL_ID": "CQ3.L00.W214", "USE_TYPE": "Wall", "LEVEL_ID": "CQ3.L00", "FACILITY_ID": "CQ3", "ELEVATION_RELATIVE": 0.0}}, {"type": "Feature", "geometry": {"type": "LineString", "coordinates": [[-5.92051513, 54.60415834], [-5.92048295, 54.60414505]]}, "properties": {"DETAIL_ID": "CQ3.L00.W215", "USE_TYPE": "Wall", "LEVEL_ID": "CQ3.L00", "FACILITY_ID": "CQ3", "ELEVATION_RELATIVE": 0.0}}, {"type": "Feature", "geometry": {"type": "LineString", "coordinates": [[-5.92051314, 54.60415995], [-5.92048097, 54.60414666]]}, "properties": {"DETAIL_ID": "CQ3.L00.W216", "USE_TYPE": "Wall", "LEVEL_ID": "CQ3.L00", "FACILITY_ID": "CQ3", "ELEVATION_RELATIVE": 0.0}}, {"type": "Feature", "geometry": {"type": "LineString", "coordinates": [[-5.92057756, 54.60418414], [-5.92053971, 54.6041685]]}, "properties": {"DETAIL_ID": "CQ3.L00.W217", "USE_TYPE": "Wall", "LEVEL_ID": "CQ3.L00", "FACILITY_ID": "CQ3", "ELEVATION_RELATIVE": 0.0}}, {"type": "Feature", "geometry": {"type": "LineString", "coordinates": [[-5.92057557, 54.60418575], [-5.92053773, 54.60417011]]}, "properties": {"DETAIL_ID": "CQ3.L00.W218", "USE_TYPE": "Wall", "LEVEL_ID": "CQ3.L00", "FACILITY_ID": "CQ3", "ELEVATION_RELATIVE": 0.0}}, {"type": "Feature", "geometry": {"type": "LineString", "coordinates": [[-5.92064469, 54.60421187], [-5.92062876, 54.60420529]]}, "properties": {"DETAIL_ID": "CQ3.L00.W219", "USE_TYPE": "Wall", "LEVEL_ID": "CQ3.L00", "FACILITY_ID": "CQ3", "ELEVATION_RELATIVE": 0.0}}, {"type": "Feature", "geometry": {"type": "LineString", "coordinates": [[-5.92064538, 54.60421459], [-5.92062678, 54.6042069]]}, "properties": {"DETAIL_ID": "CQ3.L00.W220", "USE_TYPE": "Wall", "LEVEL_ID": "CQ3.L00", "FACILITY_ID": "CQ3", "ELEVATION_RELATIVE": 0.0}}, {"type": "Feature", "geometry": {"type": "LineString", "coordinates": [[-5.92072728, 54.60414809], [-5.92065533, 54.60411836]]}, "properties": {"DETAIL_ID": "CQ3.L00.W221", "USE_TYPE": "Wall", "LEVEL_ID": "CQ3.L00", "FACILITY_ID": "CQ3", "ELEVATION_RELATIVE": 0.0}}, {"type": "Feature", "geometry": {"type": "LineString", "coordinates": [[-5.92072964, 54.60414617], [-5.92065769, 54.60411644]]}, "properties": {"DETAIL_ID": "CQ3.L00.W222", "USE_TYPE": "Wall", "LEVEL_ID": "CQ3.L00", "FACILITY_ID": "CQ3", "ELEVATION_RELATIVE": 0.0}}, {"type": "Feature", "geometry": {"type": "LineString", "coordinates": [[-5.92030095, 54.60391655], [-5.92023232, 54.60388819]]}, "properties": {"DETAIL_ID": "CQ3.L00.W223", "USE_TYPE": "Wall", "LEVEL_ID": "CQ3.L00", "FACILITY_ID": "CQ3", "ELEVATION_RELATIVE": 0.0}}, {"type": "Feature", "geometry": {"type": "LineString", "coordinates": [[-5.92029897, 54.60391816], [-5.92023034, 54.6038898]]}, "properties": {"DETAIL_ID": "CQ3.L00.W224", "USE_TYPE": "Wall", "LEVEL_ID": "CQ3.L00", "FACILITY_ID": "CQ3", "ELEVATION_RELATIVE": 0.0}}, {"type": "Feature", "geometry": {"type": "LineString", "coordinates": [[-5.92050726, 54.60413631], [-5.92046204, 54.60411763]]}, "properties": {"DETAIL_ID": "CQ3.L00.W225", "USE_TYPE": "Wall", "LEVEL_ID": "CQ3.L00", "FACILITY_ID": "CQ3", "ELEVATION_RELATIVE": 0.0}}, {"type": "Feature", "geometry": {"type": "LineString", "coordinates": [[-5.92050535, 54.60413786], [-5.92046013, 54.60411918]]}, "properties": {"DETAIL_ID": "CQ3.L00.W226", "USE_TYPE": "Wall", "LEVEL_ID": "CQ3.L00", "FACILITY_ID": "CQ3", "ELEVATION_RELATIVE": 0.0}}, {"type": "Feature", "geometry": {"type": "LineString", "coordinates": [[-5.92046933, 54.60405749], [-5.9204504, 54.60404967]]}, "properties": {"DETAIL_ID": "CQ3.L00.W227", "USE_TYPE": "Wall", "LEVEL_ID": "CQ3.L00", "FACILITY_ID": "CQ3", "ELEVATION_RELATIVE": 0.0}}, {"type": "Feature", "geometry": {"type": "LineString", "coordinates": [[-5.92046734, 54.6040591], [-5.92044842, 54.60405128]]}, "properties": {"DETAIL_ID": "CQ3.L00.W228", "USE_TYPE": "Wall", "LEVEL_ID": "CQ3.L00", "FACILITY_ID": "CQ3", "ELEVATION_RELATIVE": 0.0}}, {"type": "Feature", "geometry": {"type": "LineString", "coordinates": [[-5.92069458, 54.60405707], [-5.92065923, 54.60404247]]}, "properties": {"DETAIL_ID": "CQ3.L00.W229", "USE_TYPE": "Wall", "LEVEL_ID": "CQ3.L00", "FACILITY_ID": "CQ3", "ELEVATION_RELATIVE": 0.0}}, {"type": "Feature", "geometry": {"type": "LineString", "coordinates": [[-5.9206935, 54.60405718], [-5.92065941, 54.60404309]]}, "properties": {"DETAIL_ID": "CQ3.L00.W230", "USE_TYPE": "Wall", "LEVEL_ID": "CQ3.L00", "FACILITY_ID": "CQ3", "ELEVATION_RELATIVE": 0.0}}, {"type": "Feature", "geometry": {"type": "LineString", "coordinates": [[-5.92037893, 54.60392666], [-5.92034358, 54.60391205]]}, "properties": {"DETAIL_ID": "CQ3.L00.W231", "USE_TYPE": "Wall", "LEVEL_ID": "CQ3.L00", "FACILITY_ID": "CQ3", "ELEVATION_RELATIVE": 0.0}}, {"type": "Feature", "geometry": {"type": "LineString", "coordinates": [[-5.92037785, 54.60392676], [-5.92034376, 54.60391268]]}, "properties": {"DETAIL_ID": "CQ3.L00.W232", "USE_TYPE": "Wall", "LEVEL_ID": "CQ3.L00", "FACILITY_ID": "CQ3", "ELEVATION_RELATIVE": 0.0}}, {"type": "Feature", "geometry": {"type": "LineString", "coordinates": [[-5.92059894, 54.60409067], [-5.92061069, 54.60408114]]}, "properties": {"DETAIL_ID": "CQ3.L01.W0", "USE_TYPE": "Wall", "LEVEL_ID": "CQ3.L01", "FACILITY_ID": "CQ3", "ELEVATION_RELATIVE": 5.0}}, {"type": "Feature", "geometry": {"type": "LineString", "coordinates": [[-5.9206355, 54.60410578], [-5.92064725, 54.60409624]]}, "properties": {"DETAIL_ID": "CQ3.L01.W1", "USE_TYPE": "Wall", "LEVEL_ID": "CQ3.L01", "FACILITY_ID": "CQ3", "ELEVATION_RELATIVE": 5.0}}, {"type": "Feature", "geometry": {"type": "LineString", "coordinates": [[-5.92061305, 54.60408931], [-5.92064141, 54.60406627]]}, "properties": {"DETAIL_ID": "CQ3.L01.W2", "USE_TYPE": "Wall", "LEVEL_ID": "CQ3.L01", "FACILITY_ID": "CQ3", "ELEVATION_RELATIVE": 5.0}}, {"type": "Feature", "geometry": {"type": "LineString", "coordinates": [[-5.92063325, 54.60409765], [-5.92064652, 54.60408688]]}, "properties": {"DETAIL_ID": "CQ3.L01.W3", "USE_TYPE": "Wall", "LEVEL_ID": "CQ3.L01", "FACILITY_ID": "CQ3", "ELEVATION_RELATIVE": 5.0}}, {"type": "Feature", "geometry": {"type": "LineString", "coordinates": [[-5.92031993, 54.6039754], [-5.92033168, 54.60396586]]}, "properties": {"DETAIL_ID": "CQ3.L01.W4", "USE_TYPE": "Wall", "LEVEL_ID": "CQ3.L01", "FACILITY_ID": "CQ3", "ELEVATION_RELATIVE": 5.0}}, {"type": "Feature", "geometry": {"type": "LineString", "coordinates": [[-5.92028327, 54.60396025], [-5.92029501, 54.60395071]]}, "properties": {"DETAIL_ID": "CQ3.L01.W5", "USE_TYPE": "Wall", "LEVEL_ID": "CQ3.L01", "FACILITY_ID": "CQ3", "ELEVATION_RELATIVE": 5.0}}, {"type": "Feature", "geometry": {"type": "LineString", "coordinates": [[-5.92031757, 54.60396723], [-5.92034594, 54.6039442]]}, "properties": {"DETAIL_ID": "CQ3.L01.W6", "USE_TYPE": "Wall", "LEVEL_ID": "CQ3.L01", "FACILITY_ID": "CQ3", "ELEVATION_RELATIVE": 5.0}}, {"type": "Feature", "geometry": {"type": "LineString", "coordinates": [[-5.92029737, 54.60395888], [-5.92031064, 54.60394811]]}, "properties": {"DETAIL_ID": "CQ3.L01.W7", "USE_TYPE": "Wall", "LEVEL_ID": "CQ3.L01", "FACILITY_ID": "CQ3", "ELEVATION_RELATIVE": 5.0}}, {"type": "Feature", "geometry": {"type": "LineString", "coordinates": [[-5.92063538, 54.60410515], [-5.92067411, 54.6040737]]}, "properties": {"DETAIL_ID": "CQ3.L01.W8", "USE_TYPE": "Wall", "LEVEL_ID": "CQ3.L01", "FACILITY_ID": "CQ3", "ELEVATION_RELATIVE": 5.0}}, {"type": "Feature", "geometry": {"type": "LineString", "coordinates": [[-5.92060003, 54.60409054], [-5.9206365, 54.60406092]]}, "properties": {"DETAIL_ID": "CQ3.L01.W9", "USE_TYPE": "Wall", "LEVEL_ID": "CQ3.L01", "FACILITY_ID": "CQ3", "ELEVATION_RELATIVE": 5.0}}, {"type": "Feature", "geometry": {"type": "LineString", "coordinates": [[-5.92060111, 54.60409044], [-5.92063713, 54.60406118]]}, "properties": {"DETAIL_ID": "CQ3.L01.W10", "USE_TYPE": "Wall", "LEVEL_ID": "CQ3.L01", "FACILITY_ID": "CQ3", "ELEVATION_RELATIVE": 5.0}}, {"type": "Feature", "geometry": {"type": "LineString", "coordinates": [[-5.9206352, 54.60410452], [-5.92067348, 54.60407344]]}, "properties": {"DETAIL_ID": "CQ3.L01.W11", "USE_TYPE": "Wall", "LEVEL_ID": "CQ3.L01", "FACILITY_ID": "CQ3", "ELEVATION_RELATIVE": 5.0}}, {"type": "Feature", "geometry": {"type": "LineString", "coordinates": [[-5.92028438, 54.60396013], [-5.9203231, 54.60392868]]}, "properties": {"DETAIL_ID": "CQ3.L01.W12", "USE_TYPE": "Wall", "LEVEL_ID": "CQ3.L01", "FACILITY_ID": "CQ3", "ELEVATION_RELATIVE": 5.0}}, {"type": "Feature", "geometry": {"type": "LineString", "coordinates": [[-5.92031973, 54.60397473], [-5.9203562, 54.60394511]]}, "properties": {"DETAIL_ID": "CQ3.L01.W13", "USE_TYPE": "Wall", "LEVEL_ID": "CQ3.L01", "FACILITY_ID": "CQ3", "ELEVATION_RELATIVE": 5.0}}, {"type": "Feature", "geometry": {"type": "LineString", "coordinates": [[-5.92031955, 54.60397411], [-5.92035557, 54.60394485]]}, "properties": {"DETAIL_ID": "CQ3.L01.W14", "USE_TYPE": "Wall", "LEVEL_ID": "CQ3.L01", "FACILITY_ID": "CQ3", "ELEVATION_RELATIVE": 5.0}}, {"type": "Feature", "geometry": {"type": "LineString", "coordinates": [[-5.92028546, 54.60396002], [-5.92032373, 54.60392894]]}, "properties": {"DETAIL_ID": "CQ3.L01.W15", "USE_TYPE": "Wall", "LEVEL_ID": "CQ3.L01", "FACILITY_ID": "CQ3", "ELEVATION_RELATIVE": 5.0}}, {"type": "Feature", "geometry": {"type": "LineString", "coordinates": [[-5.92027842, 54.60395881], [-5.92031861, 54.60392618]]}, "properties": {"DETAIL_ID": "CQ3.L01.W16", "USE_TYPE": "Wall", "LEVEL_ID": "CQ3.L01", "FACILITY_ID": "CQ3", "ELEVATION_RELATIVE": 5.0}}, {"type": "Feature", "geometry": {"type": "LineString", "coordinates": [[-5.92032044, 54.60392469], [-5.92036062, 54.60389206]]}, "properties": {"DETAIL_ID": "CQ3.L01.W17", "USE_TYPE": "Wall", "LEVEL_ID": "CQ3.L01", "FACILITY_ID": "CQ3", "ELEVATION_RELATIVE": 5.0}}, {"type": "Feature", "geometry": {"type": "LineString", "coordinates": [[-5.92028217, 54.60396036], [-5.92034317, 54.60391082]]}, "properties": {"DETAIL_ID": "CQ3.L01.W18", "USE_TYPE": "Wall", "LEVEL_ID": "CQ3.L01", "FACILITY_ID": "CQ3", "ELEVATION_RELATIVE": 5.0}}, {"type": "Feature", "geometry": {"type": "LineString", "coordinates": [[-5.92034591, 54.60390859], [-5.92036437, 54.60389361]]}, "properties": {"DETAIL_ID": "CQ3.L01.W19", "USE_TYPE": "Wall", "LEVEL_ID": "CQ3.L01", "FACILITY_ID": "CQ3", "ELEVATION_RELATIVE": 5.0}}, {"type": "Feature", "geometry": {"type": "LineString", "coordinates": [[-5.92068155, 54.60407389], [-5.92072174, 54.60404126]]}, "properties": {"DETAIL_ID": "CQ3.L01.W20", "USE_TYPE": "Wall", "LEVEL_ID": "CQ3.L01", "FACILITY_ID": "CQ3", "ELEVATION_RELATIVE": 5.0}}, {"type": "Feature", "geometry": {"type": "LineString", "coordinates": [[-5.92063954, 54.60410801], [-5.92067972, 54.60407537]]}, "properties": {"DETAIL_ID": "CQ3.L01.W21", "USE_TYPE": "Wall", "LEVEL_ID": "CQ3.L01", "FACILITY_ID": "CQ3", "ELEVATION_RELATIVE": 5.0}}, {"type": "Feature", "geometry": {"type": "LineString", "coordinates": [[-5.92069943, 54.60405465], [-5.92071789, 54.60403967]]}, "properties": {"DETAIL_ID": "CQ3.L01.W22", "USE_TYPE": "Wall", "LEVEL_ID": "CQ3.L01", "FACILITY_ID": "CQ3", "ELEVATION_RELATIVE": 5.0}}, {"type": "Feature", "geometry": {"type": "LineString", "coordinates": [[-5.92063569, 54.60410642], [-5.92069669, 54.60405688]]}, "properties": {"DETAIL_ID": "CQ3.L01.W23", "USE_TYPE": "Wall", "LEVEL_ID": "CQ3.L01", "FACILITY_ID": "CQ3", "ELEVATION_RELATIVE": 5.0}}, {"type": "Feature", "geometry": {"type": "LineString", "coordinates": [[-5.92032001, 54.60397599], [-5.92036629, 54.60393841]]}, "properties": {"DETAIL_ID": "CQ3.L01.W24", "USE_TYPE": "Wall", "LEVEL_ID": "CQ3.L01", "FACILITY_ID": "CQ3", "ELEVATION_RELATIVE": 5.0}}, {"type": "Feature", "geometry": {"type": "LineString", "coordinates": [[-5.92032119, 54.60397975], [-5.92037014, 54.60394]]}, "properties": {"DETAIL_ID": "CQ3.L01.W25", "USE_TYPE": "Wall", "LEVEL_ID": "CQ3.L01", "FACILITY_ID": "CQ3", "ELEVATION_RELATIVE": 5.0}}, {"type": "Feature", "geometry": {"type": "LineString", "coordinates": [[-5.92059133, 54.60409136], [-5.92064028, 54.60405161]]}, "properties": {"DETAIL_ID": "CQ3.L01.W26", "USE_TYPE": "Wall", "LEVEL_ID": "CQ3.L01", "FACILITY_ID": "CQ3", "ELEVATION_RELATIVE": 5.0}}, {"type": "Feature", "geometry": {"type": "LineString", "coordinates": [[-5.92059784, 54.60409078], [-5.92064413, 54.6040532]]}, "properties": {"DETAIL_ID": "CQ3.L01.W27", "USE_TYPE": "Wall", "LEVEL_ID": "CQ3.L01", "FACILITY_ID": "CQ3", "ELEVATION_RELATIVE": 5.0}}, {"type": "Feature", "geometry": {"type": "LineString", "coordinates": [[-5.92055261, 54.60398016], [-5.92056245, 54.60397218]]}, "properties": {"DETAIL_ID": "CQ3.L01.W28", "USE_TYPE": "Wall", "LEVEL_ID": "CQ3.L01", "FACILITY_ID": "CQ3", "ELEVATION_RELATIVE": 5.0}}, {"type": "Feature", "geometry": {"type": "LineString", "coordinates": [[-5.92052409, 54.60400332], [-5.92054095, 54.60398964]]}, "properties": {"DETAIL_ID": "CQ3.L01.W29", "USE_TYPE": "Wall", "LEVEL_ID": "CQ3.L01", "FACILITY_ID": "CQ3", "ELEVATION_RELATIVE": 5.0}}, {"type": "Feature", "geometry": {"type": "LineString", "coordinates": [[-5.92049596, 54.60402617], [-5.92051327, 54.60401211]]}, "properties": {"DETAIL_ID": "CQ3.L01.W30", "USE_TYPE": "Wall", "LEVEL_ID": "CQ3.L01", "FACILITY_ID": "CQ3", "ELEVATION_RELATIVE": 5.0}}, {"type": "Feature", "geometry": {"type": "LineString", "coordinates": [[-5.92047491, 54.60404326], [-5.92048521, 54.6040349]]}, "properties": {"DETAIL_ID": "CQ3.L01.W31", "USE_TYPE": "Wall", "LEVEL_ID": "CQ3.L01", "FACILITY_ID": "CQ3", "ELEVATION_RELATIVE": 5.0}}, {"type": "Feature", "geometry": {"type": "LineString", "coordinates": [[-5.9204376, 54.60402785], [-5.9204479, 54.60401949]]}, "properties": {"DETAIL_ID": "CQ3.L01.W32", "USE_TYPE": "Wall", "LEVEL_ID": "CQ3.L01", "FACILITY_ID": "CQ3", "ELEVATION_RELATIVE": 5.0}}, {"type": "Feature", "geometry": {"type": "LineString", "coordinates": [[-5.92045865, 54.60401076], [-5.92047596, 54.6039967]]}, "properties": {"DETAIL_ID": "CQ3.L01.W33", "USE_TYPE": "Wall", "LEVEL_ID": "CQ3.L01", "FACILITY_ID": "CQ3", "ELEVATION_RELATIVE": 5.0}}, {"type": "Feature", "geometry": {"type": "LineString", "coordinates": [[-5.92048679, 54.60398791], [-5.92050364, 54.60397422]]}, "properties": {"DETAIL_ID": "CQ3.L01.W34", "USE_TYPE": "Wall", "LEVEL_ID": "CQ3.L01", "FACILITY_ID": "CQ3", "ELEVATION_RELATIVE": 5.0}}, {"type": "Feature", "geometry": {"type": "LineString", "coordinates": [[-5.9205153, 54.60396475], [-5.92052514, 54.60395676]]}, "properties": {"DETAIL_ID": "CQ3.L01.W35", "USE_TYPE": "Wall", "LEVEL_ID": "CQ3.L01", "FACILITY_ID": "CQ3", "ELEVATION_RELATIVE": 5.0}}, {"type": "Feature", "geometry": {"type": "LineString", "coordinates": [[-5.92040104, 54.60400947], [-5.92046486, 54.60395764]]}, "properties": {"DETAIL_ID": "CQ3.L01.W36", "USE_TYPE": "Wall", "LEVEL_ID": "CQ3.L01", "FACILITY_ID": "CQ3", "ELEVATION_RELATIVE": 5.0}}, {"type": "Feature", "geometry": {"type": "LineString", "coordinates": [[-5.92040489, 54.60401106], [-5.92043104, 54.60398982]]}, "properties": {"DETAIL_ID": "CQ3.L01.W37", "USE_TYPE": "Wall", "LEVEL_ID": "CQ3.L01", "FACILITY_ID": "CQ3", "ELEVATION_RELATIVE": 5.0}}, {"type": "Feature", "geometry": {"type": "LineString", "coordinates": [[-5.92043287, 54.60398833], [-5.9204591, 54.60396703]]}, "properties": {"DETAIL_ID": "CQ3.L01.W38", "USE_TYPE": "Wall", "LEVEL_ID": "CQ3.L01", "FACILITY_ID": "CQ3", "ELEVATION_RELATIVE": 5.0}}, {"type": "Feature", "geometry": {"type": "LineString", "coordinates": [[-5.92051681, 54.6040573], [-5.92058064, 54.60400548]]}, "properties": {"DETAIL_ID": "CQ3.L01.W39", "USE_TYPE": "Wall", "LEVEL_ID": "CQ3.L01", "FACILITY_ID": "CQ3", "ELEVATION_RELATIVE": 5.0}}, {"type": "Feature", "geometry": {"type": "LineString", "coordinates": [[-5.92054106, 54.60403303], [-5.92056729, 54.60401173]]}, "properties": {"DETAIL_ID": "CQ3.L01.W40", "USE_TYPE": "Wall", "LEVEL_ID": "CQ3.L01", "FACILITY_ID": "CQ3", "ELEVATION_RELATIVE": 5.0}}, {"type": "Feature", "geometry": {"type": "LineString", "coordinates": [[-5.92051307, 54.60405576], [-5.92053923, 54.60403452]]}, "properties": {"DETAIL_ID": "CQ3.L01.W41", "USE_TYPE": "Wall", "LEVEL_ID": "CQ3.L01", "FACILITY_ID": "CQ3", "ELEVATION_RELATIVE": 5.0}}, {"type": "Feature", "geometry": {"type": "LineString", "coordinates": [[-5.92025285, 54.60386468], [-5.9202665, 54.6038536]]}, "properties": {"DETAIL_ID": "CQ3.L01.W42", "USE_TYPE": "Wall", "LEVEL_ID": "CQ3.L01", "FACILITY_ID": "CQ3", "ELEVATION_RELATIVE": 5.0}}, {"type": "Feature", "geometry": {"type": "LineString", "coordinates": [[-5.92025254, 54.60386455], [-5.92026596, 54.60385365]]}, "properties": {"DETAIL_ID": "CQ3.L01.W43", "USE_TYPE": "Wall", "LEVEL_ID": "CQ3.L01", "FACILITY_ID": "CQ3", "ELEVATION_RELATIVE": 5.0}}, {"type": "Feature", "geometry": {"type": "LineString", "coordinates": [[-5.92033795, 54.60378397], [-5.92034664, 54.60377692]]}, "properties": {"DETAIL_ID": "CQ3.L01.W44", "USE_TYPE": "Wall", "LEVEL_ID": "CQ3.L01", "FACILITY_ID": "CQ3", "ELEVATION_RELATIVE": 5.0}}, {"type": "Feature", "geometry": {"type": "LineString", "coordinates": [[-5.92033763, 54.60378384], [-5.92034655, 54.6037766]]}, "properties": {"DETAIL_ID": "CQ3.L01.W45", "USE_TYPE": "Wall", "LEVEL_ID": "CQ3.L01", "FACILITY_ID": "CQ3", "ELEVATION_RELATIVE": 5.0}}, {"type": "Feature", "geometry": {"type": "LineString", "coordinates": [[-5.92081551, 54.60408031], [-5.9208242, 54.60407326]]}, "properties": {"DETAIL_ID": "CQ3.L01.W46", "USE_TYPE": "Wall", "LEVEL_ID": "CQ3.L01", "FACILITY_ID": "CQ3", "ELEVATION_RELATIVE": 5.0}}, {"type": "Feature", "geometry": {"type": "LineString", "coordinates": [[-5.92081519, 54.60408018], [-5.92082411, 54.60407294]]}, "properties": {"DETAIL_ID": "CQ3.L01.W47", "USE_TYPE": "Wall", "LEVEL_ID": "CQ3.L01", "FACILITY_ID": "CQ3", "ELEVATION_RELATIVE": 5.0}}, {"type": "Feature", "geometry": {"type": "LineString", "coordinates": [[-5.92046452, 54.60400141], [-5.92043287, 54.60398833]]}, "properties": {"DETAIL_ID": "CQ3.L01.W48", "USE_TYPE": "Wall", "LEVEL_ID": "CQ3.L01", "FACILITY_ID": "CQ3", "ELEVATION_RELATIVE": 5.0}}, {"type": "Feature", "geometry": {"type": "LineString", "coordinates": [[-5.92046269, 54.60400289], [-5.92043104, 54.60398982]]}, "properties": {"DETAIL_ID": "CQ3.L01.W49", "USE_TYPE": "Wall", "LEVEL_ID": "CQ3.L01", "FACILITY_ID": "CQ3", "ELEVATION_RELATIVE": 5.0}}, {"type": "Feature", "geometry": {"type": "LineString", "coordinates": [[-5.92049258, 54.60397862], [-5.92046093, 54.60396555]]}, "properties": {"DETAIL_ID": "CQ3.L01.W50", "USE_TYPE": "Wall", "LEVEL_ID": "CQ3.L01", "FACILITY_ID": "CQ3", "ELEVATION_RELATIVE": 5.0}}, {"type": "Feature", "geometry": {"type": "LineString", "coordinates": [[-5.92049075, 54.60398011], [-5.9204591, 54.60396703]]}, "properties": {"DETAIL_ID": "CQ3.L01.W51", "USE_TYPE": "Wall", "LEVEL_ID": "CQ3.L01", "FACILITY_ID": "CQ3", "ELEVATION_RELATIVE": 5.0}}, {"type": "Feature", "geometry": {"type": "LineString", "coordinates": [[-5.92056912, 54.60401025], [-5.92053737, 54.60399713]]}, "properties": {"DETAIL_ID": "CQ3.L01.W52", "USE_TYPE": "Wall", "LEVEL_ID": "CQ3.L01", "FACILITY_ID": "CQ3", "ELEVATION_RELATIVE": 5.0}}, {"type": "Feature", "geometry": {"type": "LineString", "coordinates": [[-5.92056729, 54.60401173], [-5.92053554, 54.60399861]]}, "properties": {"DETAIL_ID": "CQ3.L01.W53", "USE_TYPE": "Wall", "LEVEL_ID": "CQ3.L01", "FACILITY_ID": "CQ3", "ELEVATION_RELATIVE": 5.0}}, {"type": "Feature", "geometry": {"type": "LineString", "coordinates": [[-5.92054106, 54.60403303], [-5.92050931, 54.60401991]]}, "properties": {"DETAIL_ID": "CQ3.L01.W54", "USE_TYPE": "Wall", "LEVEL_ID": "CQ3.L01", "FACILITY_ID": "CQ3", "ELEVATION_RELATIVE": 5.0}}, {"type": "Feature", "geometry": {"type": "LineString", "coordinates": [[-5.92053923, 54.60403452], [-5.92050748, 54.6040214]]}, "properties": {"DETAIL_ID": "CQ3.L01.W55", "USE_TYPE": "Wall", "LEVEL_ID": "CQ3.L01", "FACILITY_ID": "CQ3", "ELEVATION_RELATIVE": 5.0}}, {"type": "Feature", "geometry": {"type": "LineString", "coordinates": [[-5.92031861, 54.60392618], [-5.92030097, 54.60391889]]}, "properties": {"DETAIL_ID": "CQ3.L01.W56", "USE_TYPE": "Wall", "LEVEL_ID": "CQ3.L01", "FACILITY_ID": "CQ3", "ELEVATION_RELATIVE": 5.0}}, {"type": "Feature", "geometry": {"type": "LineString", "coordinates": [[-5.92032044, 54.60392469], [-5.9203028, 54.6039174]]}, "properties": {"DETAIL_ID": "CQ3.L01.W57", "USE_TYPE": "Wall", "LEVEL_ID": "CQ3.L01", "FACILITY_ID": "CQ3", "ELEVATION_RELATIVE": 5.0}}, {"type": "Feature", "geometry": {"type": "LineString", "coordinates": [[-5.92069725, 54.60408262], [-5.92067972, 54.60407537]]}, "properties": {"DETAIL_ID": "CQ3.L01.W58", "USE_TYPE": "Wall", "LEVEL_ID": "CQ3.L01", "FACILITY_ID": "CQ3", "ELEVATION_RELATIVE": 5.0}}, {"type": "Feature", "geometry": {"type": "LineString", "coordinates": [[-5.92069908, 54.60408113], [-5.92068155, 54.60407389]]}, "properties": {"DETAIL_ID": "CQ3.L01.W59", "USE_TYPE": "Wall", "LEVEL_ID": "CQ3.L01", "FACILITY_ID": "CQ3", "ELEVATION_RELATIVE": 5.0}}, {"type": "Feature", "geometry": {"type": "LineString", "coordinates": [[-5.92064954, 54.60406963], [-5.92063318, 54.60406287]]}, "properties": {"DETAIL_ID": "CQ3.L01.W60", "USE_TYPE": "Wall", "LEVEL_ID": "CQ3.L01", "FACILITY_ID": "CQ3", "ELEVATION_RELATIVE": 5.0}}, {"type": "Feature", "geometry": {"type": "LineString", "coordinates": [[-5.92064733, 54.60407143], [-5.92063097, 54.60406467]]}, "properties": {"DETAIL_ID": "CQ3.L01.W61", "USE_TYPE": "Wall", "LEVEL_ID": "CQ3.L01", "FACILITY_ID": "CQ3", "ELEVATION_RELATIVE": 5.0}}, {"type": "Feature", "geometry": {"type": "LineString", "coordinates": [[-5.92064504, 54.60407328], [-5.92062868, 54.60406653]]}, "properties": {"DETAIL_ID": "CQ3.L01.W62", "USE_TYPE": "Wall", "LEVEL_ID": "CQ3.L01", "FACILITY_ID": "CQ3", "ELEVATION_RELATIVE": 5.0}}, {"type": "Feature", "geometry": {"type": "LineString", "coordinates": [[-5.92064283, 54.60407508], [-5.92062647, 54.60406832]]}, "properties": {"DETAIL_ID": "CQ3.L01.W63", "USE_TYPE": "Wall", "LEVEL_ID": "CQ3.L01", "FACILITY_ID": "CQ3", "ELEVATION_RELATIVE": 5.0}}, {"type": "Feature", "geometry": {"type": "LineString", "coordinates": [[-5.92064054, 54.60407694], [-5.92062418, 54.60407018]]}, "properties": {"DETAIL_ID": "CQ3.L01.W64", "USE_TYPE": "Wall", "LEVEL_ID": "CQ3.L01", "FACILITY_ID": "CQ3", "ELEVATION_RELATIVE": 5.0}}, {"type": "Feature", "geometry": {"type": "LineString", "coordinates": [[-5.92063833, 54.60407873], [-5.92062197, 54.60407197]]}, "properties": {"DETAIL_ID": "CQ3.L01.W65", "USE_TYPE": "Wall", "LEVEL_ID": "CQ3.L01", "FACILITY_ID": "CQ3", "ELEVATION_RELATIVE": 5.0}}, {"type": "Feature", "geometry": {"type": "LineString", "coordinates": [[-5.92063604, 54.60408059], [-5.92061968, 54.60407383]]}, "properties": {"DETAIL_ID": "CQ3.L01.W66", "USE_TYPE": "Wall", "LEVEL_ID": "CQ3.L01", "FACILITY_ID": "CQ3", "ELEVATION_RELATIVE": 5.0}}, {"type": "Feature", "geometry": {"type": "LineString", "coordinates": [[-5.92063375, 54.60408245], [-5.9206174, 54.60407569]]}, "properties": {"DETAIL_ID": "CQ3.L01.W67", "USE_TYPE": "Wall", "LEVEL_ID": "CQ3.L01", "FACILITY_ID": "CQ3", "ELEVATION_RELATIVE": 5.0}}, {"type": "Feature", "geometry": {"type": "LineString", "coordinates": [[-5.92063154, 54.60408424], [-5.92061519, 54.60407749]]}, "properties": {"DETAIL_ID": "CQ3.L01.W68", "USE_TYPE": "Wall", "LEVEL_ID": "CQ3.L01", "FACILITY_ID": "CQ3", "ELEVATION_RELATIVE": 5.0}}, {"type": "Feature", "geometry": {"type": "LineString", "coordinates": [[-5.92062925, 54.6040861], [-5.9206129, 54.60407934]]}, "properties": {"DETAIL_ID": "CQ3.L01.W69", "USE_TYPE": "Wall", "LEVEL_ID": "CQ3.L01", "FACILITY_ID": "CQ3", "ELEVATION_RELATIVE": 5.0}}, {"type": "Feature", "geometry": {"type": "LineString", "coordinates": [[-5.9206355, 54.60410578], [-5.92059894, 54.60409067]]}, "properties": {"DETAIL_ID": "CQ3.L01.W70", "USE_TYPE": "Wall", "LEVEL_ID": "CQ3.L01", "FACILITY_ID": "CQ3", "ELEVATION_RELATIVE": 5.0}}, {"type": "Feature", "geometry": {"type": "LineString", "coordinates": [[-5.92062704, 54.6040879], [-5.92061069, 54.60408114]]}, "properties": {"DETAIL_ID": "CQ3.L01.W71", "USE_TYPE": "Wall", "LEVEL_ID": "CQ3.L01", "FACILITY_ID": "CQ3", "ELEVATION_RELATIVE": 5.0}}, {"type": "Feature", "geometry": {"type": "LineString", "coordinates": [[-5.92064725, 54.60409624], [-5.92063089, 54.60408949]]}, "properties": {"DETAIL_ID": "CQ3.L01.W72", "USE_TYPE": "Wall", "LEVEL_ID": "CQ3.L01", "FACILITY_ID": "CQ3", "ELEVATION_RELATIVE": 5.0}}, {"type": "Feature", "geometry": {"type": "LineString", "coordinates": [[-5.92064946, 54.60409445], [-5.9206331, 54.60408769]]}, "properties": {"DETAIL_ID": "CQ3.L01.W73", "USE_TYPE": "Wall", "LEVEL_ID": "CQ3.L01", "FACILITY_ID": "CQ3", "ELEVATION_RELATIVE": 5.0}}, {"type": "Feature", "geometry": {"type": "LineString", "coordinates": [[-5.92065175, 54.60409259], [-5.92063539, 54.60408583]]}, "properties": {"DETAIL_ID": "CQ3.L01.W74", "USE_TYPE": "Wall", "LEVEL_ID": "CQ3.L01", "FACILITY_ID": "CQ3", "ELEVATION_RELATIVE": 5.0}}, {"type": "Feature", "geometry": {"type": "LineString", "coordinates": [[-5.92063325, 54.60409765], [-5.92061305, 54.60408931]]}, "properties": {"DETAIL_ID": "CQ3.L01.W75", "USE_TYPE": "Wall", "LEVEL_ID": "CQ3.L01", "FACILITY_ID": "CQ3", "ELEVATION_RELATIVE": 5.0}}, {"type": "Feature", "geometry": {"type": "LineString", "coordinates": [[-5.92035417, 54.6039476], [-5.92033771, 54.6039408]]}, "properties": {"DETAIL_ID": "CQ3.L01.W76", "USE_TYPE": "Wall", "LEVEL_ID": "CQ3.L01", "FACILITY_ID": "CQ3", "ELEVATION_RELATIVE": 5.0}}, {"type": "Feature", "geometry": {"type": "LineString", "coordinates": [[-5.92035196, 54.60394939], [-5.9203355, 54.60394259]]}, "properties": {"DETAIL_ID": "CQ3.L01.W77", "USE_TYPE": "Wall", "LEVEL_ID": "CQ3.L01", "FACILITY_ID": "CQ3", "ELEVATION_RELATIVE": 5.0}}, {"type": "Feature", "geometry": {"type": "LineString", "coordinates": [[-5.92034967, 54.60395125], [-5.92033321, 54.60394445]]}, "properties": {"DETAIL_ID": "CQ3.L01.W78", "USE_TYPE": "Wall", "LEVEL_ID": "CQ3.L01", "FACILITY_ID": "CQ3", "ELEVATION_RELATIVE": 5.0}}, {"type": "Feature", "geometry": {"type": "LineString", "coordinates": [[-5.92034746, 54.60395305], [-5.920331, 54.60394624]]}, "properties": {"DETAIL_ID": "CQ3.L01.W79", "USE_TYPE": "Wall", "LEVEL_ID": "CQ3.L01", "FACILITY_ID": "CQ3", "ELEVATION_RELATIVE": 5.0}}, {"type": "Feature", "geometry": {"type": "LineString", "coordinates": [[-5.92034517, 54.6039549], [-5.92032871, 54.6039481]]}, "properties": {"DETAIL_ID": "CQ3.L01.W80", "USE_TYPE": "Wall", "LEVEL_ID": "CQ3.L01", "FACILITY_ID": "CQ3", "ELEVATION_RELATIVE": 5.0}}, {"type": "Feature", "geometry": {"type": "LineString", "coordinates": [[-5.92034296, 54.6039567], [-5.9203265, 54.6039499]]}, "properties": {"DETAIL_ID": "CQ3.L01.W81", "USE_TYPE": "Wall", "LEVEL_ID": "CQ3.L01", "FACILITY_ID": "CQ3", "ELEVATION_RELATIVE": 5.0}}, {"type": "Feature", "geometry": {"type": "LineString", "coordinates": [[-5.92034067, 54.60395856], [-5.92032421, 54.60395175]]}, "properties": {"DETAIL_ID": "CQ3.L01.W82", "USE_TYPE": "Wall", "LEVEL_ID": "CQ3.L01", "FACILITY_ID": "CQ3", "ELEVATION_RELATIVE": 5.0}}, {"type": "Feature", "geometry": {"type": "LineString", "coordinates": [[-5.92033839, 54.60396041], [-5.92032192, 54.60395361]]}, "properties": {"DETAIL_ID": "CQ3.L01.W83", "USE_TYPE": "Wall", "LEVEL_ID": "CQ3.L01", "FACILITY_ID": "CQ3", "ELEVATION_RELATIVE": 5.0}}, {"type": "Feature", "geometry": {"type": "LineString", "coordinates": [[-5.92033617, 54.60396221], [-5.92031971, 54.60395541]]}, "properties": {"DETAIL_ID": "CQ3.L01.W84", "USE_TYPE": "Wall", "LEVEL_ID": "CQ3.L01", "FACILITY_ID": "CQ3", "ELEVATION_RELATIVE": 5.0}}, {"type": "Feature", "geometry": {"type": "LineString", "coordinates": [[-5.92033389, 54.60396407], [-5.92031742, 54.60395727]]}, "properties": {"DETAIL_ID": "CQ3.L01.W85", "USE_TYPE": "Wall", "LEVEL_ID": "CQ3.L01", "FACILITY_ID": "CQ3", "ELEVATION_RELATIVE": 5.0}}, {"type": "Feature", "geometry": {"type": "LineString", "coordinates": [[-5.92031993, 54.6039754], [-5.92028327, 54.60396025]]}, "properties": {"DETAIL_ID": "CQ3.L01.W86", "USE_TYPE": "Wall", "LEVEL_ID": "CQ3.L01", "FACILITY_ID": "CQ3", "ELEVATION_RELATIVE": 5.0}}, {"type": "Feature", "geometry": {"type": "LineString", "coordinates": [[-5.92033168, 54.60396586], [-5.92031521, 54.60395906]]}, "properties": {"DETAIL_ID": "CQ3.L01.W87", "USE_TYPE": "Wall", "LEVEL_ID": "CQ3.L01", "FACILITY_ID": "CQ3", "ELEVATION_RELATIVE": 5.0}}, {"type": "Feature", "geometry": {"type": "LineString", "coordinates": [[-5.92031147, 54.60395752], [-5.92029501, 54.60395071]]}, "properties": {"DETAIL_ID": "CQ3.L01.W88", "USE_TYPE": "Wall", "LEVEL_ID": "CQ3.L01", "FACILITY_ID": "CQ3", "ELEVATION_RELATIVE": 5.0}}, {"type": "Feature", "geometry": {"type": "LineString", "coordinates": [[-5.92031368, 54.60395572], [-5.92029722, 54.60394892]]}, "properties": {"DETAIL_ID": "CQ3.L01.W89", "USE_TYPE": "Wall", "LEVEL_ID": "CQ3.L01", "FACILITY_ID": "CQ3", "ELEVATION_RELATIVE": 5.0}}, {"type": "Feature", "geometry": {"type": "LineString", "coordinates": [[-5.92031597, 54.60395386], [-5.92029951, 54.60394706]]}, "properties": {"DETAIL_ID": "CQ3.L01.W90", "USE_TYPE": "Wall", "LEVEL_ID": "CQ3.L01", "FACILITY_ID": "CQ3", "ELEVATION_RELATIVE": 5.0}}, {"type": "Feature", "geometry": {"type": "LineString", "coordinates": [[-5.92031757, 54.60396723], [-5.92029737, 54.60395888]]}, "properties": {"DETAIL_ID": "CQ3.L01.W91", "USE_TYPE": "Wall", "LEVEL_ID": "CQ3.L01", "FACILITY_ID": "CQ3", "ELEVATION_RELATIVE": 5.0}}, {"type": "Feature", "geometry": {"type": "LineString", "coordinates": [[-5.92063538, 54.60410515], [-5.92060003, 54.60409054]]}, "properties": {"DETAIL_ID": "CQ3.L01.W92", "USE_TYPE": "Wall", "LEVEL_ID": "CQ3.L01", "FACILITY_ID": "CQ3", "ELEVATION_RELATIVE": 5.0}}, {"type": "Feature", "geometry": {"type": "LineString", "coordinates": [[-5.9206352, 54.60410452], [-5.92060111, 54.60409044]]}, "properties": {"DETAIL_ID": "CQ3.L01.W93", "USE_TYPE": "Wall", "LEVEL_ID": "CQ3.L01", "FACILITY_ID": "CQ3", "ELEVATION_RELATIVE": 5.0}}, {"type": "Feature", "geometry": {"type": "LineString", "coordinates": [[-5.92031973, 54.60397473], [-5.92028438, 54.60396013]]}, "properties": {"DETAIL_ID": "CQ3.L01.W94", "USE_TYPE": "Wall", "LEVEL_ID": "CQ3.L01", "FACILITY_ID": "CQ3", "ELEVATION_RELATIVE": 5.0}}, {"type": "Feature", "geometry": {"type": "LineString", "coordinates": [[-5.92031955, 54.60397411], [-5.92028546, 54.60396002]]}, "properties": {"DETAIL_ID": "CQ3.L01.W95", "USE_TYPE": "Wall", "LEVEL_ID": "CQ3.L01", "FACILITY_ID": "CQ3", "ELEVATION_RELATIVE": 5.0}}, {"type": "Feature", "geometry": {"type": "LineString", "coordinates": [[-5.92039387, 54.6039058], [-5.92036437, 54.60389361]]}, "properties": {"DETAIL_ID": "CQ3.L01.W96", "USE_TYPE": "Wall", "LEVEL_ID": "CQ3.L01", "FACILITY_ID": "CQ3", "ELEVATION_RELATIVE": 5.0}}, {"type": "Feature", "geometry": {"type": "LineString", "coordinates": [[-5.92036062, 54.60389206], [-5.92034544, 54.60388579]]}, "properties": {"DETAIL_ID": "CQ3.L01.W97", "USE_TYPE": "Wall", "LEVEL_ID": "CQ3.L01", "FACILITY_ID": "CQ3", "ELEVATION_RELATIVE": 5.0}}, {"type": "Feature", "geometry": {"type": "LineString", "coordinates": [[-5.92040937, 54.60390893], [-5.92034437, 54.60388208]]}, "properties": {"DETAIL_ID": "CQ3.L01.W98", "USE_TYPE": "Wall", "LEVEL_ID": "CQ3.L01", "FACILITY_ID": "CQ3", "ELEVATION_RELATIVE": 5.0}}, {"type": "Feature", "geometry": {"type": "LineString", "coordinates": [[-5.92051873, 54.60395738], [-5.92048709, 54.60394431]]}, "properties": {"DETAIL_ID": "CQ3.L01.W99", "USE_TYPE": "Wall", "LEVEL_ID": "CQ3.L01", "FACILITY_ID": "CQ3", "ELEVATION_RELATIVE": 5.0}}, {"type": "Feature", "geometry": {"type": "LineString", "coordinates": [[-5.92048324, 54.60394272], [-5.9204299, 54.60392068]]}, "properties": {"DETAIL_ID": "CQ3.L01.W100", "USE_TYPE": "Wall", "LEVEL_ID": "CQ3.L01", "FACILITY_ID": "CQ3", "ELEVATION_RELATIVE": 5.0}}, {"type": "Feature", "geometry": {"type": "LineString", "coordinates": [[-5.92052514, 54.60395676], [-5.92043256, 54.60391851]]}, "properties": {"DETAIL_ID": "CQ3.L01.W101", "USE_TYPE": "Wall", "LEVEL_ID": "CQ3.L01", "FACILITY_ID": "CQ3", "ELEVATION_RELATIVE": 5.0}}, {"type": "Feature", "geometry": {"type": "LineString", "coordinates": [[-5.92065236, 54.60401259], [-5.92059901, 54.60399055]]}, "properties": {"DETAIL_ID": "CQ3.L01.W102", "USE_TYPE": "Wall", "LEVEL_ID": "CQ3.L01", "FACILITY_ID": "CQ3", "ELEVATION_RELATIVE": 5.0}}, {"type": "Feature", "geometry": {"type": "LineString", "coordinates": [[-5.92059527, 54.60398901], [-5.92056352, 54.60397589]]}, "properties": {"DETAIL_ID": "CQ3.L01.W103", "USE_TYPE": "Wall", "LEVEL_ID": "CQ3.L01", "FACILITY_ID": "CQ3", "ELEVATION_RELATIVE": 5.0}}, {"type": "Feature", "geometry": {"type": "LineString", "coordinates": [[-5.92065503, 54.60401042], [-5.92056245, 54.60397218]]}, "properties": {"DETAIL_ID": "CQ3.L01.W104", "USE_TYPE": "Wall", "LEVEL_ID": "CQ3.L01", "FACILITY_ID": "CQ3", "ELEVATION_RELATIVE": 5.0}}, {"type": "Feature", "geometry": {"type": "LineString", "coordinates": [[-5.92073681, 54.60404748], [-5.92072174, 54.60404126]]}, "properties": {"DETAIL_ID": "CQ3.L01.W105", "USE_TYPE": "Wall", "LEVEL_ID": "CQ3.L01", "FACILITY_ID": "CQ3", "ELEVATION_RELATIVE": 5.0}}, {"type": "Feature", "geometry": {"type": "LineString", "coordinates": [[-5.92071789, 54.60403967], [-5.92067566, 54.60402222]]}, "properties": {"DETAIL_ID": "CQ3.L01.W106", "USE_TYPE": "Wall", "LEVEL_ID": "CQ3.L01", "FACILITY_ID": "CQ3", "ELEVATION_RELATIVE": 5.0}}, {"type": "Feature", "geometry": {"type": "LineString", "coordinates": [[-5.92074333, 54.60404691], [-5.92067833, 54.60402005]]}, "properties": {"DETAIL_ID": "CQ3.L01.W107", "USE_TYPE": "Wall", "LEVEL_ID": "CQ3.L01", "FACILITY_ID": "CQ3", "ELEVATION_RELATIVE": 5.0}}, {"type": "Feature", "geometry": {"type": "LineString", "coordinates": [[-5.92063569, 54.60410642], [-5.92059784, 54.60409078]]}, "properties": {"DETAIL_ID": "CQ3.L01.W108", "USE_TYPE": "Wall", "LEVEL_ID": "CQ3.L01", "FACILITY_ID": "CQ3", "ELEVATION_RELATIVE": 5.0}}, {"type": "Feature", "geometry": {"type": "LineString", "coordinates": [[-5.92065461, 54.60411423], [-5.92063954, 54.60410801]]}, "properties": {"DETAIL_ID": "CQ3.L01.W109", "USE_TYPE": "Wall", "LEVEL_ID": "CQ3.L01", "FACILITY_ID": "CQ3", "ELEVATION_RELATIVE": 5.0}}, {"type": "Feature", "geometry": {"type": "LineString", "coordinates": [[-5.92065579, 54.60411799], [-5.92059133, 54.60409136]]}, "properties": {"DETAIL_ID": "CQ3.L01.W110", "USE_TYPE": "Wall", "LEVEL_ID": "CQ3.L01", "FACILITY_ID": "CQ3", "ELEVATION_RELATIVE": 5.0}}, {"type": "Feature", "geometry": {"type": "LineString", "coordinates": [[-5.92040104, 54.60400947], [-5.92034834, 54.6039877]]}, "properties": {"DETAIL_ID": "CQ3.L01.W111", "USE_TYPE": "Wall", "LEVEL_ID": "CQ3.L01", "FACILITY_ID": "CQ3", "ELEVATION_RELATIVE": 5.0}}, {"type": "Feature", "geometry": {"type": "LineString", "coordinates": [[-5.92043653, 54.60402413], [-5.92040489, 54.60401106]]}, "properties": {"DETAIL_ID": "CQ3.L01.W112", "USE_TYPE": "Wall", "LEVEL_ID": "CQ3.L01", "FACILITY_ID": "CQ3", "ELEVATION_RELATIVE": 5.0}}, {"type": "Feature", "geometry": {"type": "LineString", "coordinates": [[-5.9204376, 54.60402785], [-5.92034567, 54.60398986]]}, "properties": {"DETAIL_ID": "CQ3.L01.W113", "USE_TYPE": "Wall", "LEVEL_ID": "CQ3.L01", "FACILITY_ID": "CQ3", "ELEVATION_RELATIVE": 5.0}}, {"type": "Feature", "geometry": {"type": "LineString", "coordinates": [[-5.92027842, 54.60395881], [-5.92026325, 54.60395254]]}, "properties": {"DETAIL_ID": "CQ3.L01.W114", "USE_TYPE": "Wall", "LEVEL_ID": "CQ3.L01", "FACILITY_ID": "CQ3", "ELEVATION_RELATIVE": 5.0}}, {"type": "Feature", "geometry": {"type": "LineString", "coordinates": [[-5.92032001, 54.60397599], [-5.92028217, 54.60396036]]}, "properties": {"DETAIL_ID": "CQ3.L01.W115", "USE_TYPE": "Wall", "LEVEL_ID": "CQ3.L01", "FACILITY_ID": "CQ3", "ELEVATION_RELATIVE": 5.0}}, {"type": "Feature", "geometry": {"type": "LineString", "coordinates": [[-5.92032119, 54.60397975], [-5.92025683, 54.60395316]]}, "properties": {"DETAIL_ID": "CQ3.L01.W116", "USE_TYPE": "Wall", "LEVEL_ID": "CQ3.L01", "FACILITY_ID": "CQ3", "ELEVATION_RELATIVE": 5.0}}, {"type": "Feature", "geometry": {"type": "LineString", "coordinates": [[-5.9203876, 54.60392582], [-5.92034591, 54.60390859]]}, "properties": {"DETAIL_ID": "CQ3.L01.W117", "USE_TYPE": "Wall", "LEVEL_ID": "CQ3.L01", "FACILITY_ID": "CQ3", "ELEVATION_RELATIVE": 5.0}}, {"type": "Feature", "geometry": {"type": "LineString", "coordinates": [[-5.92038101, 54.60392646], [-5.92034317, 54.60391082]]}, "properties": {"DETAIL_ID": "CQ3.L01.W118", "USE_TYPE": "Wall", "LEVEL_ID": "CQ3.L01", "FACILITY_ID": "CQ3", "ELEVATION_RELATIVE": 5.0}}, {"type": "Feature", "geometry": {"type": "LineString", "coordinates": [[-5.92069669, 54.60405688], [-5.92065885, 54.60404124]]}, "properties": {"DETAIL_ID": "CQ3.L01.W119", "USE_TYPE": "Wall", "LEVEL_ID": "CQ3.L01", "FACILITY_ID": "CQ3", "ELEVATION_RELATIVE": 5.0}}, {"type": "Feature", "geometry": {"type": "LineString", "coordinates": [[-5.92069943, 54.60405465], [-5.92065774, 54.60403743]]}, "properties": {"DETAIL_ID": "CQ3.L01.W120", "USE_TYPE": "Wall", "LEVEL_ID": "CQ3.L01", "FACILITY_ID": "CQ3", "ELEVATION_RELATIVE": 5.0}}, {"type": "Feature", "geometry": {"type": "LineString", "coordinates": [[-5.92051307, 54.60405576], [-5.92048132, 54.60404264]]}, "properties": {"DETAIL_ID": "CQ3.L01.W121", "USE_TYPE": "Wall", "LEVEL_ID": "CQ3.L01", "FACILITY_ID": "CQ3", "ELEVATION_RELATIVE": 5.0}}, {"type": "Feature", "geometry": {"type": "LineString", "coordinates": [[-5.92056952, 54.60407908], [-5.92051681, 54.6040573]]}, "properties": {"DETAIL_ID": "CQ3.L01.W122", "USE_TYPE": "Wall", "LEVEL_ID": "CQ3.L01", "FACILITY_ID": "CQ3", "ELEVATION_RELATIVE": 5.0}}, {"type": "Feature", "geometry": {"type": "LineString", "coordinates": [[-5.92056685, 54.60408124], [-5.92047491, 54.60404326]]}, "properties": {"DETAIL_ID": "CQ3.L01.W123", "USE_TYPE": "Wall", "LEVEL_ID": "CQ3.L01", "FACILITY_ID": "CQ3", "ELEVATION_RELATIVE": 5.0}}, {"type": "Feature", "geometry": {"type": "LineString", "coordinates": [[-5.92059894, 54.60409067], [-5.92061069, 54.60408114]]}, "properties": {"DETAIL_ID": "CQ3.L02.W0", "USE_TYPE": "Wall", "LEVEL_ID": "CQ3.L02", "FACILITY_ID": "CQ3", "ELEVATION_RELATIVE": 8.9}}, {"type": "Feature", "geometry": {"type": "LineString", "coordinates": [[-5.9206355, 54.60410578], [-5.92064725, 54.60409624]]}, "properties": {"DETAIL_ID": "CQ3.L02.W1", "USE_TYPE": "Wall", "LEVEL_ID": "CQ3.L02", "FACILITY_ID": "CQ3", "ELEVATION_RELATIVE": 8.9}}, {"type": "Feature", "geometry": {"type": "LineString", "coordinates": [[-5.92061305, 54.60408931], [-5.92064141, 54.60406627]]}, "properties": {"DETAIL_ID": "CQ3.L02.W2", "USE_TYPE": "Wall", "LEVEL_ID": "CQ3.L02", "FACILITY_ID": "CQ3", "ELEVATION_RELATIVE": 8.9}}, {"type": "Feature", "geometry": {"type": "LineString", "coordinates": [[-5.92063325, 54.60409765], [-5.92064652, 54.60408688]]}, "properties": {"DETAIL_ID": "CQ3.L02.W3", "USE_TYPE": "Wall", "LEVEL_ID": "CQ3.L02", "FACILITY_ID": "CQ3", "ELEVATION_RELATIVE": 8.9}}, {"type": "Feature", "geometry": {"type": "LineString", "coordinates": [[-5.92031993, 54.6039754], [-5.92033168, 54.60396586]]}, "properties": {"DETAIL_ID": "CQ3.L02.W4", "USE_TYPE": "Wall", "LEVEL_ID": "CQ3.L02", "FACILITY_ID": "CQ3", "ELEVATION_RELATIVE": 8.9}}, {"type": "Feature", "geometry": {"type": "LineString", "coordinates": [[-5.92028327, 54.60396025], [-5.92029501, 54.60395071]]}, "properties": {"DETAIL_ID": "CQ3.L02.W5", "USE_TYPE": "Wall", "LEVEL_ID": "CQ3.L02", "FACILITY_ID": "CQ3", "ELEVATION_RELATIVE": 8.9}}, {"type": "Feature", "geometry": {"type": "LineString", "coordinates": [[-5.92031757, 54.60396723], [-5.92034594, 54.6039442]]}, "properties": {"DETAIL_ID": "CQ3.L02.W6", "USE_TYPE": "Wall", "LEVEL_ID": "CQ3.L02", "FACILITY_ID": "CQ3", "ELEVATION_RELATIVE": 8.9}}, {"type": "Feature", "geometry": {"type": "LineString", "coordinates": [[-5.92029737, 54.60395888], [-5.92031064, 54.60394811]]}, "properties": {"DETAIL_ID": "CQ3.L02.W7", "USE_TYPE": "Wall", "LEVEL_ID": "CQ3.L02", "FACILITY_ID": "CQ3", "ELEVATION_RELATIVE": 8.9}}, {"type": "Feature", "geometry": {"type": "LineString", "coordinates": [[-5.92063538, 54.60410515], [-5.92067411, 54.6040737]]}, "properties": {"DETAIL_ID": "CQ3.L02.W8", "USE_TYPE": "Wall", "LEVEL_ID": "CQ3.L02", "FACILITY_ID": "CQ3", "ELEVATION_RELATIVE": 8.9}}, {"type": "Feature", "geometry": {"type": "LineString", "coordinates": [[-5.92060003, 54.60409054], [-5.9206365, 54.60406092]]}, "properties": {"DETAIL_ID": "CQ3.L02.W9", "USE_TYPE": "Wall", "LEVEL_ID": "CQ3.L02", "FACILITY_ID": "CQ3", "ELEVATION_RELATIVE": 8.9}}, {"type": "Feature", "geometry": {"type": "LineString", "coordinates": [[-5.92060111, 54.60409044], [-5.92063713, 54.60406118]]}, "properties": {"DETAIL_ID": "CQ3.L02.W10", "USE_TYPE": "Wall", "LEVEL_ID": "CQ3.L02", "FACILITY_ID": "CQ3", "ELEVATION_RELATIVE": 8.9}}, {"type": "Feature", "geometry": {"type": "LineString", "coordinates": [[-5.9206352, 54.60410452], [-5.92067348, 54.60407344]]}, "properties": {"DETAIL_ID": "CQ3.L02.W11", "USE_TYPE": "Wall", "LEVEL_ID": "CQ3.L02", "FACILITY_ID": "CQ3", "ELEVATION_RELATIVE": 8.9}}, {"type": "Feature", "geometry": {"type": "LineString", "coordinates": [[-5.92028438, 54.60396013], [-5.9203231, 54.60392868]]}, "properties": {"DETAIL_ID": "CQ3.L02.W12", "USE_TYPE": "Wall", "LEVEL_ID": "CQ3.L02", "FACILITY_ID": "CQ3", "ELEVATION_RELATIVE": 8.9}}, {"type": "Feature", "geometry": {"type": "LineString", "coordinates": [[-5.92031973, 54.60397473], [-5.9203562, 54.60394511]]}, "properties": {"DETAIL_ID": "CQ3.L02.W13", "USE_TYPE": "Wall", "LEVEL_ID": "CQ3.L02", "FACILITY_ID": "CQ3", "ELEVATION_RELATIVE": 8.9}}, {"type": "Feature", "geometry": {"type": "LineString", "coordinates": [[-5.92031955, 54.60397411], [-5.92035557, 54.60394485]]}, "properties": {"DETAIL_ID": "CQ3.L02.W14", "USE_TYPE": "Wall", "LEVEL_ID": "CQ3.L02", "FACILITY_ID": "CQ3", "ELEVATION_RELATIVE": 8.9}}, {"type": "Feature", "geometry": {"type": "LineString", "coordinates": [[-5.92028546, 54.60396002], [-5.92032373, 54.60392894]]}, "properties": {"DETAIL_ID": "CQ3.L02.W15", "USE_TYPE": "Wall", "LEVEL_ID": "CQ3.L02", "FACILITY_ID": "CQ3", "ELEVATION_RELATIVE": 8.9}}, {"type": "Feature", "geometry": {"type": "LineString", "coordinates": [[-5.92027842, 54.60395881], [-5.92031861, 54.60392618]]}, "properties": {"DETAIL_ID": "CQ3.L02.W16", "USE_TYPE": "Wall", "LEVEL_ID": "CQ3.L02", "FACILITY_ID": "CQ3", "ELEVATION_RELATIVE": 8.9}}, {"type": "Feature", "geometry": {"type": "LineString", "coordinates": [[-5.92032044, 54.60392469], [-5.92036062, 54.60389206]]}, "properties": {"DETAIL_ID": "CQ3.L02.W17", "USE_TYPE": "Wall", "LEVEL_ID": "CQ3.L02", "FACILITY_ID": "CQ3", "ELEVATION_RELATIVE": 8.9}}, {"type": "Feature", "geometry": {"type": "LineString", "coordinates": [[-5.92028217, 54.60396036], [-5.92034317, 54.60391082]]}, "properties": {"DETAIL_ID": "CQ3.L02.W18", "USE_TYPE": "Wall", "LEVEL_ID": "CQ3.L02", "FACILITY_ID": "CQ3", "ELEVATION_RELATIVE": 8.9}}, {"type": "Feature", "geometry": {"type": "LineString", "coordinates": [[-5.92034591, 54.60390859], [-5.92036437, 54.60389361]]}, "properties": {"DETAIL_ID": "CQ3.L02.W19", "USE_TYPE": "Wall", "LEVEL_ID": "CQ3.L02", "FACILITY_ID": "CQ3", "ELEVATION_RELATIVE": 8.9}}, {"type": "Feature", "geometry": {"type": "LineString", "coordinates": [[-5.92068155, 54.60407389], [-5.92072174, 54.60404126]]}, "properties": {"DETAIL_ID": "CQ3.L02.W20", "USE_TYPE": "Wall", "LEVEL_ID": "CQ3.L02", "FACILITY_ID": "CQ3", "ELEVATION_RELATIVE": 8.9}}, {"type": "Feature", "geometry": {"type": "LineString", "coordinates": [[-5.92063954, 54.60410801], [-5.92067972, 54.60407537]]}, "properties": {"DETAIL_ID": "CQ3.L02.W21", "USE_TYPE": "Wall", "LEVEL_ID": "CQ3.L02", "FACILITY_ID": "CQ3", "ELEVATION_RELATIVE": 8.9}}, {"type": "Feature", "geometry": {"type": "LineString", "coordinates": [[-5.92069943, 54.60405465], [-5.92071789, 54.60403967]]}, "properties": {"DETAIL_ID": "CQ3.L02.W22", "USE_TYPE": "Wall", "LEVEL_ID": "CQ3.L02", "FACILITY_ID": "CQ3", "ELEVATION_RELATIVE": 8.9}}, {"type": "Feature", "geometry": {"type": "LineString", "coordinates": [[-5.92063569, 54.60410642], [-5.92069669, 54.60405688]]}, "properties": {"DETAIL_ID": "CQ3.L02.W23", "USE_TYPE": "Wall", "LEVEL_ID": "CQ3.L02", "FACILITY_ID": "CQ3", "ELEVATION_RELATIVE": 8.9}}, {"type": "Feature", "geometry": {"type": "LineString", "coordinates": [[-5.92032001, 54.60397599], [-5.92036629, 54.60393841]]}, "properties": {"DETAIL_ID": "CQ3.L02.W24", "USE_TYPE": "Wall", "LEVEL_ID": "CQ3.L02", "FACILITY_ID": "CQ3", "ELEVATION_RELATIVE": 8.9}}, {"type": "Feature", "geometry": {"type": "LineString", "coordinates": [[-5.92032119, 54.60397975], [-5.92037014, 54.60394]]}, "properties": {"DETAIL_ID": "CQ3.L02.W25", "USE_TYPE": "Wall", "LEVEL_ID": "CQ3.L02", "FACILITY_ID": "CQ3", "ELEVATION_RELATIVE": 8.9}}, {"type": "Feature", "geometry": {"type": "LineString", "coordinates": [[-5.92059133, 54.60409136], [-5.92064028, 54.60405161]]}, "properties": {"DETAIL_ID": "CQ3.L02.W26", "USE_TYPE": "Wall", "LEVEL_ID": "CQ3.L02", "FACILITY_ID": "CQ3", "ELEVATION_RELATIVE": 8.9}}, {"type": "Feature", "geometry": {"type": "LineString", "coordinates": [[-5.92059784, 54.60409078], [-5.92064413, 54.6040532]]}, "properties": {"DETAIL_ID": "CQ3.L02.W27", "USE_TYPE": "Wall", "LEVEL_ID": "CQ3.L02", "FACILITY_ID": "CQ3", "ELEVATION_RELATIVE": 8.9}}, {"type": "Feature", "geometry": {"type": "LineString", "coordinates": [[-5.92055261, 54.60398016], [-5.92056245, 54.60397218]]}, "properties": {"DETAIL_ID": "CQ3.L02.W28", "USE_TYPE": "Wall", "LEVEL_ID": "CQ3.L02", "FACILITY_ID": "CQ3", "ELEVATION_RELATIVE": 8.9}}, {"type": "Feature", "geometry": {"type": "LineString", "coordinates": [[-5.92052409, 54.60400332], [-5.92054095, 54.60398964]]}, "properties": {"DETAIL_ID": "CQ3.L02.W29", "USE_TYPE": "Wall", "LEVEL_ID": "CQ3.L02", "FACILITY_ID": "CQ3", "ELEVATION_RELATIVE": 8.9}}, {"type": "Feature", "geometry": {"type": "LineString", "coordinates": [[-5.92049596, 54.60402617], [-5.92051327, 54.60401211]]}, "properties": {"DETAIL_ID": "CQ3.L02.W30", "USE_TYPE": "Wall", "LEVEL_ID": "CQ3.L02", "FACILITY_ID": "CQ3", "ELEVATION_RELATIVE": 8.9}}, {"type": "Feature", "geometry": {"type": "LineString", "coordinates": [[-5.92047491, 54.60404326], [-5.92048521, 54.6040349]]}, "properties": {"DETAIL_ID": "CQ3.L02.W31", "USE_TYPE": "Wall", "LEVEL_ID": "CQ3.L02", "FACILITY_ID": "CQ3", "ELEVATION_RELATIVE": 8.9}}, {"type": "Feature", "geometry": {"type": "LineString", "coordinates": [[-5.9204376, 54.60402785], [-5.9204479, 54.60401949]]}, "properties": {"DETAIL_ID": "CQ3.L02.W32", "USE_TYPE": "Wall", "LEVEL_ID": "CQ3.L02", "FACILITY_ID": "CQ3", "ELEVATION_RELATIVE": 8.9}}, {"type": "Feature", "geometry": {"type": "LineString", "coordinates": [[-5.92045865, 54.60401076], [-5.92047596, 54.6039967]]}, "properties": {"DETAIL_ID": "CQ3.L02.W33", "USE_TYPE": "Wall", "LEVEL_ID": "CQ3.L02", "FACILITY_ID": "CQ3", "ELEVATION_RELATIVE": 8.9}}, {"type": "Feature", "geometry": {"type": "LineString", "coordinates": [[-5.92048679, 54.60398791], [-5.92050364, 54.60397422]]}, "properties": {"DETAIL_ID": "CQ3.L02.W34", "USE_TYPE": "Wall", "LEVEL_ID": "CQ3.L02", "FACILITY_ID": "CQ3", "ELEVATION_RELATIVE": 8.9}}, {"type": "Feature", "geometry": {"type": "LineString", "coordinates": [[-5.9205153, 54.60396475], [-5.92052514, 54.60395676]]}, "properties": {"DETAIL_ID": "CQ3.L02.W35", "USE_TYPE": "Wall", "LEVEL_ID": "CQ3.L02", "FACILITY_ID": "CQ3", "ELEVATION_RELATIVE": 8.9}}, {"type": "Feature", "geometry": {"type": "LineString", "coordinates": [[-5.92040104, 54.60400947], [-5.92046486, 54.60395764]]}, "properties": {"DETAIL_ID": "CQ3.L02.W36", "USE_TYPE": "Wall", "LEVEL_ID": "CQ3.L02", "FACILITY_ID": "CQ3", "ELEVATION_RELATIVE": 8.9}}, {"type": "Feature", "geometry": {"type": "LineString", "coordinates": [[-5.92040489, 54.60401106], [-5.92043104, 54.60398982]]}, "properties": {"DETAIL_ID": "CQ3.L02.W37", "USE_TYPE": "Wall", "LEVEL_ID": "CQ3.L02", "FACILITY_ID": "CQ3", "ELEVATION_RELATIVE": 8.9}}, {"type": "Feature", "geometry": {"type": "LineString", "coordinates": [[-5.92043287, 54.60398833], [-5.9204591, 54.60396703]]}, "properties": {"DETAIL_ID": "CQ3.L02.W38", "USE_TYPE": "Wall", "LEVEL_ID": "CQ3.L02", "FACILITY_ID": "CQ3", "ELEVATION_RELATIVE": 8.9}}, {"type": "Feature", "geometry": {"type": "LineString", "coordinates": [[-5.92051681, 54.6040573], [-5.92058064, 54.60400548]]}, "properties": {"DETAIL_ID": "CQ3.L02.W39", "USE_TYPE": "Wall", "LEVEL_ID": "CQ3.L02", "FACILITY_ID": "CQ3", "ELEVATION_RELATIVE": 8.9}}, {"type": "Feature", "geometry": {"type": "LineString", "coordinates": [[-5.92054106, 54.60403303], [-5.92056729, 54.60401173]]}, "properties": {"DETAIL_ID": "CQ3.L02.W40", "USE_TYPE": "Wall", "LEVEL_ID": "CQ3.L02", "FACILITY_ID": "CQ3", "ELEVATION_RELATIVE": 8.9}}, {"type": "Feature", "geometry": {"type": "LineString", "coordinates": [[-5.92051307, 54.60405576], [-5.92053923, 54.60403452]]}, "properties": {"DETAIL_ID": "CQ3.L02.W41", "USE_TYPE": "Wall", "LEVEL_ID": "CQ3.L02", "FACILITY_ID": "CQ3", "ELEVATION_RELATIVE": 8.9}}, {"type": "Feature", "geometry": {"type": "LineString", "coordinates": [[-5.92046452, 54.60400141], [-5.92043287, 54.60398833]]}, "properties": {"DETAIL_ID": "CQ3.L02.W42", "USE_TYPE": "Wall", "LEVEL_ID": "CQ3.L02", "FACILITY_ID": "CQ3", "ELEVATION_RELATIVE": 8.9}}, {"type": "Feature", "geometry": {"type": "LineString", "coordinates": [[-5.92046269, 54.60400289], [-5.92043104, 54.60398982]]}, "properties": {"DETAIL_ID": "CQ3.L02.W43", "USE_TYPE": "Wall", "LEVEL_ID": "CQ3.L02", "FACILITY_ID": "CQ3", "ELEVATION_RELATIVE": 8.9}}, {"type": "Feature", "geometry": {"type": "LineString", "coordinates": [[-5.92049258, 54.60397862], [-5.92046093, 54.60396555]]}, "properties": {"DETAIL_ID": "CQ3.L02.W44", "USE_TYPE": "Wall", "LEVEL_ID": "CQ3.L02", "FACILITY_ID": "CQ3", "ELEVATION_RELATIVE": 8.9}}, {"type": "Feature", "geometry": {"type": "LineString", "coordinates": [[-5.92049075, 54.60398011], [-5.9204591, 54.60396703]]}, "properties": {"DETAIL_ID": "CQ3.L02.W45", "USE_TYPE": "Wall", "LEVEL_ID": "CQ3.L02", "FACILITY_ID": "CQ3", "ELEVATION_RELATIVE": 8.9}}, {"type": "Feature", "geometry": {"type": "LineString", "coordinates": [[-5.92056912, 54.60401025], [-5.92053737, 54.60399713]]}, "properties": {"DETAIL_ID": "CQ3.L02.W46", "USE_TYPE": "Wall", "LEVEL_ID": "CQ3.L02", "FACILITY_ID": "CQ3", "ELEVATION_RELATIVE": 8.9}}, {"type": "Feature", "geometry": {"type": "LineString", "coordinates": [[-5.92056729, 54.60401173], [-5.92053554, 54.60399861]]}, "properties": {"DETAIL_ID": "CQ3.L02.W47", "USE_TYPE": "Wall", "LEVEL_ID": "CQ3.L02", "FACILITY_ID": "CQ3", "ELEVATION_RELATIVE": 8.9}}, {"type": "Feature", "geometry": {"type": "LineString", "coordinates": [[-5.92054106, 54.60403303], [-5.92050931, 54.60401991]]}, "properties": {"DETAIL_ID": "CQ3.L02.W48", "USE_TYPE": "Wall", "LEVEL_ID": "CQ3.L02", "FACILITY_ID": "CQ3", "ELEVATION_RELATIVE": 8.9}}, {"type": "Feature", "geometry": {"type": "LineString", "coordinates": [[-5.92053923, 54.60403452], [-5.92050748, 54.6040214]]}, "properties": {"DETAIL_ID": "CQ3.L02.W49", "USE_TYPE": "Wall", "LEVEL_ID": "CQ3.L02", "FACILITY_ID": "CQ3", "ELEVATION_RELATIVE": 8.9}}, {"type": "Feature", "geometry": {"type": "LineString", "coordinates": [[-5.92031861, 54.60392618], [-5.92030097, 54.60391889]]}, "properties": {"DETAIL_ID": "CQ3.L02.W50", "USE_TYPE": "Wall", "LEVEL_ID": "CQ3.L02", "FACILITY_ID": "CQ3", "ELEVATION_RELATIVE": 8.9}}, {"type": "Feature", "geometry": {"type": "LineString", "coordinates": [[-5.92032044, 54.60392469], [-5.9203028, 54.6039174]]}, "properties": {"DETAIL_ID": "CQ3.L02.W51", "USE_TYPE": "Wall", "LEVEL_ID": "CQ3.L02", "FACILITY_ID": "CQ3", "ELEVATION_RELATIVE": 8.9}}, {"type": "Feature", "geometry": {"type": "LineString", "coordinates": [[-5.92069725, 54.60408262], [-5.92067972, 54.60407537]]}, "properties": {"DETAIL_ID": "CQ3.L02.W52", "USE_TYPE": "Wall", "LEVEL_ID": "CQ3.L02", "FACILITY_ID": "CQ3", "ELEVATION_RELATIVE": 8.9}}, {"type": "Feature", "geometry": {"type": "LineString", "coordinates": [[-5.92069908, 54.60408113], [-5.92068155, 54.60407389]]}, "properties": {"DETAIL_ID": "CQ3.L02.W53", "USE_TYPE": "Wall", "LEVEL_ID": "CQ3.L02", "FACILITY_ID": "CQ3", "ELEVATION_RELATIVE": 8.9}}, {"type": "Feature", "geometry": {"type": "LineString", "coordinates": [[-5.92064954, 54.60406963], [-5.92063318, 54.60406287]]}, "properties": {"DETAIL_ID": "CQ3.L02.W54", "USE_TYPE": "Wall", "LEVEL_ID": "CQ3.L02", "FACILITY_ID": "CQ3", "ELEVATION_RELATIVE": 8.9}}, {"type": "Feature", "geometry": {"type": "LineString", "coordinates": [[-5.92064733, 54.60407143], [-5.92063097, 54.60406467]]}, "properties": {"DETAIL_ID": "CQ3.L02.W55", "USE_TYPE": "Wall", "LEVEL_ID": "CQ3.L02", "FACILITY_ID": "CQ3", "ELEVATION_RELATIVE": 8.9}}, {"type": "Feature", "geometry": {"type": "LineString", "coordinates": [[-5.92064504, 54.60407328], [-5.92062868, 54.60406653]]}, "properties": {"DETAIL_ID": "CQ3.L02.W56", "USE_TYPE": "Wall", "LEVEL_ID": "CQ3.L02", "FACILITY_ID": "CQ3", "ELEVATION_RELATIVE": 8.9}}, {"type": "Feature", "geometry": {"type": "LineString", "coordinates": [[-5.92064283, 54.60407508], [-5.92062647, 54.60406832]]}, "properties": {"DETAIL_ID": "CQ3.L02.W57", "USE_TYPE": "Wall", "LEVEL_ID": "CQ3.L02", "FACILITY_ID": "CQ3", "ELEVATION_RELATIVE": 8.9}}, {"type": "Feature", "geometry": {"type": "LineString", "coordinates": [[-5.92064054, 54.60407694], [-5.92062418, 54.60407018]]}, "properties": {"DETAIL_ID": "CQ3.L02.W58", "USE_TYPE": "Wall", "LEVEL_ID": "CQ3.L02", "FACILITY_ID": "CQ3", "ELEVATION_RELATIVE": 8.9}}, {"type": "Feature", "geometry": {"type": "LineString", "coordinates": [[-5.92063833, 54.60407873], [-5.92062197, 54.60407197]]}, "properties": {"DETAIL_ID": "CQ3.L02.W59", "USE_TYPE": "Wall", "LEVEL_ID": "CQ3.L02", "FACILITY_ID": "CQ3", "ELEVATION_RELATIVE": 8.9}}, {"type": "Feature", "geometry": {"type": "LineString", "coordinates": [[-5.92063604, 54.60408059], [-5.92061968, 54.60407383]]}, "properties": {"DETAIL_ID": "CQ3.L02.W60", "USE_TYPE": "Wall", "LEVEL_ID": "CQ3.L02", "FACILITY_ID": "CQ3", "ELEVATION_RELATIVE": 8.9}}, {"type": "Feature", "geometry": {"type": "LineString", "coordinates": [[-5.92063375, 54.60408245], [-5.9206174, 54.60407569]]}, "properties": {"DETAIL_ID": "CQ3.L02.W61", "USE_TYPE": "Wall", "LEVEL_ID": "CQ3.L02", "FACILITY_ID": "CQ3", "ELEVATION_RELATIVE": 8.9}}, {"type": "Feature", "geometry": {"type": "LineString", "coordinates": [[-5.92063154, 54.60408424], [-5.92061519, 54.60407749]]}, "properties": {"DETAIL_ID": "CQ3.L02.W62", "USE_TYPE": "Wall", "LEVEL_ID": "CQ3.L02", "FACILITY_ID": "CQ3", "ELEVATION_RELATIVE": 8.9}}, {"type": "Feature", "geometry": {"type": "LineString", "coordinates": [[-5.92062925, 54.6040861], [-5.9206129, 54.60407934]]}, "properties": {"DETAIL_ID": "CQ3.L02.W63", "USE_TYPE": "Wall", "LEVEL_ID": "CQ3.L02", "FACILITY_ID": "CQ3", "ELEVATION_RELATIVE": 8.9}}, {"type": "Feature", "geometry": {"type": "LineString", "coordinates": [[-5.9206355, 54.60410578], [-5.92059894, 54.60409067]]}, "properties": {"DETAIL_ID": "CQ3.L02.W64", "USE_TYPE": "Wall", "LEVEL_ID": "CQ3.L02", "FACILITY_ID": "CQ3", "ELEVATION_RELATIVE": 8.9}}, {"type": "Feature", "geometry": {"type": "LineString", "coordinates": [[-5.92062704, 54.6040879], [-5.92061069, 54.60408114]]}, "properties": {"DETAIL_ID": "CQ3.L02.W65", "USE_TYPE": "Wall", "LEVEL_ID": "CQ3.L02", "FACILITY_ID": "CQ3", "ELEVATION_RELATIVE": 8.9}}, {"type": "Feature", "geometry": {"type": "LineString", "coordinates": [[-5.92064725, 54.60409624], [-5.92063089, 54.60408949]]}, "properties": {"DETAIL_ID": "CQ3.L02.W66", "USE_TYPE": "Wall", "LEVEL_ID": "CQ3.L02", "FACILITY_ID": "CQ3", "ELEVATION_RELATIVE": 8.9}}, {"type": "Feature", "geometry": {"type": "LineString", "coordinates": [[-5.92064946, 54.60409445], [-5.9206331, 54.60408769]]}, "properties": {"DETAIL_ID": "CQ3.L02.W67", "USE_TYPE": "Wall", "LEVEL_ID": "CQ3.L02", "FACILITY_ID": "CQ3", "ELEVATION_RELATIVE": 8.9}}, {"type": "Feature", "geometry": {"type": "LineString", "coordinates": [[-5.92065175, 54.60409259], [-5.92063539, 54.60408583]]}, "properties": {"DETAIL_ID": "CQ3.L02.W68", "USE_TYPE": "Wall", "LEVEL_ID": "CQ3.L02", "FACILITY_ID": "CQ3", "ELEVATION_RELATIVE": 8.9}}, {"type": "Feature", "geometry": {"type": "LineString", "coordinates": [[-5.92063325, 54.60409765], [-5.92061305, 54.60408931]]}, "properties": {"DETAIL_ID": "CQ3.L02.W69", "USE_TYPE": "Wall", "LEVEL_ID": "CQ3.L02", "FACILITY_ID": "CQ3", "ELEVATION_RELATIVE": 8.9}}, {"type": "Feature", "geometry": {"type": "LineString", "coordinates": [[-5.92035417, 54.6039476], [-5.92033771, 54.6039408]]}, "properties": {"DETAIL_ID": "CQ3.L02.W70", "USE_TYPE": "Wall", "LEVEL_ID": "CQ3.L02", "FACILITY_ID": "CQ3", "ELEVATION_RELATIVE": 8.9}}, {"type": "Feature", "geometry": {"type": "LineString", "coordinates": [[-5.92035196, 54.60394939], [-5.9203355, 54.60394259]]}, "properties": {"DETAIL_ID": "CQ3.L02.W71", "USE_TYPE": "Wall", "LEVEL_ID": "CQ3.L02", "FACILITY_ID": "CQ3", "ELEVATION_RELATIVE": 8.9}}, {"type": "Feature", "geometry": {"type": "LineString", "coordinates": [[-5.92034967, 54.60395125], [-5.92033321, 54.60394445]]}, "properties": {"DETAIL_ID": "CQ3.L02.W72", "USE_TYPE": "Wall", "LEVEL_ID": "CQ3.L02", "FACILITY_ID": "CQ3", "ELEVATION_RELATIVE": 8.9}}, {"type": "Feature", "geometry": {"type": "LineString", "coordinates": [[-5.92034746, 54.60395305], [-5.920331, 54.60394624]]}, "properties": {"DETAIL_ID": "CQ3.L02.W73", "USE_TYPE": "Wall", "LEVEL_ID": "CQ3.L02", "FACILITY_ID": "CQ3", "ELEVATION_RELATIVE": 8.9}}, {"type": "Feature", "geometry": {"type": "LineString", "coordinates": [[-5.92034517, 54.6039549], [-5.92032871, 54.6039481]]}, "properties": {"DETAIL_ID": "CQ3.L02.W74", "USE_TYPE": "Wall", "LEVEL_ID": "CQ3.L02", "FACILITY_ID": "CQ3", "ELEVATION_RELATIVE": 8.9}}, {"type": "Feature", "geometry": {"type": "LineString", "coordinates": [[-5.92034296, 54.6039567], [-5.9203265, 54.6039499]]}, "properties": {"DETAIL_ID": "CQ3.L02.W75", "USE_TYPE": "Wall", "LEVEL_ID": "CQ3.L02", "FACILITY_ID": "CQ3", "ELEVATION_RELATIVE": 8.9}}, {"type": "Feature", "geometry": {"type": "LineString", "coordinates": [[-5.92034067, 54.60395856], [-5.92032421, 54.60395175]]}, "properties": {"DETAIL_ID": "CQ3.L02.W76", "USE_TYPE": "Wall", "LEVEL_ID": "CQ3.L02", "FACILITY_ID": "CQ3", "ELEVATION_RELATIVE": 8.9}}, {"type": "Feature", "geometry": {"type": "LineString", "coordinates": [[-5.92033839, 54.60396041], [-5.92032192, 54.60395361]]}, "properties": {"DETAIL_ID": "CQ3.L02.W77", "USE_TYPE": "Wall", "LEVEL_ID": "CQ3.L02", "FACILITY_ID": "CQ3", "ELEVATION_RELATIVE": 8.9}}, {"type": "Feature", "geometry": {"type": "LineString", "coordinates": [[-5.92033617, 54.60396221], [-5.92031971, 54.60395541]]}, "properties": {"DETAIL_ID": "CQ3.L02.W78", "USE_TYPE": "Wall", "LEVEL_ID": "CQ3.L02", "FACILITY_ID": "CQ3", "ELEVATION_RELATIVE": 8.9}}, {"type": "Feature", "geometry": {"type": "LineString", "coordinates": [[-5.92033389, 54.60396407], [-5.92031742, 54.60395727]]}, "properties": {"DETAIL_ID": "CQ3.L02.W79", "USE_TYPE": "Wall", "LEVEL_ID": "CQ3.L02", "FACILITY_ID": "CQ3", "ELEVATION_RELATIVE": 8.9}}, {"type": "Feature", "geometry": {"type": "LineString", "coordinates": [[-5.92031993, 54.6039754], [-5.92028327, 54.60396025]]}, "properties": {"DETAIL_ID": "CQ3.L02.W80", "USE_TYPE": "Wall", "LEVEL_ID": "CQ3.L02", "FACILITY_ID": "CQ3", "ELEVATION_RELATIVE": 8.9}}, {"type": "Feature", "geometry": {"type": "LineString", "coordinates": [[-5.92033168, 54.60396586], [-5.92031521, 54.60395906]]}, "properties": {"DETAIL_ID": "CQ3.L02.W81", "USE_TYPE": "Wall", "LEVEL_ID": "CQ3.L02", "FACILITY_ID": "CQ3", "ELEVATION_RELATIVE": 8.9}}, {"type": "Feature", "geometry": {"type": "LineString", "coordinates": [[-5.92031147, 54.60395752], [-5.92029501, 54.60395071]]}, "properties": {"DETAIL_ID": "CQ3.L02.W82", "USE_TYPE": "Wall", "LEVEL_ID": "CQ3.L02", "FACILITY_ID": "CQ3", "ELEVATION_RELATIVE": 8.9}}, {"type": "Feature", "geometry": {"type": "LineString", "coordinates": [[-5.92031368, 54.60395572], [-5.92029722, 54.60394892]]}, "properties": {"DETAIL_ID": "CQ3.L02.W83", "USE_TYPE": "Wall", "LEVEL_ID": "CQ3.L02", "FACILITY_ID": "CQ3", "ELEVATION_RELATIVE": 8.9}}, {"type": "Feature", "geometry": {"type": "LineString", "coordinates": [[-5.92031597, 54.60395386], [-5.92029951, 54.60394706]]}, "properties": {"DETAIL_ID": "CQ3.L02.W84", "USE_TYPE": "Wall", "LEVEL_ID": "CQ3.L02", "FACILITY_ID": "CQ3", "ELEVATION_RELATIVE": 8.9}}, {"type": "Feature", "geometry": {"type": "LineString", "coordinates": [[-5.92031757, 54.60396723], [-5.92029737, 54.60395888]]}, "properties": {"DETAIL_ID": "CQ3.L02.W85", "USE_TYPE": "Wall", "LEVEL_ID": "CQ3.L02", "FACILITY_ID": "CQ3", "ELEVATION_RELATIVE": 8.9}}, {"type": "Feature", "geometry": {"type": "LineString", "coordinates": [[-5.92063538, 54.60410515], [-5.92060003, 54.60409054]]}, "properties": {"DETAIL_ID": "CQ3.L02.W86", "USE_TYPE": "Wall", "LEVEL_ID": "CQ3.L02", "FACILITY_ID": "CQ3", "ELEVATION_RELATIVE": 8.9}}, {"type": "Feature", "geometry": {"type": "LineString", "coordinates": [[-5.9206352, 54.60410452], [-5.92060111, 54.60409044]]}, "properties": {"DETAIL_ID": "CQ3.L02.W87", "USE_TYPE": "Wall", "LEVEL_ID": "CQ3.L02", "FACILITY_ID": "CQ3", "ELEVATION_RELATIVE": 8.9}}, {"type": "Feature", "geometry": {"type": "LineString", "coordinates": [[-5.92031973, 54.60397473], [-5.92028438, 54.60396013]]}, "properties": {"DETAIL_ID": "CQ3.L02.W88", "USE_TYPE": "Wall", "LEVEL_ID": "CQ3.L02", "FACILITY_ID": "CQ3", "ELEVATION_RELATIVE": 8.9}}, {"type": "Feature", "geometry": {"type": "LineString", "coordinates": [[-5.92031955, 54.60397411], [-5.92028546, 54.60396002]]}, "properties": {"DETAIL_ID": "CQ3.L02.W89", "USE_TYPE": "Wall", "LEVEL_ID": "CQ3.L02", "FACILITY_ID": "CQ3", "ELEVATION_RELATIVE": 8.9}}, {"type": "Feature", "geometry": {"type": "LineString", "coordinates": [[-5.92039387, 54.6039058], [-5.92036437, 54.60389361]]}, "properties": {"DETAIL_ID": "CQ3.L02.W90", "USE_TYPE": "Wall", "LEVEL_ID": "CQ3.L02", "FACILITY_ID": "CQ3", "ELEVATION_RELATIVE": 8.9}}, {"type": "Feature", "geometry": {"type": "LineString", "coordinates": [[-5.92036062, 54.60389206], [-5.92034544, 54.60388579]]}, "properties": {"DETAIL_ID": "CQ3.L02.W91", "USE_TYPE": "Wall", "LEVEL_ID": "CQ3.L02", "FACILITY_ID": "CQ3", "ELEVATION_RELATIVE": 8.9}}, {"type": "Feature", "geometry": {"type": "LineString", "coordinates": [[-5.92040937, 54.60390893], [-5.92034437, 54.60388208]]}, "properties": {"DETAIL_ID": "CQ3.L02.W92", "USE_TYPE": "Wall", "LEVEL_ID": "CQ3.L02", "FACILITY_ID": "CQ3", "ELEVATION_RELATIVE": 8.9}}, {"type": "Feature", "geometry": {"type": "LineString", "coordinates": [[-5.92051873, 54.60395738], [-5.92048709, 54.60394431]]}, "properties": {"DETAIL_ID": "CQ3.L02.W93", "USE_TYPE": "Wall", "LEVEL_ID": "CQ3.L02", "FACILITY_ID": "CQ3", "ELEVATION_RELATIVE": 8.9}}, {"type": "Feature", "geometry": {"type": "LineString", "coordinates": [[-5.92048324, 54.60394272], [-5.9204299, 54.60392068]]}, "properties": {"DETAIL_ID": "CQ3.L02.W94", "USE_TYPE": "Wall", "LEVEL_ID": "CQ3.L02", "FACILITY_ID": "CQ3", "ELEVATION_RELATIVE": 8.9}}, {"type": "Feature", "geometry": {"type": "LineString", "coordinates": [[-5.92052514, 54.60395676], [-5.92043256, 54.60391851]]}, "properties": {"DETAIL_ID": "CQ3.L02.W95", "USE_TYPE": "Wall", "LEVEL_ID": "CQ3.L02", "FACILITY_ID": "CQ3", "ELEVATION_RELATIVE": 8.9}}, {"type": "Feature", "geometry": {"type": "LineString", "coordinates": [[-5.92065236, 54.60401259], [-5.92059901, 54.60399055]]}, "properties": {"DETAIL_ID": "CQ3.L02.W96", "USE_TYPE": "Wall", "LEVEL_ID": "CQ3.L02", "FACILITY_ID": "CQ3", "ELEVATION_RELATIVE": 8.9}}, {"type": "Feature", "geometry": {"type": "LineString", "coordinates": [[-5.92059527, 54.60398901], [-5.92056352, 54.60397589]]}, "properties": {"DETAIL_ID": "CQ3.L02.W97", "USE_TYPE": "Wall", "LEVEL_ID": "CQ3.L02", "FACILITY_ID": "CQ3", "ELEVATION_RELATIVE": 8.9}}, {"type": "Feature", "geometry": {"type": "LineString", "coordinates": [[-5.92065503, 54.60401042], [-5.92056245, 54.60397218]]}, "properties": {"DETAIL_ID": "CQ3.L02.W98", "USE_TYPE": "Wall", "LEVEL_ID": "CQ3.L02", "FACILITY_ID": "CQ3", "ELEVATION_RELATIVE": 8.9}}, {"type": "Feature", "geometry": {"type": "LineString", "coordinates": [[-5.92073681, 54.60404748], [-5.92072174, 54.60404126]]}, "properties": {"DETAIL_ID": "CQ3.L02.W99", "USE_TYPE": "Wall", "LEVEL_ID": "CQ3.L02", "FACILITY_ID": "CQ3", "ELEVATION_RELATIVE": 8.9}}, {"type": "Feature", "geometry": {"type": "LineString", "coordinates": [[-5.92071789, 54.60403967], [-5.92067566, 54.60402222]]}, "properties": {"DETAIL_ID": "CQ3.L02.W100", "USE_TYPE": "Wall", "LEVEL_ID": "CQ3.L02", "FACILITY_ID": "CQ3", "ELEVATION_RELATIVE": 8.9}}, {"type": "Feature", "geometry": {"type": "LineString", "coordinates": [[-5.92074333, 54.60404691], [-5.92067833, 54.60402005]]}, "properties": {"DETAIL_ID": "CQ3.L02.W101", "USE_TYPE": "Wall", "LEVEL_ID": "CQ3.L02", "FACILITY_ID": "CQ3", "ELEVATION_RELATIVE": 8.9}}, {"type": "Feature", "geometry": {"type": "LineString", "coordinates": [[-5.92063569, 54.60410642], [-5.92059784, 54.60409078]]}, "properties": {"DETAIL_ID": "CQ3.L02.W102", "USE_TYPE": "Wall", "LEVEL_ID": "CQ3.L02", "FACILITY_ID": "CQ3", "ELEVATION_RELATIVE": 8.9}}, {"type": "Feature", "geometry": {"type": "LineString", "coordinates": [[-5.92065461, 54.60411423], [-5.92063954, 54.60410801]]}, "properties": {"DETAIL_ID": "CQ3.L02.W103", "USE_TYPE": "Wall", "LEVEL_ID": "CQ3.L02", "FACILITY_ID": "CQ3", "ELEVATION_RELATIVE": 8.9}}, {"type": "Feature", "geometry": {"type": "LineString", "coordinates": [[-5.92065579, 54.60411799], [-5.92059133, 54.60409136]]}, "properties": {"DETAIL_ID": "CQ3.L02.W104", "USE_TYPE": "Wall", "LEVEL_ID": "CQ3.L02", "FACILITY_ID": "CQ3", "ELEVATION_RELATIVE": 8.9}}, {"type": "Feature", "geometry": {"type": "LineString", "coordinates": [[-5.92040104, 54.60400947], [-5.92034834, 54.6039877]]}, "properties": {"DETAIL_ID": "CQ3.L02.W105", "USE_TYPE": "Wall", "LEVEL_ID": "CQ3.L02", "FACILITY_ID": "CQ3", "ELEVATION_RELATIVE": 8.9}}, {"type": "Feature", "geometry": {"type": "LineString", "coordinates": [[-5.92043653, 54.60402413], [-5.92040489, 54.60401106]]}, "properties": {"DETAIL_ID": "CQ3.L02.W106", "USE_TYPE": "Wall", "LEVEL_ID": "CQ3.L02", "FACILITY_ID": "CQ3", "ELEVATION_RELATIVE": 8.9}}, {"type": "Feature", "geometry": {"type": "LineString", "coordinates": [[-5.9204376, 54.60402785], [-5.92034567, 54.60398986]]}, "properties": {"DETAIL_ID": "CQ3.L02.W107", "USE_TYPE": "Wall", "LEVEL_ID": "CQ3.L02", "FACILITY_ID": "CQ3", "ELEVATION_RELATIVE": 8.9}}, {"type": "Feature", "geometry": {"type": "LineString", "coordinates": [[-5.92027842, 54.60395881], [-5.92026325, 54.60395254]]}, "properties": {"DETAIL_ID": "CQ3.L02.W108", "USE_TYPE": "Wall", "LEVEL_ID": "CQ3.L02", "FACILITY_ID": "CQ3", "ELEVATION_RELATIVE": 8.9}}, {"type": "Feature", "geometry": {"type": "LineString", "coordinates": [[-5.92032001, 54.60397599], [-5.92028217, 54.60396036]]}, "properties": {"DETAIL_ID": "CQ3.L02.W109", "USE_TYPE": "Wall", "LEVEL_ID": "CQ3.L02", "FACILITY_ID": "CQ3", "ELEVATION_RELATIVE": 8.9}}, {"type": "Feature", "geometry": {"type": "LineString", "coordinates": [[-5.92032119, 54.60397975], [-5.92025683, 54.60395316]]}, "properties": {"DETAIL_ID": "CQ3.L02.W110", "USE_TYPE": "Wall", "LEVEL_ID": "CQ3.L02", "FACILITY_ID": "CQ3", "ELEVATION_RELATIVE": 8.9}}, {"type": "Feature", "geometry": {"type": "LineString", "coordinates": [[-5.9203876, 54.60392582], [-5.92034591, 54.60390859]]}, "properties": {"DETAIL_ID": "CQ3.L02.W111", "USE_TYPE": "Wall", "LEVEL_ID": "CQ3.L02", "FACILITY_ID": "CQ3", "ELEVATION_RELATIVE": 8.9}}, {"type": "Feature", "geometry": {"type": "LineString", "coordinates": [[-5.92038101, 54.60392646], [-5.92034317, 54.60391082]]}, "properties": {"DETAIL_ID": "CQ3.L02.W112", "USE_TYPE": "Wall", "LEVEL_ID": "CQ3.L02", "FACILITY_ID": "CQ3", "ELEVATION_RELATIVE": 8.9}}, {"type": "Feature", "geometry": {"type": "LineString", "coordinates": [[-5.92069669, 54.60405688], [-5.92065885, 54.60404124]]}, "properties": {"DETAIL_ID": "CQ3.L02.W113", "USE_TYPE": "Wall", "LEVEL_ID": "CQ3.L02", "FACILITY_ID": "CQ3", "ELEVATION_RELATIVE": 8.9}}, {"type": "Feature", "geometry": {"type": "LineString", "coordinates": [[-5.92069943, 54.60405465], [-5.92065774, 54.60403743]]}, "properties": {"DETAIL_ID": "CQ3.L02.W114", "USE_TYPE": "Wall", "LEVEL_ID": "CQ3.L02", "FACILITY_ID": "CQ3", "ELEVATION_RELATIVE": 8.9}}, {"type": "Feature", "geometry": {"type": "LineString", "coordinates": [[-5.92051307, 54.60405576], [-5.92048132, 54.60404264]]}, "properties": {"DETAIL_ID": "CQ3.L02.W115", "USE_TYPE": "Wall", "LEVEL_ID": "CQ3.L02", "FACILITY_ID": "CQ3", "ELEVATION_RELATIVE": 8.9}}, {"type": "Feature", "geometry": {"type": "LineString", "coordinates": [[-5.92056952, 54.60407908], [-5.92051681, 54.6040573]]}, "properties": {"DETAIL_ID": "CQ3.L02.W116", "USE_TYPE": "Wall", "LEVEL_ID": "CQ3.L02", "FACILITY_ID": "CQ3", "ELEVATION_RELATIVE": 8.9}}, {"type": "Feature", "geometry": {"type": "LineString", "coordinates": [[-5.92056685, 54.60408124], [-5.92047491, 54.60404326]]}, "properties": {"DETAIL_ID": "CQ3.L02.W117", "USE_TYPE": "Wall", "LEVEL_ID": "CQ3.L02", "FACILITY_ID": "CQ3", "ELEVATION_RELATIVE": 8.9}}, {"type": "Feature", "geometry": {"type": "LineString", "coordinates": [[-5.92059894, 54.60409067], [-5.92061069, 54.60408114]]}, "properties": {"DETAIL_ID": "CQ3.L03.W0", "USE_TYPE": "Wall", "LEVEL_ID": "CQ3.L03", "FACILITY_ID": "CQ3", "ELEVATION_RELATIVE": 12.8}}, {"type": "Feature", "geometry": {"type": "LineString", "coordinates": [[-5.9206355, 54.60410578], [-5.92064725, 54.60409624]]}, "properties": {"DETAIL_ID": "CQ3.L03.W1", "USE_TYPE": "Wall", "LEVEL_ID": "CQ3.L03", "FACILITY_ID": "CQ3", "ELEVATION_RELATIVE": 12.8}}, {"type": "Feature", "geometry": {"type": "LineString", "coordinates": [[-5.92061305, 54.60408931], [-5.92064141, 54.60406627]]}, "properties": {"DETAIL_ID": "CQ3.L03.W2", "USE_TYPE": "Wall", "LEVEL_ID": "CQ3.L03", "FACILITY_ID": "CQ3", "ELEVATION_RELATIVE": 12.8}}, {"type": "Feature", "geometry": {"type": "LineString", "coordinates": [[-5.92063325, 54.60409765], [-5.92064652, 54.60408688]]}, "properties": {"DETAIL_ID": "CQ3.L03.W3", "USE_TYPE": "Wall", "LEVEL_ID": "CQ3.L03", "FACILITY_ID": "CQ3", "ELEVATION_RELATIVE": 12.8}}, {"type": "Feature", "geometry": {"type": "LineString", "coordinates": [[-5.92031993, 54.6039754], [-5.92033168, 54.60396586]]}, "properties": {"DETAIL_ID": "CQ3.L03.W4", "USE_TYPE": "Wall", "LEVEL_ID": "CQ3.L03", "FACILITY_ID": "CQ3", "ELEVATION_RELATIVE": 12.8}}, {"type": "Feature", "geometry": {"type": "LineString", "coordinates": [[-5.92028327, 54.60396025], [-5.92029501, 54.60395071]]}, "properties": {"DETAIL_ID": "CQ3.L03.W5", "USE_TYPE": "Wall", "LEVEL_ID": "CQ3.L03", "FACILITY_ID": "CQ3", "ELEVATION_RELATIVE": 12.8}}, {"type": "Feature", "geometry": {"type": "LineString", "coordinates": [[-5.92031757, 54.60396723], [-5.92034594, 54.6039442]]}, "properties": {"DETAIL_ID": "CQ3.L03.W6", "USE_TYPE": "Wall", "LEVEL_ID": "CQ3.L03", "FACILITY_ID": "CQ3", "ELEVATION_RELATIVE": 12.8}}, {"type": "Feature", "geometry": {"type": "LineString", "coordinates": [[-5.92029737, 54.60395888], [-5.92031064, 54.60394811]]}, "properties": {"DETAIL_ID": "CQ3.L03.W7", "USE_TYPE": "Wall", "LEVEL_ID": "CQ3.L03", "FACILITY_ID": "CQ3", "ELEVATION_RELATIVE": 12.8}}, {"type": "Feature", "geometry": {"type": "LineString", "coordinates": [[-5.92063538, 54.60410515], [-5.92067411, 54.6040737]]}, "properties": {"DETAIL_ID": "CQ3.L03.W8", "USE_TYPE": "Wall", "LEVEL_ID": "CQ3.L03", "FACILITY_ID": "CQ3", "ELEVATION_RELATIVE": 12.8}}, {"type": "Feature", "geometry": {"type": "LineString", "coordinates": [[-5.92060003, 54.60409054], [-5.9206365, 54.60406092]]}, "properties": {"DETAIL_ID": "CQ3.L03.W9", "USE_TYPE": "Wall", "LEVEL_ID": "CQ3.L03", "FACILITY_ID": "CQ3", "ELEVATION_RELATIVE": 12.8}}, {"type": "Feature", "geometry": {"type": "LineString", "coordinates": [[-5.92060111, 54.60409044], [-5.92063713, 54.60406118]]}, "properties": {"DETAIL_ID": "CQ3.L03.W10", "USE_TYPE": "Wall", "LEVEL_ID": "CQ3.L03", "FACILITY_ID": "CQ3", "ELEVATION_RELATIVE": 12.8}}, {"type": "Feature", "geometry": {"type": "LineString", "coordinates": [[-5.9206352, 54.60410452], [-5.92067348, 54.60407344]]}, "properties": {"DETAIL_ID": "CQ3.L03.W11", "USE_TYPE": "Wall", "LEVEL_ID": "CQ3.L03", "FACILITY_ID": "CQ3", "ELEVATION_RELATIVE": 12.8}}, {"type": "Feature", "geometry": {"type": "LineString", "coordinates": [[-5.92028438, 54.60396013], [-5.9203231, 54.60392868]]}, "properties": {"DETAIL_ID": "CQ3.L03.W12", "USE_TYPE": "Wall", "LEVEL_ID": "CQ3.L03", "FACILITY_ID": "CQ3", "ELEVATION_RELATIVE": 12.8}}, {"type": "Feature", "geometry": {"type": "LineString", "coordinates": [[-5.92031973, 54.60397473], [-5.9203562, 54.60394511]]}, "properties": {"DETAIL_ID": "CQ3.L03.W13", "USE_TYPE": "Wall", "LEVEL_ID": "CQ3.L03", "FACILITY_ID": "CQ3", "ELEVATION_RELATIVE": 12.8}}, {"type": "Feature", "geometry": {"type": "LineString", "coordinates": [[-5.92031955, 54.60397411], [-5.92035557, 54.60394485]]}, "properties": {"DETAIL_ID": "CQ3.L03.W14", "USE_TYPE": "Wall", "LEVEL_ID": "CQ3.L03", "FACILITY_ID": "CQ3", "ELEVATION_RELATIVE": 12.8}}, {"type": "Feature", "geometry": {"type": "LineString", "coordinates": [[-5.92028546, 54.60396002], [-5.92032373, 54.60392894]]}, "properties": {"DETAIL_ID": "CQ3.L03.W15", "USE_TYPE": "Wall", "LEVEL_ID": "CQ3.L03", "FACILITY_ID": "CQ3", "ELEVATION_RELATIVE": 12.8}}, {"type": "Feature", "geometry": {"type": "LineString", "coordinates": [[-5.92027842, 54.60395881], [-5.92031861, 54.60392618]]}, "properties": {"DETAIL_ID": "CQ3.L03.W16", "USE_TYPE": "Wall", "LEVEL_ID": "CQ3.L03", "FACILITY_ID": "CQ3", "ELEVATION_RELATIVE": 12.8}}, {"type": "Feature", "geometry": {"type": "LineString", "coordinates": [[-5.92032044, 54.60392469], [-5.92036062, 54.60389206]]}, "properties": {"DETAIL_ID": "CQ3.L03.W17", "USE_TYPE": "Wall", "LEVEL_ID": "CQ3.L03", "FACILITY_ID": "CQ3", "ELEVATION_RELATIVE": 12.8}}, {"type": "Feature", "geometry": {"type": "LineString", "coordinates": [[-5.92028217, 54.60396036], [-5.92034317, 54.60391082]]}, "properties": {"DETAIL_ID": "CQ3.L03.W18", "USE_TYPE": "Wall", "LEVEL_ID": "CQ3.L03", "FACILITY_ID": "CQ3", "ELEVATION_RELATIVE": 12.8}}, {"type": "Feature", "geometry": {"type": "LineString", "coordinates": [[-5.92034591, 54.60390859], [-5.92036437, 54.60389361]]}, "properties": {"DETAIL_ID": "CQ3.L03.W19", "USE_TYPE": "Wall", "LEVEL_ID": "CQ3.L03", "FACILITY_ID": "CQ3", "ELEVATION_RELATIVE": 12.8}}, {"type": "Feature", "geometry": {"type": "LineString", "coordinates": [[-5.92068155, 54.60407389], [-5.92072174, 54.60404126]]}, "properties": {"DETAIL_ID": "CQ3.L03.W20", "USE_TYPE": "Wall", "LEVEL_ID": "CQ3.L03", "FACILITY_ID": "CQ3", "ELEVATION_RELATIVE": 12.8}}, {"type": "Feature", "geometry": {"type": "LineString", "coordinates": [[-5.92063954, 54.60410801], [-5.92067972, 54.60407537]]}, "properties": {"DETAIL_ID": "CQ3.L03.W21", "USE_TYPE": "Wall", "LEVEL_ID": "CQ3.L03", "FACILITY_ID": "CQ3", "ELEVATION_RELATIVE": 12.8}}, {"type": "Feature", "geometry": {"type": "LineString", "coordinates": [[-5.92069943, 54.60405465], [-5.92071789, 54.60403967]]}, "properties": {"DETAIL_ID": "CQ3.L03.W22", "USE_TYPE": "Wall", "LEVEL_ID": "CQ3.L03", "FACILITY_ID": "CQ3", "ELEVATION_RELATIVE": 12.8}}, {"type": "Feature", "geometry": {"type": "LineString", "coordinates": [[-5.92063569, 54.60410642], [-5.92069669, 54.60405688]]}, "properties": {"DETAIL_ID": "CQ3.L03.W23", "USE_TYPE": "Wall", "LEVEL_ID": "CQ3.L03", "FACILITY_ID": "CQ3", "ELEVATION_RELATIVE": 12.8}}, {"type": "Feature", "geometry": {"type": "LineString", "coordinates": [[-5.92032001, 54.60397599], [-5.92036629, 54.60393841]]}, "properties": {"DETAIL_ID": "CQ3.L03.W24", "USE_TYPE": "Wall", "LEVEL_ID": "CQ3.L03", "FACILITY_ID": "CQ3", "ELEVATION_RELATIVE": 12.8}}, {"type": "Feature", "geometry": {"type": "LineString", "coordinates": [[-5.92032119, 54.60397975], [-5.92037014, 54.60394]]}, "properties": {"DETAIL_ID": "CQ3.L03.W25", "USE_TYPE": "Wall", "LEVEL_ID": "CQ3.L03", "FACILITY_ID": "CQ3", "ELEVATION_RELATIVE": 12.8}}, {"type": "Feature", "geometry": {"type": "LineString", "coordinates": [[-5.92059133, 54.60409136], [-5.92064028, 54.60405161]]}, "properties": {"DETAIL_ID": "CQ3.L03.W26", "USE_TYPE": "Wall", "LEVEL_ID": "CQ3.L03", "FACILITY_ID": "CQ3", "ELEVATION_RELATIVE": 12.8}}, {"type": "Feature", "geometry": {"type": "LineString", "coordinates": [[-5.92059784, 54.60409078], [-5.92064413, 54.6040532]]}, "properties": {"DETAIL_ID": "CQ3.L03.W27", "USE_TYPE": "Wall", "LEVEL_ID": "CQ3.L03", "FACILITY_ID": "CQ3", "ELEVATION_RELATIVE": 12.8}}, {"type": "Feature", "geometry": {"type": "LineString", "coordinates": [[-5.92055261, 54.60398016], [-5.92056245, 54.60397218]]}, "properties": {"DETAIL_ID": "CQ3.L03.W28", "USE_TYPE": "Wall", "LEVEL_ID": "CQ3.L03", "FACILITY_ID": "CQ3", "ELEVATION_RELATIVE": 12.8}}, {"type": "Feature", "geometry": {"type": "LineString", "coordinates": [[-5.92052409, 54.60400332], [-5.92054095, 54.60398964]]}, "properties": {"DETAIL_ID": "CQ3.L03.W29", "USE_TYPE": "Wall", "LEVEL_ID": "CQ3.L03", "FACILITY_ID": "CQ3", "ELEVATION_RELATIVE": 12.8}}, {"type": "Feature", "geometry": {"type": "LineString", "coordinates": [[-5.92049596, 54.60402617], [-5.92051327, 54.60401211]]}, "properties": {"DETAIL_ID": "CQ3.L03.W30", "USE_TYPE": "Wall", "LEVEL_ID": "CQ3.L03", "FACILITY_ID": "CQ3", "ELEVATION_RELATIVE": 12.8}}, {"type": "Feature", "geometry": {"type": "LineString", "coordinates": [[-5.92047491, 54.60404326], [-5.92048521, 54.6040349]]}, "properties": {"DETAIL_ID": "CQ3.L03.W31", "USE_TYPE": "Wall", "LEVEL_ID": "CQ3.L03", "FACILITY_ID": "CQ3", "ELEVATION_RELATIVE": 12.8}}, {"type": "Feature", "geometry": {"type": "LineString", "coordinates": [[-5.9204376, 54.60402785], [-5.9204479, 54.60401949]]}, "properties": {"DETAIL_ID": "CQ3.L03.W32", "USE_TYPE": "Wall", "LEVEL_ID": "CQ3.L03", "FACILITY_ID": "CQ3", "ELEVATION_RELATIVE": 12.8}}, {"type": "Feature", "geometry": {"type": "LineString", "coordinates": [[-5.92045865, 54.60401076], [-5.92047596, 54.6039967]]}, "properties": {"DETAIL_ID": "CQ3.L03.W33", "USE_TYPE": "Wall", "LEVEL_ID": "CQ3.L03", "FACILITY_ID": "CQ3", "ELEVATION_RELATIVE": 12.8}}, {"type": "Feature", "geometry": {"type": "LineString", "coordinates": [[-5.92048679, 54.60398791], [-5.92050364, 54.60397422]]}, "properties": {"DETAIL_ID": "CQ3.L03.W34", "USE_TYPE": "Wall", "LEVEL_ID": "CQ3.L03", "FACILITY_ID": "CQ3", "ELEVATION_RELATIVE": 12.8}}, {"type": "Feature", "geometry": {"type": "LineString", "coordinates": [[-5.9205153, 54.60396475], [-5.92052514, 54.60395676]]}, "properties": {"DETAIL_ID": "CQ3.L03.W35", "USE_TYPE": "Wall", "LEVEL_ID": "CQ3.L03", "FACILITY_ID": "CQ3", "ELEVATION_RELATIVE": 12.8}}, {"type": "Feature", "geometry": {"type": "LineString", "coordinates": [[-5.92040104, 54.60400947], [-5.92046486, 54.60395764]]}, "properties": {"DETAIL_ID": "CQ3.L03.W36", "USE_TYPE": "Wall", "LEVEL_ID": "CQ3.L03", "FACILITY_ID": "CQ3", "ELEVATION_RELATIVE": 12.8}}, {"type": "Feature", "geometry": {"type": "LineString", "coordinates": [[-5.92040489, 54.60401106], [-5.92043104, 54.60398982]]}, "properties": {"DETAIL_ID": "CQ3.L03.W37", "USE_TYPE": "Wall", "LEVEL_ID": "CQ3.L03", "FACILITY_ID": "CQ3", "ELEVATION_RELATIVE": 12.8}}, {"type": "Feature", "geometry": {"type": "LineString", "coordinates": [[-5.92043287, 54.60398833], [-5.9204591, 54.60396703]]}, "properties": {"DETAIL_ID": "CQ3.L03.W38", "USE_TYPE": "Wall", "LEVEL_ID": "CQ3.L03", "FACILITY_ID": "CQ3", "ELEVATION_RELATIVE": 12.8}}, {"type": "Feature", "geometry": {"type": "LineString", "coordinates": [[-5.92051681, 54.6040573], [-5.92058064, 54.60400548]]}, "properties": {"DETAIL_ID": "CQ3.L03.W39", "USE_TYPE": "Wall", "LEVEL_ID": "CQ3.L03", "FACILITY_ID": "CQ3", "ELEVATION_RELATIVE": 12.8}}, {"type": "Feature", "geometry": {"type": "LineString", "coordinates": [[-5.92054106, 54.60403303], [-5.92056729, 54.60401173]]}, "properties": {"DETAIL_ID": "CQ3.L03.W40", "USE_TYPE": "Wall", "LEVEL_ID": "CQ3.L03", "FACILITY_ID": "CQ3", "ELEVATION_RELATIVE": 12.8}}, {"type": "Feature", "geometry": {"type": "LineString", "coordinates": [[-5.92051307, 54.60405576], [-5.92053923, 54.60403452]]}, "properties": {"DETAIL_ID": "CQ3.L03.W41", "USE_TYPE": "Wall", "LEVEL_ID": "CQ3.L03", "FACILITY_ID": "CQ3", "ELEVATION_RELATIVE": 12.8}}, {"type": "Feature", "geometry": {"type": "LineString", "coordinates": [[-5.92046452, 54.60400141], [-5.92043287, 54.60398833]]}, "properties": {"DETAIL_ID": "CQ3.L03.W42", "USE_TYPE": "Wall", "LEVEL_ID": "CQ3.L03", "FACILITY_ID": "CQ3", "ELEVATION_RELATIVE": 12.8}}, {"type": "Feature", "geometry": {"type": "LineString", "coordinates": [[-5.92046269, 54.60400289], [-5.92043104, 54.60398982]]}, "properties": {"DETAIL_ID": "CQ3.L03.W43", "USE_TYPE": "Wall", "LEVEL_ID": "CQ3.L03", "FACILITY_ID": "CQ3", "ELEVATION_RELATIVE": 12.8}}, {"type": "Feature", "geometry": {"type": "LineString", "coordinates": [[-5.92049258, 54.60397862], [-5.92046093, 54.60396555]]}, "properties": {"DETAIL_ID": "CQ3.L03.W44", "USE_TYPE": "Wall", "LEVEL_ID": "CQ3.L03", "FACILITY_ID": "CQ3", "ELEVATION_RELATIVE": 12.8}}, {"type": "Feature", "geometry": {"type": "LineString", "coordinates": [[-5.92049075, 54.60398011], [-5.9204591, 54.60396703]]}, "properties": {"DETAIL_ID": "CQ3.L03.W45", "USE_TYPE": "Wall", "LEVEL_ID": "CQ3.L03", "FACILITY_ID": "CQ3", "ELEVATION_RELATIVE": 12.8}}, {"type": "Feature", "geometry": {"type": "LineString", "coordinates": [[-5.92056912, 54.60401025], [-5.92053737, 54.60399713]]}, "properties": {"DETAIL_ID": "CQ3.L03.W46", "USE_TYPE": "Wall", "LEVEL_ID": "CQ3.L03", "FACILITY_ID": "CQ3", "ELEVATION_RELATIVE": 12.8}}, {"type": "Feature", "geometry": {"type": "LineString", "coordinates": [[-5.92056729, 54.60401173], [-5.92053554, 54.60399861]]}, "properties": {"DETAIL_ID": "CQ3.L03.W47", "USE_TYPE": "Wall", "LEVEL_ID": "CQ3.L03", "FACILITY_ID": "CQ3", "ELEVATION_RELATIVE": 12.8}}, {"type": "Feature", "geometry": {"type": "LineString", "coordinates": [[-5.92054106, 54.60403303], [-5.92050931, 54.60401991]]}, "properties": {"DETAIL_ID": "CQ3.L03.W48", "USE_TYPE": "Wall", "LEVEL_ID": "CQ3.L03", "FACILITY_ID": "CQ3", "ELEVATION_RELATIVE": 12.8}}, {"type": "Feature", "geometry": {"type": "LineString", "coordinates": [[-5.92053923, 54.60403452], [-5.92050748, 54.6040214]]}, "properties": {"DETAIL_ID": "CQ3.L03.W49", "USE_TYPE": "Wall", "LEVEL_ID": "CQ3.L03", "FACILITY_ID": "CQ3", "ELEVATION_RELATIVE": 12.8}}, {"type": "Feature", "geometry": {"type": "LineString", "coordinates": [[-5.92031861, 54.60392618], [-5.92030097, 54.60391889]]}, "properties": {"DETAIL_ID": "CQ3.L03.W50", "USE_TYPE": "Wall", "LEVEL_ID": "CQ3.L03", "FACILITY_ID": "CQ3", "ELEVATION_RELATIVE": 12.8}}, {"type": "Feature", "geometry": {"type": "LineString", "coordinates": [[-5.92032044, 54.60392469], [-5.9203028, 54.6039174]]}, "properties": {"DETAIL_ID": "CQ3.L03.W51", "USE_TYPE": "Wall", "LEVEL_ID": "CQ3.L03", "FACILITY_ID": "CQ3", "ELEVATION_RELATIVE": 12.8}}, {"type": "Feature", "geometry": {"type": "LineString", "coordinates": [[-5.92069725, 54.60408262], [-5.92067972, 54.60407537]]}, "properties": {"DETAIL_ID": "CQ3.L03.W52", "USE_TYPE": "Wall", "LEVEL_ID": "CQ3.L03", "FACILITY_ID": "CQ3", "ELEVATION_RELATIVE": 12.8}}, {"type": "Feature", "geometry": {"type": "LineString", "coordinates": [[-5.92069908, 54.60408113], [-5.92068155, 54.60407389]]}, "properties": {"DETAIL_ID": "CQ3.L03.W53", "USE_TYPE": "Wall", "LEVEL_ID": "CQ3.L03", "FACILITY_ID": "CQ3", "ELEVATION_RELATIVE": 12.8}}, {"type": "Feature", "geometry": {"type": "LineString", "coordinates": [[-5.92064954, 54.60406963], [-5.92063318, 54.60406287]]}, "properties": {"DETAIL_ID": "CQ3.L03.W54", "USE_TYPE": "Wall", "LEVEL_ID": "CQ3.L03", "FACILITY_ID": "CQ3", "ELEVATION_RELATIVE": 12.8}}, {"type": "Feature", "geometry": {"type": "LineString", "coordinates": [[-5.92064733, 54.60407143], [-5.92063097, 54.60406467]]}, "properties": {"DETAIL_ID": "CQ3.L03.W55", "USE_TYPE": "Wall", "LEVEL_ID": "CQ3.L03", "FACILITY_ID": "CQ3", "ELEVATION_RELATIVE": 12.8}}, {"type": "Feature", "geometry": {"type": "LineString", "coordinates": [[-5.92064504, 54.60407328], [-5.92062868, 54.60406653]]}, "properties": {"DETAIL_ID": "CQ3.L03.W56", "USE_TYPE": "Wall", "LEVEL_ID": "CQ3.L03", "FACILITY_ID": "CQ3", "ELEVATION_RELATIVE": 12.8}}, {"type": "Feature", "geometry": {"type": "LineString", "coordinates": [[-5.92064283, 54.60407508], [-5.92062647, 54.60406832]]}, "properties": {"DETAIL_ID": "CQ3.L03.W57", "USE_TYPE": "Wall", "LEVEL_ID": "CQ3.L03", "FACILITY_ID": "CQ3", "ELEVATION_RELATIVE": 12.8}}, {"type": "Feature", "geometry": {"type": "LineString", "coordinates": [[-5.92064054, 54.60407694], [-5.92062418, 54.60407018]]}, "properties": {"DETAIL_ID": "CQ3.L03.W58", "USE_TYPE": "Wall", "LEVEL_ID": "CQ3.L03", "FACILITY_ID": "CQ3", "ELEVATION_RELATIVE": 12.8}}, {"type": "Feature", "geometry": {"type": "LineString", "coordinates": [[-5.92063833, 54.60407873], [-5.92062197, 54.60407197]]}, "properties": {"DETAIL_ID": "CQ3.L03.W59", "USE_TYPE": "Wall", "LEVEL_ID": "CQ3.L03", "FACILITY_ID": "CQ3", "ELEVATION_RELATIVE": 12.8}}, {"type": "Feature", "geometry": {"type": "LineString", "coordinates": [[-5.92063604, 54.60408059], [-5.92061968, 54.60407383]]}, "properties": {"DETAIL_ID": "CQ3.L03.W60", "USE_TYPE": "Wall", "LEVEL_ID": "CQ3.L03", "FACILITY_ID": "CQ3", "ELEVATION_RELATIVE": 12.8}}, {"type": "Feature", "geometry": {"type": "LineString", "coordinates": [[-5.92063375, 54.60408245], [-5.9206174, 54.60407569]]}, "properties": {"DETAIL_ID": "CQ3.L03.W61", "USE_TYPE": "Wall", "LEVEL_ID": "CQ3.L03", "FACILITY_ID": "CQ3", "ELEVATION_RELATIVE": 12.8}}, {"type": "Feature", "geometry": {"type": "LineString", "coordinates": [[-5.92063154, 54.60408424], [-5.92061519, 54.60407749]]}, "properties": {"DETAIL_ID": "CQ3.L03.W62", "USE_TYPE": "Wall", "LEVEL_ID": "CQ3.L03", "FACILITY_ID": "CQ3", "ELEVATION_RELATIVE": 12.8}}, {"type": "Feature", "geometry": {"type": "LineString", "coordinates": [[-5.92062925, 54.6040861], [-5.9206129, 54.60407934]]}, "properties": {"DETAIL_ID": "CQ3.L03.W63", "USE_TYPE": "Wall", "LEVEL_ID": "CQ3.L03", "FACILITY_ID": "CQ3", "ELEVATION_RELATIVE": 12.8}}, {"type": "Feature", "geometry": {"type": "LineString", "coordinates": [[-5.9206355, 54.60410578], [-5.92059894, 54.60409067]]}, "properties": {"DETAIL_ID": "CQ3.L03.W64", "USE_TYPE": "Wall", "LEVEL_ID": "CQ3.L03", "FACILITY_ID": "CQ3", "ELEVATION_RELATIVE": 12.8}}, {"type": "Feature", "geometry": {"type": "LineString", "coordinates": [[-5.92062704, 54.6040879], [-5.92061069, 54.60408114]]}, "properties": {"DETAIL_ID": "CQ3.L03.W65", "USE_TYPE": "Wall", "LEVEL_ID": "CQ3.L03", "FACILITY_ID": "CQ3", "ELEVATION_RELATIVE": 12.8}}, {"type": "Feature", "geometry": {"type": "LineString", "coordinates": [[-5.92064725, 54.60409624], [-5.92063089, 54.60408949]]}, "properties": {"DETAIL_ID": "CQ3.L03.W66", "USE_TYPE": "Wall", "LEVEL_ID": "CQ3.L03", "FACILITY_ID": "CQ3", "ELEVATION_RELATIVE": 12.8}}, {"type": "Feature", "geometry": {"type": "LineString", "coordinates": [[-5.92064946, 54.60409445], [-5.9206331, 54.60408769]]}, "properties": {"DETAIL_ID": "CQ3.L03.W67", "USE_TYPE": "Wall", "LEVEL_ID": "CQ3.L03", "FACILITY_ID": "CQ3", "ELEVATION_RELATIVE": 12.8}}, {"type": "Feature", "geometry": {"type": "LineString", "coordinates": [[-5.92065175, 54.60409259], [-5.92063539, 54.60408583]]}, "properties": {"DETAIL_ID": "CQ3.L03.W68", "USE_TYPE": "Wall", "LEVEL_ID": "CQ3.L03", "FACILITY_ID": "CQ3", "ELEVATION_RELATIVE": 12.8}}, {"type": "Feature", "geometry": {"type": "LineString", "coordinates": [[-5.92063325, 54.60409765], [-5.92061305, 54.60408931]]}, "properties": {"DETAIL_ID": "CQ3.L03.W69", "USE_TYPE": "Wall", "LEVEL_ID": "CQ3.L03", "FACILITY_ID": "CQ3", "ELEVATION_RELATIVE": 12.8}}, {"type": "Feature", "geometry": {"type": "LineString", "coordinates": [[-5.92035417, 54.6039476], [-5.92033771, 54.6039408]]}, "properties": {"DETAIL_ID": "CQ3.L03.W70", "USE_TYPE": "Wall", "LEVEL_ID": "CQ3.L03", "FACILITY_ID": "CQ3", "ELEVATION_RELATIVE": 12.8}}, {"type": "Feature", "geometry": {"type": "LineString", "coordinates": [[-5.92035196, 54.60394939], [-5.9203355, 54.60394259]]}, "properties": {"DETAIL_ID": "CQ3.L03.W71", "USE_TYPE": "Wall", "LEVEL_ID": "CQ3.L03", "FACILITY_ID": "CQ3", "ELEVATION_RELATIVE": 12.8}}, {"type": "Feature", "geometry": {"type": "LineString", "coordinates": [[-5.92034967, 54.60395125], [-5.92033321, 54.60394445]]}, "properties": {"DETAIL_ID": "CQ3.L03.W72", "USE_TYPE": "Wall", "LEVEL_ID": "CQ3.L03", "FACILITY_ID": "CQ3", "ELEVATION_RELATIVE": 12.8}}, {"type": "Feature", "geometry": {"type": "LineString", "coordinates": [[-5.92034746, 54.60395305], [-5.920331, 54.60394624]]}, "properties": {"DETAIL_ID": "CQ3.L03.W73", "USE_TYPE": "Wall", "LEVEL_ID": "CQ3.L03", "FACILITY_ID": "CQ3", "ELEVATION_RELATIVE": 12.8}}, {"type": "Feature", "geometry": {"type": "LineString", "coordinates": [[-5.92034517, 54.6039549], [-5.92032871, 54.6039481]]}, "properties": {"DETAIL_ID": "CQ3.L03.W74", "USE_TYPE": "Wall", "LEVEL_ID": "CQ3.L03", "FACILITY_ID": "CQ3", "ELEVATION_RELATIVE": 12.8}}, {"type": "Feature", "geometry": {"type": "LineString", "coordinates": [[-5.92034296, 54.6039567], [-5.9203265, 54.6039499]]}, "properties": {"DETAIL_ID": "CQ3.L03.W75", "USE_TYPE": "Wall", "LEVEL_ID": "CQ3.L03", "FACILITY_ID": "CQ3", "ELEVATION_RELATIVE": 12.8}}, {"type": "Feature", "geometry": {"type": "LineString", "coordinates": [[-5.92034067, 54.60395856], [-5.92032421, 54.60395175]]}, "properties": {"DETAIL_ID": "CQ3.L03.W76", "USE_TYPE": "Wall", "LEVEL_ID": "CQ3.L03", "FACILITY_ID": "CQ3", "ELEVATION_RELATIVE": 12.8}}, {"type": "Feature", "geometry": {"type": "LineString", "coordinates": [[-5.92033839, 54.60396041], [-5.92032192, 54.60395361]]}, "properties": {"DETAIL_ID": "CQ3.L03.W77", "USE_TYPE": "Wall", "LEVEL_ID": "CQ3.L03", "FACILITY_ID": "CQ3", "ELEVATION_RELATIVE": 12.8}}, {"type": "Feature", "geometry": {"type": "LineString", "coordinates": [[-5.92033617, 54.60396221], [-5.92031971, 54.60395541]]}, "properties": {"DETAIL_ID": "CQ3.L03.W78", "USE_TYPE": "Wall", "LEVEL_ID": "CQ3.L03", "FACILITY_ID": "CQ3", "ELEVATION_RELATIVE": 12.8}}, {"type": "Feature", "geometry": {"type": "LineString", "coordinates": [[-5.92033389, 54.60396407], [-5.92031742, 54.60395727]]}, "properties": {"DETAIL_ID": "CQ3.L03.W79", "USE_TYPE": "Wall", "LEVEL_ID": "CQ3.L03", "FACILITY_ID": "CQ3", "ELEVATION_RELATIVE": 12.8}}, {"type": "Feature", "geometry": {"type": "LineString", "coordinates": [[-5.92031993, 54.6039754], [-5.92028327, 54.60396025]]}, "properties": {"DETAIL_ID": "CQ3.L03.W80", "USE_TYPE": "Wall", "LEVEL_ID": "CQ3.L03", "FACILITY_ID": "CQ3", "ELEVATION_RELATIVE": 12.8}}, {"type": "Feature", "geometry": {"type": "LineString", "coordinates": [[-5.92033168, 54.60396586], [-5.92031521, 54.60395906]]}, "properties": {"DETAIL_ID": "CQ3.L03.W81", "USE_TYPE": "Wall", "LEVEL_ID": "CQ3.L03", "FACILITY_ID": "CQ3", "ELEVATION_RELATIVE": 12.8}}, {"type": "Feature", "geometry": {"type": "LineString", "coordinates": [[-5.92031147, 54.60395752], [-5.92029501, 54.60395071]]}, "properties": {"DETAIL_ID": "CQ3.L03.W82", "USE_TYPE": "Wall", "LEVEL_ID": "CQ3.L03", "FACILITY_ID": "CQ3", "ELEVATION_RELATIVE": 12.8}}, {"type": "Feature", "geometry": {"type": "LineString", "coordinates": [[-5.92031368, 54.60395572], [-5.92029722, 54.60394892]]}, "properties": {"DETAIL_ID": "CQ3.L03.W83", "USE_TYPE": "Wall", "LEVEL_ID": "CQ3.L03", "FACILITY_ID": "CQ3", "ELEVATION_RELATIVE": 12.8}}, {"type": "Feature", "geometry": {"type": "LineString", "coordinates": [[-5.92031597, 54.60395386], [-5.92029951, 54.60394706]]}, "properties": {"DETAIL_ID": "CQ3.L03.W84", "USE_TYPE": "Wall", "LEVEL_ID": "CQ3.L03", "FACILITY_ID": "CQ3", "ELEVATION_RELATIVE": 12.8}}, {"type": "Feature", "geometry": {"type": "LineString", "coordinates": [[-5.92031757, 54.60396723], [-5.92029737, 54.60395888]]}, "properties": {"DETAIL_ID": "CQ3.L03.W85", "USE_TYPE": "Wall", "LEVEL_ID": "CQ3.L03", "FACILITY_ID": "CQ3", "ELEVATION_RELATIVE": 12.8}}, {"type": "Feature", "geometry": {"type": "LineString", "coordinates": [[-5.92063538, 54.60410515], [-5.92060003, 54.60409054]]}, "properties": {"DETAIL_ID": "CQ3.L03.W86", "USE_TYPE": "Wall", "LEVEL_ID": "CQ3.L03", "FACILITY_ID": "CQ3", "ELEVATION_RELATIVE": 12.8}}, {"type": "Feature", "geometry": {"type": "LineString", "coordinates": [[-5.9206352, 54.60410452], [-5.92060111, 54.60409044]]}, "properties": {"DETAIL_ID": "CQ3.L03.W87", "USE_TYPE": "Wall", "LEVEL_ID": "CQ3.L03", "FACILITY_ID": "CQ3", "ELEVATION_RELATIVE": 12.8}}, {"type": "Feature", "geometry": {"type": "LineString", "coordinates": [[-5.92031973, 54.60397473], [-5.92028438, 54.60396013]]}, "properties": {"DETAIL_ID": "CQ3.L03.W88", "USE_TYPE": "Wall", "LEVEL_ID": "CQ3.L03", "FACILITY_ID": "CQ3", "ELEVATION_RELATIVE": 12.8}}, {"type": "Feature", "geometry": {"type": "LineString", "coordinates": [[-5.92031955, 54.60397411], [-5.92028546, 54.60396002]]}, "properties": {"DETAIL_ID": "CQ3.L03.W89", "USE_TYPE": "Wall", "LEVEL_ID": "CQ3.L03", "FACILITY_ID": "CQ3", "ELEVATION_RELATIVE": 12.8}}, {"type": "Feature", "geometry": {"type": "LineString", "coordinates": [[-5.92039387, 54.6039058], [-5.92036437, 54.60389361]]}, "properties": {"DETAIL_ID": "CQ3.L03.W90", "USE_TYPE": "Wall", "LEVEL_ID": "CQ3.L03", "FACILITY_ID": "CQ3", "ELEVATION_RELATIVE": 12.8}}, {"type": "Feature", "geometry": {"type": "LineString", "coordinates": [[-5.92036062, 54.60389206], [-5.92034544, 54.60388579]]}, "properties": {"DETAIL_ID": "CQ3.L03.W91", "USE_TYPE": "Wall", "LEVEL_ID": "CQ3.L03", "FACILITY_ID": "CQ3", "ELEVATION_RELATIVE": 12.8}}, {"type": "Feature", "geometry": {"type": "LineString", "coordinates": [[-5.92040937, 54.60390893], [-5.92034437, 54.60388208]]}, "properties": {"DETAIL_ID": "CQ3.L03.W92", "USE_TYPE": "Wall", "LEVEL_ID": "CQ3.L03", "FACILITY_ID": "CQ3", "ELEVATION_RELATIVE": 12.8}}, {"type": "Feature", "geometry": {"type": "LineString", "coordinates": [[-5.92051873, 54.60395738], [-5.92048709, 54.60394431]]}, "properties": {"DETAIL_ID": "CQ3.L03.W93", "USE_TYPE": "Wall", "LEVEL_ID": "CQ3.L03", "FACILITY_ID": "CQ3", "ELEVATION_RELATIVE": 12.8}}, {"type": "Feature", "geometry": {"type": "LineString", "coordinates": [[-5.92048324, 54.60394272], [-5.9204299, 54.60392068]]}, "properties": {"DETAIL_ID": "CQ3.L03.W94", "USE_TYPE": "Wall", "LEVEL_ID": "CQ3.L03", "FACILITY_ID": "CQ3", "ELEVATION_RELATIVE": 12.8}}, {"type": "Feature", "geometry": {"type": "LineString", "coordinates": [[-5.92052514, 54.60395676], [-5.92043256, 54.60391851]]}, "properties": {"DETAIL_ID": "CQ3.L03.W95", "USE_TYPE": "Wall", "LEVEL_ID": "CQ3.L03", "FACILITY_ID": "CQ3", "ELEVATION_RELATIVE": 12.8}}, {"type": "Feature", "geometry": {"type": "LineString", "coordinates": [[-5.92065236, 54.60401259], [-5.92059901, 54.60399055]]}, "properties": {"DETAIL_ID": "CQ3.L03.W96", "USE_TYPE": "Wall", "LEVEL_ID": "CQ3.L03", "FACILITY_ID": "CQ3", "ELEVATION_RELATIVE": 12.8}}, {"type": "Feature", "geometry": {"type": "LineString", "coordinates": [[-5.92059527, 54.60398901], [-5.92056352, 54.60397589]]}, "properties": {"DETAIL_ID": "CQ3.L03.W97", "USE_TYPE": "Wall", "LEVEL_ID": "CQ3.L03", "FACILITY_ID": "CQ3", "ELEVATION_RELATIVE": 12.8}}, {"type": "Feature", "geometry": {"type": "LineString", "coordinates": [[-5.92065503, 54.60401042], [-5.92056245, 54.60397218]]}, "properties": {"DETAIL_ID": "CQ3.L03.W98", "USE_TYPE": "Wall", "LEVEL_ID": "CQ3.L03", "FACILITY_ID": "CQ3", "ELEVATION_RELATIVE": 12.8}}, {"type": "Feature", "geometry": {"type": "LineString", "coordinates": [[-5.92073681, 54.60404748], [-5.92072174, 54.60404126]]}, "properties": {"DETAIL_ID": "CQ3.L03.W99", "USE_TYPE": "Wall", "LEVEL_ID": "CQ3.L03", "FACILITY_ID": "CQ3", "ELEVATION_RELATIVE": 12.8}}, {"type": "Feature", "geometry": {"type": "LineString", "coordinates": [[-5.92071789, 54.60403967], [-5.92067566, 54.60402222]]}, "properties": {"DETAIL_ID": "CQ3.L03.W100", "USE_TYPE": "Wall", "LEVEL_ID": "CQ3.L03", "FACILITY_ID": "CQ3", "ELEVATION_RELATIVE": 12.8}}, {"type": "Feature", "geometry": {"type": "LineString", "coordinates": [[-5.92074333, 54.60404691], [-5.92067833, 54.60402005]]}, "properties": {"DETAIL_ID": "CQ3.L03.W101", "USE_TYPE": "Wall", "LEVEL_ID": "CQ3.L03", "FACILITY_ID": "CQ3", "ELEVATION_RELATIVE": 12.8}}, {"type": "Feature", "geometry": {"type": "LineString", "coordinates": [[-5.92063569, 54.60410642], [-5.92059784, 54.60409078]]}, "properties": {"DETAIL_ID": "CQ3.L03.W102", "USE_TYPE": "Wall", "LEVEL_ID": "CQ3.L03", "FACILITY_ID": "CQ3", "ELEVATION_RELATIVE": 12.8}}, {"type": "Feature", "geometry": {"type": "LineString", "coordinates": [[-5.92065461, 54.60411423], [-5.92063954, 54.60410801]]}, "properties": {"DETAIL_ID": "CQ3.L03.W103", "USE_TYPE": "Wall", "LEVEL_ID": "CQ3.L03", "FACILITY_ID": "CQ3", "ELEVATION_RELATIVE": 12.8}}, {"type": "Feature", "geometry": {"type": "LineString", "coordinates": [[-5.92065579, 54.60411799], [-5.92059133, 54.60409136]]}, "properties": {"DETAIL_ID": "CQ3.L03.W104", "USE_TYPE": "Wall", "LEVEL_ID": "CQ3.L03", "FACILITY_ID": "CQ3", "ELEVATION_RELATIVE": 12.8}}, {"type": "Feature", "geometry": {"type": "LineString", "coordinates": [[-5.92040104, 54.60400947], [-5.92034834, 54.6039877]]}, "properties": {"DETAIL_ID": "CQ3.L03.W105", "USE_TYPE": "Wall", "LEVEL_ID": "CQ3.L03", "FACILITY_ID": "CQ3", "ELEVATION_RELATIVE": 12.8}}, {"type": "Feature", "geometry": {"type": "LineString", "coordinates": [[-5.92043653, 54.60402413], [-5.92040489, 54.60401106]]}, "properties": {"DETAIL_ID": "CQ3.L03.W106", "USE_TYPE": "Wall", "LEVEL_ID": "CQ3.L03", "FACILITY_ID": "CQ3", "ELEVATION_RELATIVE": 12.8}}, {"type": "Feature", "geometry": {"type": "LineString", "coordinates": [[-5.9204376, 54.60402785], [-5.92034567, 54.60398986]]}, "properties": {"DETAIL_ID": "CQ3.L03.W107", "USE_TYPE": "Wall", "LEVEL_ID": "CQ3.L03", "FACILITY_ID": "CQ3", "ELEVATION_RELATIVE": 12.8}}, {"type": "Feature", "geometry": {"type": "LineString", "coordinates": [[-5.92027842, 54.60395881], [-5.92026325, 54.60395254]]}, "properties": {"DETAIL_ID": "CQ3.L03.W108", "USE_TYPE": "Wall", "LEVEL_ID": "CQ3.L03", "FACILITY_ID": "CQ3", "ELEVATION_RELATIVE": 12.8}}, {"type": "Feature", "geometry": {"type": "LineString", "coordinates": [[-5.92032001, 54.60397599], [-5.92028217, 54.60396036]]}, "properties": {"DETAIL_ID": "CQ3.L03.W109", "USE_TYPE": "Wall", "LEVEL_ID": "CQ3.L03", "FACILITY_ID": "CQ3", "ELEVATION_RELATIVE": 12.8}}, {"type": "Feature", "geometry": {"type": "LineString", "coordinates": [[-5.92032119, 54.60397975], [-5.92025683, 54.60395316]]}, "properties": {"DETAIL_ID": "CQ3.L03.W110", "USE_TYPE": "Wall", "LEVEL_ID": "CQ3.L03", "FACILITY_ID": "CQ3", "ELEVATION_RELATIVE": 12.8}}, {"type": "Feature", "geometry": {"type": "LineString", "coordinates": [[-5.9203876, 54.60392582], [-5.92034591, 54.60390859]]}, "properties": {"DETAIL_ID": "CQ3.L03.W111", "USE_TYPE": "Wall", "LEVEL_ID": "CQ3.L03", "FACILITY_ID": "CQ3", "ELEVATION_RELATIVE": 12.8}}, {"type": "Feature", "geometry": {"type": "LineString", "coordinates": [[-5.92038101, 54.60392646], [-5.92034317, 54.60391082]]}, "properties": {"DETAIL_ID": "CQ3.L03.W112", "USE_TYPE": "Wall", "LEVEL_ID": "CQ3.L03", "FACILITY_ID": "CQ3", "ELEVATION_RELATIVE": 12.8}}, {"type": "Feature", "geometry": {"type": "LineString", "coordinates": [[-5.92069669, 54.60405688], [-5.92065885, 54.60404124]]}, "properties": {"DETAIL_ID": "CQ3.L03.W113", "USE_TYPE": "Wall", "LEVEL_ID": "CQ3.L03", "FACILITY_ID": "CQ3", "ELEVATION_RELATIVE": 12.8}}, {"type": "Feature", "geometry": {"type": "LineString", "coordinates": [[-5.92069943, 54.60405465], [-5.92065774, 54.60403743]]}, "properties": {"DETAIL_ID": "CQ3.L03.W114", "USE_TYPE": "Wall", "LEVEL_ID": "CQ3.L03", "FACILITY_ID": "CQ3", "ELEVATION_RELATIVE": 12.8}}, {"type": "Feature", "geometry": {"type": "LineString", "coordinates": [[-5.92051307, 54.60405576], [-5.92048132, 54.60404264]]}, "properties": {"DETAIL_ID": "CQ3.L03.W115", "USE_TYPE": "Wall", "LEVEL_ID": "CQ3.L03", "FACILITY_ID": "CQ3", "ELEVATION_RELATIVE": 12.8}}, {"type": "Feature", "geometry": {"type": "LineString", "coordinates": [[-5.92056952, 54.60407908], [-5.92051681, 54.6040573]]}, "properties": {"DETAIL_ID": "CQ3.L03.W116", "USE_TYPE": "Wall", "LEVEL_ID": "CQ3.L03", "FACILITY_ID": "CQ3", "ELEVATION_RELATIVE": 12.8}}, {"type": "Feature", "geometry": {"type": "LineString", "coordinates": [[-5.92056685, 54.60408124], [-5.92047491, 54.60404326]]}, "properties": {"DETAIL_ID": "CQ3.L03.W117", "USE_TYPE": "Wall", "LEVEL_ID": "CQ3.L03", "FACILITY_ID": "CQ3", "ELEVATION_RELATIVE": 12.8}}, {"type": "Feature", "geometry": {"type": "LineString", "coordinates": [[-5.92059894, 54.60409067], [-5.92061069, 54.60408114]]}, "properties": {"DETAIL_ID": "CQ3.L04.W0", "USE_TYPE": "Wall", "LEVEL_ID": "CQ3.L04", "FACILITY_ID": "CQ3", "ELEVATION_RELATIVE": 16.7}}, {"type": "Feature", "geometry": {"type": "LineString", "coordinates": [[-5.9206355, 54.60410578], [-5.92064725, 54.60409624]]}, "properties": {"DETAIL_ID": "CQ3.L04.W1", "USE_TYPE": "Wall", "LEVEL_ID": "CQ3.L04", "FACILITY_ID": "CQ3", "ELEVATION_RELATIVE": 16.7}}, {"type": "Feature", "geometry": {"type": "LineString", "coordinates": [[-5.92061305, 54.60408931], [-5.92064141, 54.60406627]]}, "properties": {"DETAIL_ID": "CQ3.L04.W2", "USE_TYPE": "Wall", "LEVEL_ID": "CQ3.L04", "FACILITY_ID": "CQ3", "ELEVATION_RELATIVE": 16.7}}, {"type": "Feature", "geometry": {"type": "LineString", "coordinates": [[-5.92063325, 54.60409765], [-5.92064652, 54.60408688]]}, "properties": {"DETAIL_ID": "CQ3.L04.W3", "USE_TYPE": "Wall", "LEVEL_ID": "CQ3.L04", "FACILITY_ID": "CQ3", "ELEVATION_RELATIVE": 16.7}}, {"type": "Feature", "geometry": {"type": "LineString", "coordinates": [[-5.92031993, 54.6039754], [-5.92033168, 54.60396586]]}, "properties": {"DETAIL_ID": "CQ3.L04.W4", "USE_TYPE": "Wall", "LEVEL_ID": "CQ3.L04", "FACILITY_ID": "CQ3", "ELEVATION_RELATIVE": 16.7}}, {"type": "Feature", "geometry": {"type": "LineString", "coordinates": [[-5.92028327, 54.60396025], [-5.92029501, 54.60395071]]}, "properties": {"DETAIL_ID": "CQ3.L04.W5", "USE_TYPE": "Wall", "LEVEL_ID": "CQ3.L04", "FACILITY_ID": "CQ3", "ELEVATION_RELATIVE": 16.7}}, {"type": "Feature", "geometry": {"type": "LineString", "coordinates": [[-5.92031757, 54.60396723], [-5.92034594, 54.6039442]]}, "properties": {"DETAIL_ID": "CQ3.L04.W6", "USE_TYPE": "Wall", "LEVEL_ID": "CQ3.L04", "FACILITY_ID": "CQ3", "ELEVATION_RELATIVE": 16.7}}, {"type": "Feature", "geometry": {"type": "LineString", "coordinates": [[-5.92029737, 54.60395888], [-5.92031064, 54.60394811]]}, "properties": {"DETAIL_ID": "CQ3.L04.W7", "USE_TYPE": "Wall", "LEVEL_ID": "CQ3.L04", "FACILITY_ID": "CQ3", "ELEVATION_RELATIVE": 16.7}}, {"type": "Feature", "geometry": {"type": "LineString", "coordinates": [[-5.92063538, 54.60410515], [-5.92067411, 54.6040737]]}, "properties": {"DETAIL_ID": "CQ3.L04.W8", "USE_TYPE": "Wall", "LEVEL_ID": "CQ3.L04", "FACILITY_ID": "CQ3", "ELEVATION_RELATIVE": 16.7}}, {"type": "Feature", "geometry": {"type": "LineString", "coordinates": [[-5.92060003, 54.60409054], [-5.9206365, 54.60406092]]}, "properties": {"DETAIL_ID": "CQ3.L04.W9", "USE_TYPE": "Wall", "LEVEL_ID": "CQ3.L04", "FACILITY_ID": "CQ3", "ELEVATION_RELATIVE": 16.7}}, {"type": "Feature", "geometry": {"type": "LineString", "coordinates": [[-5.92060111, 54.60409044], [-5.92063713, 54.60406118]]}, "properties": {"DETAIL_ID": "CQ3.L04.W10", "USE_TYPE": "Wall", "LEVEL_ID": "CQ3.L04", "FACILITY_ID": "CQ3", "ELEVATION_RELATIVE": 16.7}}, {"type": "Feature", "geometry": {"type": "LineString", "coordinates": [[-5.9206352, 54.60410452], [-5.92067348, 54.60407344]]}, "properties": {"DETAIL_ID": "CQ3.L04.W11", "USE_TYPE": "Wall", "LEVEL_ID": "CQ3.L04", "FACILITY_ID": "CQ3", "ELEVATION_RELATIVE": 16.7}}, {"type": "Feature", "geometry": {"type": "LineString", "coordinates": [[-5.92028438, 54.60396013], [-5.9203231, 54.60392868]]}, "properties": {"DETAIL_ID": "CQ3.L04.W12", "USE_TYPE": "Wall", "LEVEL_ID": "CQ3.L04", "FACILITY_ID": "CQ3", "ELEVATION_RELATIVE": 16.7}}, {"type": "Feature", "geometry": {"type": "LineString", "coordinates": [[-5.92031973, 54.60397473], [-5.9203562, 54.60394511]]}, "properties": {"DETAIL_ID": "CQ3.L04.W13", "USE_TYPE": "Wall", "LEVEL_ID": "CQ3.L04", "FACILITY_ID": "CQ3", "ELEVATION_RELATIVE": 16.7}}, {"type": "Feature", "geometry": {"type": "LineString", "coordinates": [[-5.92031955, 54.60397411], [-5.92035557, 54.60394485]]}, "properties": {"DETAIL_ID": "CQ3.L04.W14", "USE_TYPE": "Wall", "LEVEL_ID": "CQ3.L04", "FACILITY_ID": "CQ3", "ELEVATION_RELATIVE": 16.7}}, {"type": "Feature", "geometry": {"type": "LineString", "coordinates": [[-5.92028546, 54.60396002], [-5.92032373, 54.60392894]]}, "properties": {"DETAIL_ID": "CQ3.L04.W15", "USE_TYPE": "Wall", "LEVEL_ID": "CQ3.L04", "FACILITY_ID": "CQ3", "ELEVATION_RELATIVE": 16.7}}, {"type": "Feature", "geometry": {"type": "LineString", "coordinates": [[-5.92027842, 54.60395881], [-5.92031861, 54.60392618]]}, "properties": {"DETAIL_ID": "CQ3.L04.W16", "USE_TYPE": "Wall", "LEVEL_ID": "CQ3.L04", "FACILITY_ID": "CQ3", "ELEVATION_RELATIVE": 16.7}}, {"type": "Feature", "geometry": {"type": "LineString", "coordinates": [[-5.92032044, 54.60392469], [-5.92036062, 54.60389206]]}, "properties": {"DETAIL_ID": "CQ3.L04.W17", "USE_TYPE": "Wall", "LEVEL_ID": "CQ3.L04", "FACILITY_ID": "CQ3", "ELEVATION_RELATIVE": 16.7}}, {"type": "Feature", "geometry": {"type": "LineString", "coordinates": [[-5.92028217, 54.60396036], [-5.92034317, 54.60391082]]}, "properties": {"DETAIL_ID": "CQ3.L04.W18", "USE_TYPE": "Wall", "LEVEL_ID": "CQ3.L04", "FACILITY_ID": "CQ3", "ELEVATION_RELATIVE": 16.7}}, {"type": "Feature", "geometry": {"type": "LineString", "coordinates": [[-5.92034591, 54.60390859], [-5.92036437, 54.60389361]]}, "properties": {"DETAIL_ID": "CQ3.L04.W19", "USE_TYPE": "Wall", "LEVEL_ID": "CQ3.L04", "FACILITY_ID": "CQ3", "ELEVATION_RELATIVE": 16.7}}, {"type": "Feature", "geometry": {"type": "LineString", "coordinates": [[-5.92068155, 54.60407389], [-5.92072174, 54.60404126]]}, "properties": {"DETAIL_ID": "CQ3.L04.W20", "USE_TYPE": "Wall", "LEVEL_ID": "CQ3.L04", "FACILITY_ID": "CQ3", "ELEVATION_RELATIVE": 16.7}}, {"type": "Feature", "geometry": {"type": "LineString", "coordinates": [[-5.92063954, 54.60410801], [-5.92067972, 54.60407537]]}, "properties": {"DETAIL_ID": "CQ3.L04.W21", "USE_TYPE": "Wall", "LEVEL_ID": "CQ3.L04", "FACILITY_ID": "CQ3", "ELEVATION_RELATIVE": 16.7}}, {"type": "Feature", "geometry": {"type": "LineString", "coordinates": [[-5.92069943, 54.60405465], [-5.92071789, 54.60403967]]}, "properties": {"DETAIL_ID": "CQ3.L04.W22", "USE_TYPE": "Wall", "LEVEL_ID": "CQ3.L04", "FACILITY_ID": "CQ3", "ELEVATION_RELATIVE": 16.7}}, {"type": "Feature", "geometry": {"type": "LineString", "coordinates": [[-5.92063569, 54.60410642], [-5.92069669, 54.60405688]]}, "properties": {"DETAIL_ID": "CQ3.L04.W23", "USE_TYPE": "Wall", "LEVEL_ID": "CQ3.L04", "FACILITY_ID": "CQ3", "ELEVATION_RELATIVE": 16.7}}, {"type": "Feature", "geometry": {"type": "LineString", "coordinates": [[-5.92032001, 54.60397599], [-5.92036629, 54.60393841]]}, "properties": {"DETAIL_ID": "CQ3.L04.W24", "USE_TYPE": "Wall", "LEVEL_ID": "CQ3.L04", "FACILITY_ID": "CQ3", "ELEVATION_RELATIVE": 16.7}}, {"type": "Feature", "geometry": {"type": "LineString", "coordinates": [[-5.92032119, 54.60397975], [-5.92037014, 54.60394]]}, "properties": {"DETAIL_ID": "CQ3.L04.W25", "USE_TYPE": "Wall", "LEVEL_ID": "CQ3.L04", "FACILITY_ID": "CQ3", "ELEVATION_RELATIVE": 16.7}}, {"type": "Feature", "geometry": {"type": "LineString", "coordinates": [[-5.92059133, 54.60409136], [-5.92064028, 54.60405161]]}, "properties": {"DETAIL_ID": "CQ3.L04.W26", "USE_TYPE": "Wall", "LEVEL_ID": "CQ3.L04", "FACILITY_ID": "CQ3", "ELEVATION_RELATIVE": 16.7}}, {"type": "Feature", "geometry": {"type": "LineString", "coordinates": [[-5.92059784, 54.60409078], [-5.92064413, 54.6040532]]}, "properties": {"DETAIL_ID": "CQ3.L04.W27", "USE_TYPE": "Wall", "LEVEL_ID": "CQ3.L04", "FACILITY_ID": "CQ3", "ELEVATION_RELATIVE": 16.7}}, {"type": "Feature", "geometry": {"type": "LineString", "coordinates": [[-5.92055261, 54.60398016], [-5.92056245, 54.60397218]]}, "properties": {"DETAIL_ID": "CQ3.L04.W28", "USE_TYPE": "Wall", "LEVEL_ID": "CQ3.L04", "FACILITY_ID": "CQ3", "ELEVATION_RELATIVE": 16.7}}, {"type": "Feature", "geometry": {"type": "LineString", "coordinates": [[-5.92052409, 54.60400332], [-5.92054095, 54.60398964]]}, "properties": {"DETAIL_ID": "CQ3.L04.W29", "USE_TYPE": "Wall", "LEVEL_ID": "CQ3.L04", "FACILITY_ID": "CQ3", "ELEVATION_RELATIVE": 16.7}}, {"type": "Feature", "geometry": {"type": "LineString", "coordinates": [[-5.92049596, 54.60402617], [-5.92051327, 54.60401211]]}, "properties": {"DETAIL_ID": "CQ3.L04.W30", "USE_TYPE": "Wall", "LEVEL_ID": "CQ3.L04", "FACILITY_ID": "CQ3", "ELEVATION_RELATIVE": 16.7}}, {"type": "Feature", "geometry": {"type": "LineString", "coordinates": [[-5.92047491, 54.60404326], [-5.92048521, 54.6040349]]}, "properties": {"DETAIL_ID": "CQ3.L04.W31", "USE_TYPE": "Wall", "LEVEL_ID": "CQ3.L04", "FACILITY_ID": "CQ3", "ELEVATION_RELATIVE": 16.7}}, {"type": "Feature", "geometry": {"type": "LineString", "coordinates": [[-5.9204376, 54.60402785], [-5.9204479, 54.60401949]]}, "properties": {"DETAIL_ID": "CQ3.L04.W32", "USE_TYPE": "Wall", "LEVEL_ID": "CQ3.L04", "FACILITY_ID": "CQ3", "ELEVATION_RELATIVE": 16.7}}, {"type": "Feature", "geometry": {"type": "LineString", "coordinates": [[-5.92045865, 54.60401076], [-5.92047596, 54.6039967]]}, "properties": {"DETAIL_ID": "CQ3.L04.W33", "USE_TYPE": "Wall", "LEVEL_ID": "CQ3.L04", "FACILITY_ID": "CQ3", "ELEVATION_RELATIVE": 16.7}}, {"type": "Feature", "geometry": {"type": "LineString", "coordinates": [[-5.92048679, 54.60398791], [-5.92050364, 54.60397422]]}, "properties": {"DETAIL_ID": "CQ3.L04.W34", "USE_TYPE": "Wall", "LEVEL_ID": "CQ3.L04", "FACILITY_ID": "CQ3", "ELEVATION_RELATIVE": 16.7}}, {"type": "Feature", "geometry": {"type": "LineString", "coordinates": [[-5.9205153, 54.60396475], [-5.92052514, 54.60395676]]}, "properties": {"DETAIL_ID": "CQ3.L04.W35", "USE_TYPE": "Wall", "LEVEL_ID": "CQ3.L04", "FACILITY_ID": "CQ3", "ELEVATION_RELATIVE": 16.7}}, {"type": "Feature", "geometry": {"type": "LineString", "coordinates": [[-5.92040104, 54.60400947], [-5.92046486, 54.60395764]]}, "properties": {"DETAIL_ID": "CQ3.L04.W36", "USE_TYPE": "Wall", "LEVEL_ID": "CQ3.L04", "FACILITY_ID": "CQ3", "ELEVATION_RELATIVE": 16.7}}, {"type": "Feature", "geometry": {"type": "LineString", "coordinates": [[-5.92040489, 54.60401106], [-5.92043104, 54.60398982]]}, "properties": {"DETAIL_ID": "CQ3.L04.W37", "USE_TYPE": "Wall", "LEVEL_ID": "CQ3.L04", "FACILITY_ID": "CQ3", "ELEVATION_RELATIVE": 16.7}}, {"type": "Feature", "geometry": {"type": "LineString", "coordinates": [[-5.92043287, 54.60398833], [-5.9204591, 54.60396703]]}, "properties": {"DETAIL_ID": "CQ3.L04.W38", "USE_TYPE": "Wall", "LEVEL_ID": "CQ3.L04", "FACILITY_ID": "CQ3", "ELEVATION_RELATIVE": 16.7}}, {"type": "Feature", "geometry": {"type": "LineString", "coordinates": [[-5.92051681, 54.6040573], [-5.92058064, 54.60400548]]}, "properties": {"DETAIL_ID": "CQ3.L04.W39", "USE_TYPE": "Wall", "LEVEL_ID": "CQ3.L04", "FACILITY_ID": "CQ3", "ELEVATION_RELATIVE": 16.7}}, {"type": "Feature", "geometry": {"type": "LineString", "coordinates": [[-5.92054106, 54.60403303], [-5.92056729, 54.60401173]]}, "properties": {"DETAIL_ID": "CQ3.L04.W40", "USE_TYPE": "Wall", "LEVEL_ID": "CQ3.L04", "FACILITY_ID": "CQ3", "ELEVATION_RELATIVE": 16.7}}, {"type": "Feature", "geometry": {"type": "LineString", "coordinates": [[-5.92051307, 54.60405576], [-5.92053923, 54.60403452]]}, "properties": {"DETAIL_ID": "CQ3.L04.W41", "USE_TYPE": "Wall", "LEVEL_ID": "CQ3.L04", "FACILITY_ID": "CQ3", "ELEVATION_RELATIVE": 16.7}}, {"type": "Feature", "geometry": {"type": "LineString", "coordinates": [[-5.92046452, 54.60400141], [-5.92043287, 54.60398833]]}, "properties": {"DETAIL_ID": "CQ3.L04.W42", "USE_TYPE": "Wall", "LEVEL_ID": "CQ3.L04", "FACILITY_ID": "CQ3", "ELEVATION_RELATIVE": 16.7}}, {"type": "Feature", "geometry": {"type": "LineString", "coordinates": [[-5.92046269, 54.60400289], [-5.92043104, 54.60398982]]}, "properties": {"DETAIL_ID": "CQ3.L04.W43", "USE_TYPE": "Wall", "LEVEL_ID": "CQ3.L04", "FACILITY_ID": "CQ3", "ELEVATION_RELATIVE": 16.7}}, {"type": "Feature", "geometry": {"type": "LineString", "coordinates": [[-5.92049258, 54.60397862], [-5.92046093, 54.60396555]]}, "properties": {"DETAIL_ID": "CQ3.L04.W44", "USE_TYPE": "Wall", "LEVEL_ID": "CQ3.L04", "FACILITY_ID": "CQ3", "ELEVATION_RELATIVE": 16.7}}, {"type": "Feature", "geometry": {"type": "LineString", "coordinates": [[-5.92049075, 54.60398011], [-5.9204591, 54.60396703]]}, "properties": {"DETAIL_ID": "CQ3.L04.W45", "USE_TYPE": "Wall", "LEVEL_ID": "CQ3.L04", "FACILITY_ID": "CQ3", "ELEVATION_RELATIVE": 16.7}}, {"type": "Feature", "geometry": {"type": "LineString", "coordinates": [[-5.92056912, 54.60401025], [-5.92053737, 54.60399713]]}, "properties": {"DETAIL_ID": "CQ3.L04.W46", "USE_TYPE": "Wall", "LEVEL_ID": "CQ3.L04", "FACILITY_ID": "CQ3", "ELEVATION_RELATIVE": 16.7}}, {"type": "Feature", "geometry": {"type": "LineString", "coordinates": [[-5.92056729, 54.60401173], [-5.92053554, 54.60399861]]}, "properties": {"DETAIL_ID": "CQ3.L04.W47", "USE_TYPE": "Wall", "LEVEL_ID": "CQ3.L04", "FACILITY_ID": "CQ3", "ELEVATION_RELATIVE": 16.7}}, {"type": "Feature", "geometry": {"type": "LineString", "coordinates": [[-5.92054106, 54.60403303], [-5.92050931, 54.60401991]]}, "properties": {"DETAIL_ID": "CQ3.L04.W48", "USE_TYPE": "Wall", "LEVEL_ID": "CQ3.L04", "FACILITY_ID": "CQ3", "ELEVATION_RELATIVE": 16.7}}, {"type": "Feature", "geometry": {"type": "LineString", "coordinates": [[-5.92053923, 54.60403452], [-5.92050748, 54.6040214]]}, "properties": {"DETAIL_ID": "CQ3.L04.W49", "USE_TYPE": "Wall", "LEVEL_ID": "CQ3.L04", "FACILITY_ID": "CQ3", "ELEVATION_RELATIVE": 16.7}}, {"type": "Feature", "geometry": {"type": "LineString", "coordinates": [[-5.92031861, 54.60392618], [-5.92030097, 54.60391889]]}, "properties": {"DETAIL_ID": "CQ3.L04.W50", "USE_TYPE": "Wall", "LEVEL_ID": "CQ3.L04", "FACILITY_ID": "CQ3", "ELEVATION_RELATIVE": 16.7}}, {"type": "Feature", "geometry": {"type": "LineString", "coordinates": [[-5.92032044, 54.60392469], [-5.9203028, 54.6039174]]}, "properties": {"DETAIL_ID": "CQ3.L04.W51", "USE_TYPE": "Wall", "LEVEL_ID": "CQ3.L04", "FACILITY_ID": "CQ3", "ELEVATION_RELATIVE": 16.7}}, {"type": "Feature", "geometry": {"type": "LineString", "coordinates": [[-5.92069725, 54.60408262], [-5.92067972, 54.60407537]]}, "properties": {"DETAIL_ID": "CQ3.L04.W52", "USE_TYPE": "Wall", "LEVEL_ID": "CQ3.L04", "FACILITY_ID": "CQ3", "ELEVATION_RELATIVE": 16.7}}, {"type": "Feature", "geometry": {"type": "LineString", "coordinates": [[-5.92069908, 54.60408113], [-5.92068155, 54.60407389]]}, "properties": {"DETAIL_ID": "CQ3.L04.W53", "USE_TYPE": "Wall", "LEVEL_ID": "CQ3.L04", "FACILITY_ID": "CQ3", "ELEVATION_RELATIVE": 16.7}}, {"type": "Feature", "geometry": {"type": "LineString", "coordinates": [[-5.92064954, 54.60406963], [-5.92063318, 54.60406287]]}, "properties": {"DETAIL_ID": "CQ3.L04.W54", "USE_TYPE": "Wall", "LEVEL_ID": "CQ3.L04", "FACILITY_ID": "CQ3", "ELEVATION_RELATIVE": 16.7}}, {"type": "Feature", "geometry": {"type": "LineString", "coordinates": [[-5.92064733, 54.60407143], [-5.92063097, 54.60406467]]}, "properties": {"DETAIL_ID": "CQ3.L04.W55", "USE_TYPE": "Wall", "LEVEL_ID": "CQ3.L04", "FACILITY_ID": "CQ3", "ELEVATION_RELATIVE": 16.7}}, {"type": "Feature", "geometry": {"type": "LineString", "coordinates": [[-5.92064504, 54.60407328], [-5.92062868, 54.60406653]]}, "properties": {"DETAIL_ID": "CQ3.L04.W56", "USE_TYPE": "Wall", "LEVEL_ID": "CQ3.L04", "FACILITY_ID": "CQ3", "ELEVATION_RELATIVE": 16.7}}, {"type": "Feature", "geometry": {"type": "LineString", "coordinates": [[-5.92064283, 54.60407508], [-5.92062647, 54.60406832]]}, "properties": {"DETAIL_ID": "CQ3.L04.W57", "USE_TYPE": "Wall", "LEVEL_ID": "CQ3.L04", "FACILITY_ID": "CQ3", "ELEVATION_RELATIVE": 16.7}}, {"type": "Feature", "geometry": {"type": "LineString", "coordinates": [[-5.92064054, 54.60407694], [-5.92062418, 54.60407018]]}, "properties": {"DETAIL_ID": "CQ3.L04.W58", "USE_TYPE": "Wall", "LEVEL_ID": "CQ3.L04", "FACILITY_ID": "CQ3", "ELEVATION_RELATIVE": 16.7}}, {"type": "Feature", "geometry": {"type": "LineString", "coordinates": [[-5.92063833, 54.60407873], [-5.92062197, 54.60407197]]}, "properties": {"DETAIL_ID": "CQ3.L04.W59", "USE_TYPE": "Wall", "LEVEL_ID": "CQ3.L04", "FACILITY_ID": "CQ3", "ELEVATION_RELATIVE": 16.7}}, {"type": "Feature", "geometry": {"type": "LineString", "coordinates": [[-5.92063604, 54.60408059], [-5.92061968, 54.60407383]]}, "properties": {"DETAIL_ID": "CQ3.L04.W60", "USE_TYPE": "Wall", "LEVEL_ID": "CQ3.L04", "FACILITY_ID": "CQ3", "ELEVATION_RELATIVE": 16.7}}, {"type": "Feature", "geometry": {"type": "LineString", "coordinates": [[-5.92063375, 54.60408245], [-5.9206174, 54.60407569]]}, "properties": {"DETAIL_ID": "CQ3.L04.W61", "USE_TYPE": "Wall", "LEVEL_ID": "CQ3.L04", "FACILITY_ID": "CQ3", "ELEVATION_RELATIVE": 16.7}}, {"type": "Feature", "geometry": {"type": "LineString", "coordinates": [[-5.92063154, 54.60408424], [-5.92061519, 54.60407749]]}, "properties": {"DETAIL_ID": "CQ3.L04.W62", "USE_TYPE": "Wall", "LEVEL_ID": "CQ3.L04", "FACILITY_ID": "CQ3", "ELEVATION_RELATIVE": 16.7}}, {"type": "Feature", "geometry": {"type": "LineString", "coordinates": [[-5.92062925, 54.6040861], [-5.9206129, 54.60407934]]}, "properties": {"DETAIL_ID": "CQ3.L04.W63", "USE_TYPE": "Wall", "LEVEL_ID": "CQ3.L04", "FACILITY_ID": "CQ3", "ELEVATION_RELATIVE": 16.7}}, {"type": "Feature", "geometry": {"type": "LineString", "coordinates": [[-5.9206355, 54.60410578], [-5.92059894, 54.60409067]]}, "properties": {"DETAIL_ID": "CQ3.L04.W64", "USE_TYPE": "Wall", "LEVEL_ID": "CQ3.L04", "FACILITY_ID": "CQ3", "ELEVATION_RELATIVE": 16.7}}, {"type": "Feature", "geometry": {"type": "LineString", "coordinates": [[-5.92062704, 54.6040879], [-5.92061069, 54.60408114]]}, "properties": {"DETAIL_ID": "CQ3.L04.W65", "USE_TYPE": "Wall", "LEVEL_ID": "CQ3.L04", "FACILITY_ID": "CQ3", "ELEVATION_RELATIVE": 16.7}}, {"type": "Feature", "geometry": {"type": "LineString", "coordinates": [[-5.92064725, 54.60409624], [-5.92063089, 54.60408949]]}, "properties": {"DETAIL_ID": "CQ3.L04.W66", "USE_TYPE": "Wall", "LEVEL_ID": "CQ3.L04", "FACILITY_ID": "CQ3", "ELEVATION_RELATIVE": 16.7}}, {"type": "Feature", "geometry": {"type": "LineString", "coordinates": [[-5.92064946, 54.60409445], [-5.9206331, 54.60408769]]}, "properties": {"DETAIL_ID": "CQ3.L04.W67", "USE_TYPE": "Wall", "LEVEL_ID": "CQ3.L04", "FACILITY_ID": "CQ3", "ELEVATION_RELATIVE": 16.7}}, {"type": "Feature", "geometry": {"type": "LineString", "coordinates": [[-5.92065175, 54.60409259], [-5.92063539, 54.60408583]]}, "properties": {"DETAIL_ID": "CQ3.L04.W68", "USE_TYPE": "Wall", "LEVEL_ID": "CQ3.L04", "FACILITY_ID": "CQ3", "ELEVATION_RELATIVE": 16.7}}, {"type": "Feature", "geometry": {"type": "LineString", "coordinates": [[-5.92063325, 54.60409765], [-5.92061305, 54.60408931]]}, "properties": {"DETAIL_ID": "CQ3.L04.W69", "USE_TYPE": "Wall", "LEVEL_ID": "CQ3.L04", "FACILITY_ID": "CQ3", "ELEVATION_RELATIVE": 16.7}}, {"type": "Feature", "geometry": {"type": "LineString", "coordinates": [[-5.92035417, 54.6039476], [-5.92033771, 54.6039408]]}, "properties": {"DETAIL_ID": "CQ3.L04.W70", "USE_TYPE": "Wall", "LEVEL_ID": "CQ3.L04", "FACILITY_ID": "CQ3", "ELEVATION_RELATIVE": 16.7}}, {"type": "Feature", "geometry": {"type": "LineString", "coordinates": [[-5.92035196, 54.60394939], [-5.9203355, 54.60394259]]}, "properties": {"DETAIL_ID": "CQ3.L04.W71", "USE_TYPE": "Wall", "LEVEL_ID": "CQ3.L04", "FACILITY_ID": "CQ3", "ELEVATION_RELATIVE": 16.7}}, {"type": "Feature", "geometry": {"type": "LineString", "coordinates": [[-5.92034967, 54.60395125], [-5.92033321, 54.60394445]]}, "properties": {"DETAIL_ID": "CQ3.L04.W72", "USE_TYPE": "Wall", "LEVEL_ID": "CQ3.L04", "FACILITY_ID": "CQ3", "ELEVATION_RELATIVE": 16.7}}, {"type": "Feature", "geometry": {"type": "LineString", "coordinates": [[-5.92034746, 54.60395305], [-5.920331, 54.60394624]]}, "properties": {"DETAIL_ID": "CQ3.L04.W73", "USE_TYPE": "Wall", "LEVEL_ID": "CQ3.L04", "FACILITY_ID": "CQ3", "ELEVATION_RELATIVE": 16.7}}, {"type": "Feature", "geometry": {"type": "LineString", "coordinates": [[-5.92034517, 54.6039549], [-5.92032871, 54.6039481]]}, "properties": {"DETAIL_ID": "CQ3.L04.W74", "USE_TYPE": "Wall", "LEVEL_ID": "CQ3.L04", "FACILITY_ID": "CQ3", "ELEVATION_RELATIVE": 16.7}}, {"type": "Feature", "geometry": {"type": "LineString", "coordinates": [[-5.92034296, 54.6039567], [-5.9203265, 54.6039499]]}, "properties": {"DETAIL_ID": "CQ3.L04.W75", "USE_TYPE": "Wall", "LEVEL_ID": "CQ3.L04", "FACILITY_ID": "CQ3", "ELEVATION_RELATIVE": 16.7}}, {"type": "Feature", "geometry": {"type": "LineString", "coordinates": [[-5.92034067, 54.60395856], [-5.92032421, 54.60395175]]}, "properties": {"DETAIL_ID": "CQ3.L04.W76", "USE_TYPE": "Wall", "LEVEL_ID": "CQ3.L04", "FACILITY_ID": "CQ3", "ELEVATION_RELATIVE": 16.7}}, {"type": "Feature", "geometry": {"type": "LineString", "coordinates": [[-5.92033839, 54.60396041], [-5.92032192, 54.60395361]]}, "properties": {"DETAIL_ID": "CQ3.L04.W77", "USE_TYPE": "Wall", "LEVEL_ID": "CQ3.L04", "FACILITY_ID": "CQ3", "ELEVATION_RELATIVE": 16.7}}, {"type": "Feature", "geometry": {"type": "LineString", "coordinates": [[-5.92033617, 54.60396221], [-5.92031971, 54.60395541]]}, "properties": {"DETAIL_ID": "CQ3.L04.W78", "USE_TYPE": "Wall", "LEVEL_ID": "CQ3.L04", "FACILITY_ID": "CQ3", "ELEVATION_RELATIVE": 16.7}}, {"type": "Feature", "geometry": {"type": "LineString", "coordinates": [[-5.92033389, 54.60396407], [-5.92031742, 54.60395727]]}, "properties": {"DETAIL_ID": "CQ3.L04.W79", "USE_TYPE": "Wall", "LEVEL_ID": "CQ3.L04", "FACILITY_ID": "CQ3", "ELEVATION_RELATIVE": 16.7}}, {"type": "Feature", "geometry": {"type": "LineString", "coordinates": [[-5.92031993, 54.6039754], [-5.92028327, 54.60396025]]}, "properties": {"DETAIL_ID": "CQ3.L04.W80", "USE_TYPE": "Wall", "LEVEL_ID": "CQ3.L04", "FACILITY_ID": "CQ3", "ELEVATION_RELATIVE": 16.7}}, {"type": "Feature", "geometry": {"type": "LineString", "coordinates": [[-5.92033168, 54.60396586], [-5.92031521, 54.60395906]]}, "properties": {"DETAIL_ID": "CQ3.L04.W81", "USE_TYPE": "Wall", "LEVEL_ID": "CQ3.L04", "FACILITY_ID": "CQ3", "ELEVATION_RELATIVE": 16.7}}, {"type": "Feature", "geometry": {"type": "LineString", "coordinates": [[-5.92031147, 54.60395752], [-5.92029501, 54.60395071]]}, "properties": {"DETAIL_ID": "CQ3.L04.W82", "USE_TYPE": "Wall", "LEVEL_ID": "CQ3.L04", "FACILITY_ID": "CQ3", "ELEVATION_RELATIVE": 16.7}}, {"type": "Feature", "geometry": {"type": "LineString", "coordinates": [[-5.92031368, 54.60395572], [-5.92029722, 54.60394892]]}, "properties": {"DETAIL_ID": "CQ3.L04.W83", "USE_TYPE": "Wall", "LEVEL_ID": "CQ3.L04", "FACILITY_ID": "CQ3", "ELEVATION_RELATIVE": 16.7}}, {"type": "Feature", "geometry": {"type": "LineString", "coordinates": [[-5.92031597, 54.60395386], [-5.92029951, 54.60394706]]}, "properties": {"DETAIL_ID": "CQ3.L04.W84", "USE_TYPE": "Wall", "LEVEL_ID": "CQ3.L04", "FACILITY_ID": "CQ3", "ELEVATION_RELATIVE": 16.7}}, {"type": "Feature", "geometry": {"type": "LineString", "coordinates": [[-5.92031757, 54.60396723], [-5.92029737, 54.60395888]]}, "properties": {"DETAIL_ID": "CQ3.L04.W85", "USE_TYPE": "Wall", "LEVEL_ID": "CQ3.L04", "FACILITY_ID": "CQ3", "ELEVATION_RELATIVE": 16.7}}, {"type": "Feature", "geometry": {"type": "LineString", "coordinates": [[-5.92063538, 54.60410515], [-5.92060003, 54.60409054]]}, "properties": {"DETAIL_ID": "CQ3.L04.W86", "USE_TYPE": "Wall", "LEVEL_ID": "CQ3.L04", "FACILITY_ID": "CQ3", "ELEVATION_RELATIVE": 16.7}}, {"type": "Feature", "geometry": {"type": "LineString", "coordinates": [[-5.9206352, 54.60410452], [-5.92060111, 54.60409044]]}, "properties": {"DETAIL_ID": "CQ3.L04.W87", "USE_TYPE": "Wall", "LEVEL_ID": "CQ3.L04", "FACILITY_ID": "CQ3", "ELEVATION_RELATIVE": 16.7}}, {"type": "Feature", "geometry": {"type": "LineString", "coordinates": [[-5.92031973, 54.60397473], [-5.92028438, 54.60396013]]}, "properties": {"DETAIL_ID": "CQ3.L04.W88", "USE_TYPE": "Wall", "LEVEL_ID": "CQ3.L04", "FACILITY_ID": "CQ3", "ELEVATION_RELATIVE": 16.7}}, {"type": "Feature", "geometry": {"type": "LineString", "coordinates": [[-5.92031955, 54.60397411], [-5.92028546, 54.60396002]]}, "properties": {"DETAIL_ID": "CQ3.L04.W89", "USE_TYPE": "Wall", "LEVEL_ID": "CQ3.L04", "FACILITY_ID": "CQ3", "ELEVATION_RELATIVE": 16.7}}, {"type": "Feature", "geometry": {"type": "LineString", "coordinates": [[-5.92039387, 54.6039058], [-5.92036437, 54.60389361]]}, "properties": {"DETAIL_ID": "CQ3.L04.W90", "USE_TYPE": "Wall", "LEVEL_ID": "CQ3.L04", "FACILITY_ID": "CQ3", "ELEVATION_RELATIVE": 16.7}}, {"type": "Feature", "geometry": {"type": "LineString", "coordinates": [[-5.92036062, 54.60389206], [-5.92034544, 54.60388579]]}, "properties": {"DETAIL_ID": "CQ3.L04.W91", "USE_TYPE": "Wall", "LEVEL_ID": "CQ3.L04", "FACILITY_ID": "CQ3", "ELEVATION_RELATIVE": 16.7}}, {"type": "Feature", "geometry": {"type": "LineString", "coordinates": [[-5.92040937, 54.60390893], [-5.92034437, 54.60388208]]}, "properties": {"DETAIL_ID": "CQ3.L04.W92", "USE_TYPE": "Wall", "LEVEL_ID": "CQ3.L04", "FACILITY_ID": "CQ3", "ELEVATION_RELATIVE": 16.7}}, {"type": "Feature", "geometry": {"type": "LineString", "coordinates": [[-5.92051873, 54.60395738], [-5.92048709, 54.60394431]]}, "properties": {"DETAIL_ID": "CQ3.L04.W93", "USE_TYPE": "Wall", "LEVEL_ID": "CQ3.L04", "FACILITY_ID": "CQ3", "ELEVATION_RELATIVE": 16.7}}, {"type": "Feature", "geometry": {"type": "LineString", "coordinates": [[-5.92048324, 54.60394272], [-5.9204299, 54.60392068]]}, "properties": {"DETAIL_ID": "CQ3.L04.W94", "USE_TYPE": "Wall", "LEVEL_ID": "CQ3.L04", "FACILITY_ID": "CQ3", "ELEVATION_RELATIVE": 16.7}}, {"type": "Feature", "geometry": {"type": "LineString", "coordinates": [[-5.92052514, 54.60395676], [-5.92043256, 54.60391851]]}, "properties": {"DETAIL_ID": "CQ3.L04.W95", "USE_TYPE": "Wall", "LEVEL_ID": "CQ3.L04", "FACILITY_ID": "CQ3", "ELEVATION_RELATIVE": 16.7}}, {"type": "Feature", "geometry": {"type": "LineString", "coordinates": [[-5.92065236, 54.60401259], [-5.92059901, 54.60399055]]}, "properties": {"DETAIL_ID": "CQ3.L04.W96", "USE_TYPE": "Wall", "LEVEL_ID": "CQ3.L04", "FACILITY_ID": "CQ3", "ELEVATION_RELATIVE": 16.7}}, {"type": "Feature", "geometry": {"type": "LineString", "coordinates": [[-5.92059527, 54.60398901], [-5.92056352, 54.60397589]]}, "properties": {"DETAIL_ID": "CQ3.L04.W97", "USE_TYPE": "Wall", "LEVEL_ID": "CQ3.L04", "FACILITY_ID": "CQ3", "ELEVATION_RELATIVE": 16.7}}, {"type": "Feature", "geometry": {"type": "LineString", "coordinates": [[-5.92065503, 54.60401042], [-5.92056245, 54.60397218]]}, "properties": {"DETAIL_ID": "CQ3.L04.W98", "USE_TYPE": "Wall", "LEVEL_ID": "CQ3.L04", "FACILITY_ID": "CQ3", "ELEVATION_RELATIVE": 16.7}}, {"type": "Feature", "geometry": {"type": "LineString", "coordinates": [[-5.92073681, 54.60404748], [-5.92072174, 54.60404126]]}, "properties": {"DETAIL_ID": "CQ3.L04.W99", "USE_TYPE": "Wall", "LEVEL_ID": "CQ3.L04", "FACILITY_ID": "CQ3", "ELEVATION_RELATIVE": 16.7}}, {"type": "Feature", "geometry": {"type": "LineString", "coordinates": [[-5.92071789, 54.60403967], [-5.92067566, 54.60402222]]}, "properties": {"DETAIL_ID": "CQ3.L04.W100", "USE_TYPE": "Wall", "LEVEL_ID": "CQ3.L04", "FACILITY_ID": "CQ3", "ELEVATION_RELATIVE": 16.7}}, {"type": "Feature", "geometry": {"type": "LineString", "coordinates": [[-5.92074333, 54.60404691], [-5.92067833, 54.60402005]]}, "properties": {"DETAIL_ID": "CQ3.L04.W101", "USE_TYPE": "Wall", "LEVEL_ID": "CQ3.L04", "FACILITY_ID": "CQ3", "ELEVATION_RELATIVE": 16.7}}, {"type": "Feature", "geometry": {"type": "LineString", "coordinates": [[-5.92063569, 54.60410642], [-5.92059784, 54.60409078]]}, "properties": {"DETAIL_ID": "CQ3.L04.W102", "USE_TYPE": "Wall", "LEVEL_ID": "CQ3.L04", "FACILITY_ID": "CQ3", "ELEVATION_RELATIVE": 16.7}}, {"type": "Feature", "geometry": {"type": "LineString", "coordinates": [[-5.92065461, 54.60411423], [-5.92063954, 54.60410801]]}, "properties": {"DETAIL_ID": "CQ3.L04.W103", "USE_TYPE": "Wall", "LEVEL_ID": "CQ3.L04", "FACILITY_ID": "CQ3", "ELEVATION_RELATIVE": 16.7}}, {"type": "Feature", "geometry": {"type": "LineString", "coordinates": [[-5.92065579, 54.60411799], [-5.92059133, 54.60409136]]}, "properties": {"DETAIL_ID": "CQ3.L04.W104", "USE_TYPE": "Wall", "LEVEL_ID": "CQ3.L04", "FACILITY_ID": "CQ3", "ELEVATION_RELATIVE": 16.7}}, {"type": "Feature", "geometry": {"type": "LineString", "coordinates": [[-5.92040104, 54.60400947], [-5.92034834, 54.6039877]]}, "properties": {"DETAIL_ID": "CQ3.L04.W105", "USE_TYPE": "Wall", "LEVEL_ID": "CQ3.L04", "FACILITY_ID": "CQ3", "ELEVATION_RELATIVE": 16.7}}, {"type": "Feature", "geometry": {"type": "LineString", "coordinates": [[-5.92043653, 54.60402413], [-5.92040489, 54.60401106]]}, "properties": {"DETAIL_ID": "CQ3.L04.W106", "USE_TYPE": "Wall", "LEVEL_ID": "CQ3.L04", "FACILITY_ID": "CQ3", "ELEVATION_RELATIVE": 16.7}}, {"type": "Feature", "geometry": {"type": "LineString", "coordinates": [[-5.9204376, 54.60402785], [-5.92034567, 54.60398986]]}, "properties": {"DETAIL_ID": "CQ3.L04.W107", "USE_TYPE": "Wall", "LEVEL_ID": "CQ3.L04", "FACILITY_ID": "CQ3", "ELEVATION_RELATIVE": 16.7}}, {"type": "Feature", "geometry": {"type": "LineString", "coordinates": [[-5.92027842, 54.60395881], [-5.92026325, 54.60395254]]}, "properties": {"DETAIL_ID": "CQ3.L04.W108", "USE_TYPE": "Wall", "LEVEL_ID": "CQ3.L04", "FACILITY_ID": "CQ3", "ELEVATION_RELATIVE": 16.7}}, {"type": "Feature", "geometry": {"type": "LineString", "coordinates": [[-5.92032001, 54.60397599], [-5.92028217, 54.60396036]]}, "properties": {"DETAIL_ID": "CQ3.L04.W109", "USE_TYPE": "Wall", "LEVEL_ID": "CQ3.L04", "FACILITY_ID": "CQ3", "ELEVATION_RELATIVE": 16.7}}, {"type": "Feature", "geometry": {"type": "LineString", "coordinates": [[-5.92032119, 54.60397975], [-5.92025683, 54.60395316]]}, "properties": {"DETAIL_ID": "CQ3.L04.W110", "USE_TYPE": "Wall", "LEVEL_ID": "CQ3.L04", "FACILITY_ID": "CQ3", "ELEVATION_RELATIVE": 16.7}}, {"type": "Feature", "geometry": {"type": "LineString", "coordinates": [[-5.9203876, 54.60392582], [-5.92034591, 54.60390859]]}, "properties": {"DETAIL_ID": "CQ3.L04.W111", "USE_TYPE": "Wall", "LEVEL_ID": "CQ3.L04", "FACILITY_ID": "CQ3", "ELEVATION_RELATIVE": 16.7}}, {"type": "Feature", "geometry": {"type": "LineString", "coordinates": [[-5.92038101, 54.60392646], [-5.92034317, 54.60391082]]}, "properties": {"DETAIL_ID": "CQ3.L04.W112", "USE_TYPE": "Wall", "LEVEL_ID": "CQ3.L04", "FACILITY_ID": "CQ3", "ELEVATION_RELATIVE": 16.7}}, {"type": "Feature", "geometry": {"type": "LineString", "coordinates": [[-5.92069669, 54.60405688], [-5.92065885, 54.60404124]]}, "properties": {"DETAIL_ID": "CQ3.L04.W113", "USE_TYPE": "Wall", "LEVEL_ID": "CQ3.L04", "FACILITY_ID": "CQ3", "ELEVATION_RELATIVE": 16.7}}, {"type": "Feature", "geometry": {"type": "LineString", "coordinates": [[-5.92069943, 54.60405465], [-5.92065774, 54.60403743]]}, "properties": {"DETAIL_ID": "CQ3.L04.W114", "USE_TYPE": "Wall", "LEVEL_ID": "CQ3.L04", "FACILITY_ID": "CQ3", "ELEVATION_RELATIVE": 16.7}}, {"type": "Feature", "geometry": {"type": "LineString", "coordinates": [[-5.92051307, 54.60405576], [-5.92048132, 54.60404264]]}, "properties": {"DETAIL_ID": "CQ3.L04.W115", "USE_TYPE": "Wall", "LEVEL_ID": "CQ3.L04", "FACILITY_ID": "CQ3", "ELEVATION_RELATIVE": 16.7}}, {"type": "Feature", "geometry": {"type": "LineString", "coordinates": [[-5.92056952, 54.60407908], [-5.92051681, 54.6040573]]}, "properties": {"DETAIL_ID": "CQ3.L04.W116", "USE_TYPE": "Wall", "LEVEL_ID": "CQ3.L04", "FACILITY_ID": "CQ3", "ELEVATION_RELATIVE": 16.7}}, {"type": "Feature", "geometry": {"type": "LineString", "coordinates": [[-5.92056685, 54.60408124], [-5.92047491, 54.60404326]]}, "properties": {"DETAIL_ID": "CQ3.L04.W117", "USE_TYPE": "Wall", "LEVEL_ID": "CQ3.L04", "FACILITY_ID": "CQ3", "ELEVATION_RELATIVE": 16.7}}, {"type": "Feature", "geometry": {"type": "LineString", "coordinates": [[-5.92059894, 54.60409067], [-5.92061069, 54.60408114]]}, "properties": {"DETAIL_ID": "CQ3.L05.W0", "USE_TYPE": "Wall", "LEVEL_ID": "CQ3.L05", "FACILITY_ID": "CQ3", "ELEVATION_RELATIVE": 20.6}}, {"type": "Feature", "geometry": {"type": "LineString", "coordinates": [[-5.9206355, 54.60410578], [-5.92064725, 54.60409624]]}, "properties": {"DETAIL_ID": "CQ3.L05.W1", "USE_TYPE": "Wall", "LEVEL_ID": "CQ3.L05", "FACILITY_ID": "CQ3", "ELEVATION_RELATIVE": 20.6}}, {"type": "Feature", "geometry": {"type": "LineString", "coordinates": [[-5.92061305, 54.60408931], [-5.92064141, 54.60406627]]}, "properties": {"DETAIL_ID": "CQ3.L05.W2", "USE_TYPE": "Wall", "LEVEL_ID": "CQ3.L05", "FACILITY_ID": "CQ3", "ELEVATION_RELATIVE": 20.6}}, {"type": "Feature", "geometry": {"type": "LineString", "coordinates": [[-5.92063325, 54.60409765], [-5.92064652, 54.60408688]]}, "properties": {"DETAIL_ID": "CQ3.L05.W3", "USE_TYPE": "Wall", "LEVEL_ID": "CQ3.L05", "FACILITY_ID": "CQ3", "ELEVATION_RELATIVE": 20.6}}, {"type": "Feature", "geometry": {"type": "LineString", "coordinates": [[-5.92031993, 54.6039754], [-5.92033168, 54.60396586]]}, "properties": {"DETAIL_ID": "CQ3.L05.W4", "USE_TYPE": "Wall", "LEVEL_ID": "CQ3.L05", "FACILITY_ID": "CQ3", "ELEVATION_RELATIVE": 20.6}}, {"type": "Feature", "geometry": {"type": "LineString", "coordinates": [[-5.92028327, 54.60396025], [-5.92029501, 54.60395071]]}, "properties": {"DETAIL_ID": "CQ3.L05.W5", "USE_TYPE": "Wall", "LEVEL_ID": "CQ3.L05", "FACILITY_ID": "CQ3", "ELEVATION_RELATIVE": 20.6}}, {"type": "Feature", "geometry": {"type": "LineString", "coordinates": [[-5.92031757, 54.60396723], [-5.92034594, 54.6039442]]}, "properties": {"DETAIL_ID": "CQ3.L05.W6", "USE_TYPE": "Wall", "LEVEL_ID": "CQ3.L05", "FACILITY_ID": "CQ3", "ELEVATION_RELATIVE": 20.6}}, {"type": "Feature", "geometry": {"type": "LineString", "coordinates": [[-5.92029737, 54.60395888], [-5.92031064, 54.60394811]]}, "properties": {"DETAIL_ID": "CQ3.L05.W7", "USE_TYPE": "Wall", "LEVEL_ID": "CQ3.L05", "FACILITY_ID": "CQ3", "ELEVATION_RELATIVE": 20.6}}, {"type": "Feature", "geometry": {"type": "LineString", "coordinates": [[-5.92063538, 54.60410515], [-5.92067411, 54.6040737]]}, "properties": {"DETAIL_ID": "CQ3.L05.W8", "USE_TYPE": "Wall", "LEVEL_ID": "CQ3.L05", "FACILITY_ID": "CQ3", "ELEVATION_RELATIVE": 20.6}}, {"type": "Feature", "geometry": {"type": "LineString", "coordinates": [[-5.92060003, 54.60409054], [-5.9206365, 54.60406092]]}, "properties": {"DETAIL_ID": "CQ3.L05.W9", "USE_TYPE": "Wall", "LEVEL_ID": "CQ3.L05", "FACILITY_ID": "CQ3", "ELEVATION_RELATIVE": 20.6}}, {"type": "Feature", "geometry": {"type": "LineString", "coordinates": [[-5.92060111, 54.60409044], [-5.92063713, 54.60406118]]}, "properties": {"DETAIL_ID": "CQ3.L05.W10", "USE_TYPE": "Wall", "LEVEL_ID": "CQ3.L05", "FACILITY_ID": "CQ3", "ELEVATION_RELATIVE": 20.6}}, {"type": "Feature", "geometry": {"type": "LineString", "coordinates": [[-5.9206352, 54.60410452], [-5.92067348, 54.60407344]]}, "properties": {"DETAIL_ID": "CQ3.L05.W11", "USE_TYPE": "Wall", "LEVEL_ID": "CQ3.L05", "FACILITY_ID": "CQ3", "ELEVATION_RELATIVE": 20.6}}, {"type": "Feature", "geometry": {"type": "LineString", "coordinates": [[-5.92028438, 54.60396013], [-5.9203231, 54.60392868]]}, "properties": {"DETAIL_ID": "CQ3.L05.W12", "USE_TYPE": "Wall", "LEVEL_ID": "CQ3.L05", "FACILITY_ID": "CQ3", "ELEVATION_RELATIVE": 20.6}}, {"type": "Feature", "geometry": {"type": "LineString", "coordinates": [[-5.92031973, 54.60397473], [-5.9203562, 54.60394511]]}, "properties": {"DETAIL_ID": "CQ3.L05.W13", "USE_TYPE": "Wall", "LEVEL_ID": "CQ3.L05", "FACILITY_ID": "CQ3", "ELEVATION_RELATIVE": 20.6}}, {"type": "Feature", "geometry": {"type": "LineString", "coordinates": [[-5.92031955, 54.60397411], [-5.92035557, 54.60394485]]}, "properties": {"DETAIL_ID": "CQ3.L05.W14", "USE_TYPE": "Wall", "LEVEL_ID": "CQ3.L05", "FACILITY_ID": "CQ3", "ELEVATION_RELATIVE": 20.6}}, {"type": "Feature", "geometry": {"type": "LineString", "coordinates": [[-5.92028546, 54.60396002], [-5.92032373, 54.60392894]]}, "properties": {"DETAIL_ID": "CQ3.L05.W15", "USE_TYPE": "Wall", "LEVEL_ID": "CQ3.L05", "FACILITY_ID": "CQ3", "ELEVATION_RELATIVE": 20.6}}, {"type": "Feature", "geometry": {"type": "LineString", "coordinates": [[-5.92027842, 54.60395881], [-5.92031861, 54.60392618]]}, "properties": {"DETAIL_ID": "CQ3.L05.W16", "USE_TYPE": "Wall", "LEVEL_ID": "CQ3.L05", "FACILITY_ID": "CQ3", "ELEVATION_RELATIVE": 20.6}}, {"type": "Feature", "geometry": {"type": "LineString", "coordinates": [[-5.92032044, 54.60392469], [-5.92036062, 54.60389206]]}, "properties": {"DETAIL_ID": "CQ3.L05.W17", "USE_TYPE": "Wall", "LEVEL_ID": "CQ3.L05", "FACILITY_ID": "CQ3", "ELEVATION_RELATIVE": 20.6}}, {"type": "Feature", "geometry": {"type": "LineString", "coordinates": [[-5.92028217, 54.60396036], [-5.92034317, 54.60391082]]}, "properties": {"DETAIL_ID": "CQ3.L05.W18", "USE_TYPE": "Wall", "LEVEL_ID": "CQ3.L05", "FACILITY_ID": "CQ3", "ELEVATION_RELATIVE": 20.6}}, {"type": "Feature", "geometry": {"type": "LineString", "coordinates": [[-5.92034591, 54.60390859], [-5.92036437, 54.60389361]]}, "properties": {"DETAIL_ID": "CQ3.L05.W19", "USE_TYPE": "Wall", "LEVEL_ID": "CQ3.L05", "FACILITY_ID": "CQ3", "ELEVATION_RELATIVE": 20.6}}, {"type": "Feature", "geometry": {"type": "LineString", "coordinates": [[-5.92068155, 54.60407389], [-5.92072174, 54.60404126]]}, "properties": {"DETAIL_ID": "CQ3.L05.W20", "USE_TYPE": "Wall", "LEVEL_ID": "CQ3.L05", "FACILITY_ID": "CQ3", "ELEVATION_RELATIVE": 20.6}}, {"type": "Feature", "geometry": {"type": "LineString", "coordinates": [[-5.92063954, 54.60410801], [-5.92067972, 54.60407537]]}, "properties": {"DETAIL_ID": "CQ3.L05.W21", "USE_TYPE": "Wall", "LEVEL_ID": "CQ3.L05", "FACILITY_ID": "CQ3", "ELEVATION_RELATIVE": 20.6}}, {"type": "Feature", "geometry": {"type": "LineString", "coordinates": [[-5.92069943, 54.60405465], [-5.92071789, 54.60403967]]}, "properties": {"DETAIL_ID": "CQ3.L05.W22", "USE_TYPE": "Wall", "LEVEL_ID": "CQ3.L05", "FACILITY_ID": "CQ3", "ELEVATION_RELATIVE": 20.6}}, {"type": "Feature", "geometry": {"type": "LineString", "coordinates": [[-5.92063569, 54.60410642], [-5.92069669, 54.60405688]]}, "properties": {"DETAIL_ID": "CQ3.L05.W23", "USE_TYPE": "Wall", "LEVEL_ID": "CQ3.L05", "FACILITY_ID": "CQ3", "ELEVATION_RELATIVE": 20.6}}, {"type": "Feature", "geometry": {"type": "LineString", "coordinates": [[-5.92032001, 54.60397599], [-5.92036629, 54.60393841]]}, "properties": {"DETAIL_ID": "CQ3.L05.W24", "USE_TYPE": "Wall", "LEVEL_ID": "CQ3.L05", "FACILITY_ID": "CQ3", "ELEVATION_RELATIVE": 20.6}}, {"type": "Feature", "geometry": {"type": "LineString", "coordinates": [[-5.92032119, 54.60397975], [-5.92037014, 54.60394]]}, "properties": {"DETAIL_ID": "CQ3.L05.W25", "USE_TYPE": "Wall", "LEVEL_ID": "CQ3.L05", "FACILITY_ID": "CQ3", "ELEVATION_RELATIVE": 20.6}}, {"type": "Feature", "geometry": {"type": "LineString", "coordinates": [[-5.92059133, 54.60409136], [-5.92064028, 54.60405161]]}, "properties": {"DETAIL_ID": "CQ3.L05.W26", "USE_TYPE": "Wall", "LEVEL_ID": "CQ3.L05", "FACILITY_ID": "CQ3", "ELEVATION_RELATIVE": 20.6}}, {"type": "Feature", "geometry": {"type": "LineString", "coordinates": [[-5.92059784, 54.60409078], [-5.92064413, 54.6040532]]}, "properties": {"DETAIL_ID": "CQ3.L05.W27", "USE_TYPE": "Wall", "LEVEL_ID": "CQ3.L05", "FACILITY_ID": "CQ3", "ELEVATION_RELATIVE": 20.6}}, {"type": "Feature", "geometry": {"type": "LineString", "coordinates": [[-5.92055261, 54.60398016], [-5.92056245, 54.60397218]]}, "properties": {"DETAIL_ID": "CQ3.L05.W28", "USE_TYPE": "Wall", "LEVEL_ID": "CQ3.L05", "FACILITY_ID": "CQ3", "ELEVATION_RELATIVE": 20.6}}, {"type": "Feature", "geometry": {"type": "LineString", "coordinates": [[-5.92052409, 54.60400332], [-5.92054095, 54.60398964]]}, "properties": {"DETAIL_ID": "CQ3.L05.W29", "USE_TYPE": "Wall", "LEVEL_ID": "CQ3.L05", "FACILITY_ID": "CQ3", "ELEVATION_RELATIVE": 20.6}}, {"type": "Feature", "geometry": {"type": "LineString", "coordinates": [[-5.92049596, 54.60402617], [-5.92051327, 54.60401211]]}, "properties": {"DETAIL_ID": "CQ3.L05.W30", "USE_TYPE": "Wall", "LEVEL_ID": "CQ3.L05", "FACILITY_ID": "CQ3", "ELEVATION_RELATIVE": 20.6}}, {"type": "Feature", "geometry": {"type": "LineString", "coordinates": [[-5.92047491, 54.60404326], [-5.92048521, 54.6040349]]}, "properties": {"DETAIL_ID": "CQ3.L05.W31", "USE_TYPE": "Wall", "LEVEL_ID": "CQ3.L05", "FACILITY_ID": "CQ3", "ELEVATION_RELATIVE": 20.6}}, {"type": "Feature", "geometry": {"type": "LineString", "coordinates": [[-5.9204376, 54.60402785], [-5.9204479, 54.60401949]]}, "properties": {"DETAIL_ID": "CQ3.L05.W32", "USE_TYPE": "Wall", "LEVEL_ID": "CQ3.L05", "FACILITY_ID": "CQ3", "ELEVATION_RELATIVE": 20.6}}, {"type": "Feature", "geometry": {"type": "LineString", "coordinates": [[-5.92045865, 54.60401076], [-5.92047596, 54.6039967]]}, "properties": {"DETAIL_ID": "CQ3.L05.W33", "USE_TYPE": "Wall", "LEVEL_ID": "CQ3.L05", "FACILITY_ID": "CQ3", "ELEVATION_RELATIVE": 20.6}}, {"type": "Feature", "geometry": {"type": "LineString", "coordinates": [[-5.92048679, 54.60398791], [-5.92050364, 54.60397422]]}, "properties": {"DETAIL_ID": "CQ3.L05.W34", "USE_TYPE": "Wall", "LEVEL_ID": "CQ3.L05", "FACILITY_ID": "CQ3", "ELEVATION_RELATIVE": 20.6}}, {"type": "Feature", "geometry": {"type": "LineString", "coordinates": [[-5.9205153, 54.60396475], [-5.92052514, 54.60395676]]}, "properties": {"DETAIL_ID": "CQ3.L05.W35", "USE_TYPE": "Wall", "LEVEL_ID": "CQ3.L05", "FACILITY_ID": "CQ3", "ELEVATION_RELATIVE": 20.6}}, {"type": "Feature", "geometry": {"type": "LineString", "coordinates": [[-5.92040104, 54.60400947], [-5.92046486, 54.60395764]]}, "properties": {"DETAIL_ID": "CQ3.L05.W36", "USE_TYPE": "Wall", "LEVEL_ID": "CQ3.L05", "FACILITY_ID": "CQ3", "ELEVATION_RELATIVE": 20.6}}, {"type": "Feature", "geometry": {"type": "LineString", "coordinates": [[-5.92040489, 54.60401106], [-5.92043104, 54.60398982]]}, "properties": {"DETAIL_ID": "CQ3.L05.W37", "USE_TYPE": "Wall", "LEVEL_ID": "CQ3.L05", "FACILITY_ID": "CQ3", "ELEVATION_RELATIVE": 20.6}}, {"type": "Feature", "geometry": {"type": "LineString", "coordinates": [[-5.92043287, 54.60398833], [-5.9204591, 54.60396703]]}, "properties": {"DETAIL_ID": "CQ3.L05.W38", "USE_TYPE": "Wall", "LEVEL_ID": "CQ3.L05", "FACILITY_ID": "CQ3", "ELEVATION_RELATIVE": 20.6}}, {"type": "Feature", "geometry": {"type": "LineString", "coordinates": [[-5.92051681, 54.6040573], [-5.92058064, 54.60400548]]}, "properties": {"DETAIL_ID": "CQ3.L05.W39", "USE_TYPE": "Wall", "LEVEL_ID": "CQ3.L05", "FACILITY_ID": "CQ3", "ELEVATION_RELATIVE": 20.6}}, {"type": "Feature", "geometry": {"type": "LineString", "coordinates": [[-5.92054106, 54.60403303], [-5.92056729, 54.60401173]]}, "properties": {"DETAIL_ID": "CQ3.L05.W40", "USE_TYPE": "Wall", "LEVEL_ID": "CQ3.L05", "FACILITY_ID": "CQ3", "ELEVATION_RELATIVE": 20.6}}, {"type": "Feature", "geometry": {"type": "LineString", "coordinates": [[-5.92051307, 54.60405576], [-5.92053923, 54.60403452]]}, "properties": {"DETAIL_ID": "CQ3.L05.W41", "USE_TYPE": "Wall", "LEVEL_ID": "CQ3.L05", "FACILITY_ID": "CQ3", "ELEVATION_RELATIVE": 20.6}}, {"type": "Feature", "geometry": {"type": "LineString", "coordinates": [[-5.92046452, 54.60400141], [-5.92043287, 54.60398833]]}, "properties": {"DETAIL_ID": "CQ3.L05.W42", "USE_TYPE": "Wall", "LEVEL_ID": "CQ3.L05", "FACILITY_ID": "CQ3", "ELEVATION_RELATIVE": 20.6}}, {"type": "Feature", "geometry": {"type": "LineString", "coordinates": [[-5.92046269, 54.60400289], [-5.92043104, 54.60398982]]}, "properties": {"DETAIL_ID": "CQ3.L05.W43", "USE_TYPE": "Wall", "LEVEL_ID": "CQ3.L05", "FACILITY_ID": "CQ3", "ELEVATION_RELATIVE": 20.6}}, {"type": "Feature", "geometry": {"type": "LineString", "coordinates": [[-5.92049258, 54.60397862], [-5.92046093, 54.60396555]]}, "properties": {"DETAIL_ID": "CQ3.L05.W44", "USE_TYPE": "Wall", "LEVEL_ID": "CQ3.L05", "FACILITY_ID": "CQ3", "ELEVATION_RELATIVE": 20.6}}, {"type": "Feature", "geometry": {"type": "LineString", "coordinates": [[-5.92049075, 54.60398011], [-5.9204591, 54.60396703]]}, "properties": {"DETAIL_ID": "CQ3.L05.W45", "USE_TYPE": "Wall", "LEVEL_ID": "CQ3.L05", "FACILITY_ID": "CQ3", "ELEVATION_RELATIVE": 20.6}}, {"type": "Feature", "geometry": {"type": "LineString", "coordinates": [[-5.92056912, 54.60401025], [-5.92053737, 54.60399713]]}, "properties": {"DETAIL_ID": "CQ3.L05.W46", "USE_TYPE": "Wall", "LEVEL_ID": "CQ3.L05", "FACILITY_ID": "CQ3", "ELEVATION_RELATIVE": 20.6}}, {"type": "Feature", "geometry": {"type": "LineString", "coordinates": [[-5.92056729, 54.60401173], [-5.92053554, 54.60399861]]}, "properties": {"DETAIL_ID": "CQ3.L05.W47", "USE_TYPE": "Wall", "LEVEL_ID": "CQ3.L05", "FACILITY_ID": "CQ3", "ELEVATION_RELATIVE": 20.6}}, {"type": "Feature", "geometry": {"type": "LineString", "coordinates": [[-5.92054106, 54.60403303], [-5.92050931, 54.60401991]]}, "properties": {"DETAIL_ID": "CQ3.L05.W48", "USE_TYPE": "Wall", "LEVEL_ID": "CQ3.L05", "FACILITY_ID": "CQ3", "ELEVATION_RELATIVE": 20.6}}, {"type": "Feature", "geometry": {"type": "LineString", "coordinates": [[-5.92053923, 54.60403452], [-5.92050748, 54.6040214]]}, "properties": {"DETAIL_ID": "CQ3.L05.W49", "USE_TYPE": "Wall", "LEVEL_ID": "CQ3.L05", "FACILITY_ID": "CQ3", "ELEVATION_RELATIVE": 20.6}}, {"type": "Feature", "geometry": {"type": "LineString", "coordinates": [[-5.92031861, 54.60392618], [-5.92030097, 54.60391889]]}, "properties": {"DETAIL_ID": "CQ3.L05.W50", "USE_TYPE": "Wall", "LEVEL_ID": "CQ3.L05", "FACILITY_ID": "CQ3", "ELEVATION_RELATIVE": 20.6}}, {"type": "Feature", "geometry": {"type": "LineString", "coordinates": [[-5.92032044, 54.60392469], [-5.9203028, 54.6039174]]}, "properties": {"DETAIL_ID": "CQ3.L05.W51", "USE_TYPE": "Wall", "LEVEL_ID": "CQ3.L05", "FACILITY_ID": "CQ3", "ELEVATION_RELATIVE": 20.6}}, {"type": "Feature", "geometry": {"type": "LineString", "coordinates": [[-5.92069725, 54.60408262], [-5.92067972, 54.60407537]]}, "properties": {"DETAIL_ID": "CQ3.L05.W52", "USE_TYPE": "Wall", "LEVEL_ID": "CQ3.L05", "FACILITY_ID": "CQ3", "ELEVATION_RELATIVE": 20.6}}, {"type": "Feature", "geometry": {"type": "LineString", "coordinates": [[-5.92069908, 54.60408113], [-5.92068155, 54.60407389]]}, "properties": {"DETAIL_ID": "CQ3.L05.W53", "USE_TYPE": "Wall", "LEVEL_ID": "CQ3.L05", "FACILITY_ID": "CQ3", "ELEVATION_RELATIVE": 20.6}}, {"type": "Feature", "geometry": {"type": "LineString", "coordinates": [[-5.92064954, 54.60406963], [-5.92063318, 54.60406287]]}, "properties": {"DETAIL_ID": "CQ3.L05.W54", "USE_TYPE": "Wall", "LEVEL_ID": "CQ3.L05", "FACILITY_ID": "CQ3", "ELEVATION_RELATIVE": 20.6}}, {"type": "Feature", "geometry": {"type": "LineString", "coordinates": [[-5.92064733, 54.60407143], [-5.92063097, 54.60406467]]}, "properties": {"DETAIL_ID": "CQ3.L05.W55", "USE_TYPE": "Wall", "LEVEL_ID": "CQ3.L05", "FACILITY_ID": "CQ3", "ELEVATION_RELATIVE": 20.6}}, {"type": "Feature", "geometry": {"type": "LineString", "coordinates": [[-5.92064504, 54.60407328], [-5.92062868, 54.60406653]]}, "properties": {"DETAIL_ID": "CQ3.L05.W56", "USE_TYPE": "Wall", "LEVEL_ID": "CQ3.L05", "FACILITY_ID": "CQ3", "ELEVATION_RELATIVE": 20.6}}, {"type": "Feature", "geometry": {"type": "LineString", "coordinates": [[-5.92064283, 54.60407508], [-5.92062647, 54.60406832]]}, "properties": {"DETAIL_ID": "CQ3.L05.W57", "USE_TYPE": "Wall", "LEVEL_ID": "CQ3.L05", "FACILITY_ID": "CQ3", "ELEVATION_RELATIVE": 20.6}}, {"type": "Feature", "geometry": {"type": "LineString", "coordinates": [[-5.92064054, 54.60407694], [-5.92062418, 54.60407018]]}, "properties": {"DETAIL_ID": "CQ3.L05.W58", "USE_TYPE": "Wall", "LEVEL_ID": "CQ3.L05", "FACILITY_ID": "CQ3", "ELEVATION_RELATIVE": 20.6}}, {"type": "Feature", "geometry": {"type": "LineString", "coordinates": [[-5.92063833, 54.60407873], [-5.92062197, 54.60407197]]}, "properties": {"DETAIL_ID": "CQ3.L05.W59", "USE_TYPE": "Wall", "LEVEL_ID": "CQ3.L05", "FACILITY_ID": "CQ3", "ELEVATION_RELATIVE": 20.6}}, {"type": "Feature", "geometry": {"type": "LineString", "coordinates": [[-5.92063604, 54.60408059], [-5.92061968, 54.60407383]]}, "properties": {"DETAIL_ID": "CQ3.L05.W60", "USE_TYPE": "Wall", "LEVEL_ID": "CQ3.L05", "FACILITY_ID": "CQ3", "ELEVATION_RELATIVE": 20.6}}, {"type": "Feature", "geometry": {"type": "LineString", "coordinates": [[-5.92063375, 54.60408245], [-5.9206174, 54.60407569]]}, "properties": {"DETAIL_ID": "CQ3.L05.W61", "USE_TYPE": "Wall", "LEVEL_ID": "CQ3.L05", "FACILITY_ID": "CQ3", "ELEVATION_RELATIVE": 20.6}}, {"type": "Feature", "geometry": {"type": "LineString", "coordinates": [[-5.92063154, 54.60408424], [-5.92061519, 54.60407749]]}, "properties": {"DETAIL_ID": "CQ3.L05.W62", "USE_TYPE": "Wall", "LEVEL_ID": "CQ3.L05", "FACILITY_ID": "CQ3", "ELEVATION_RELATIVE": 20.6}}, {"type": "Feature", "geometry": {"type": "LineString", "coordinates": [[-5.92062925, 54.6040861], [-5.9206129, 54.60407934]]}, "properties": {"DETAIL_ID": "CQ3.L05.W63", "USE_TYPE": "Wall", "LEVEL_ID": "CQ3.L05", "FACILITY_ID": "CQ3", "ELEVATION_RELATIVE": 20.6}}, {"type": "Feature", "geometry": {"type": "LineString", "coordinates": [[-5.9206355, 54.60410578], [-5.92059894, 54.60409067]]}, "properties": {"DETAIL_ID": "CQ3.L05.W64", "USE_TYPE": "Wall", "LEVEL_ID": "CQ3.L05", "FACILITY_ID": "CQ3", "ELEVATION_RELATIVE": 20.6}}, {"type": "Feature", "geometry": {"type": "LineString", "coordinates": [[-5.92062704, 54.6040879], [-5.92061069, 54.60408114]]}, "properties": {"DETAIL_ID": "CQ3.L05.W65", "USE_TYPE": "Wall", "LEVEL_ID": "CQ3.L05", "FACILITY_ID": "CQ3", "ELEVATION_RELATIVE": 20.6}}, {"type": "Feature", "geometry": {"type": "LineString", "coordinates": [[-5.92064725, 54.60409624], [-5.92063089, 54.60408949]]}, "properties": {"DETAIL_ID": "CQ3.L05.W66", "USE_TYPE": "Wall", "LEVEL_ID": "CQ3.L05", "FACILITY_ID": "CQ3", "ELEVATION_RELATIVE": 20.6}}, {"type": "Feature", "geometry": {"type": "LineString", "coordinates": [[-5.92064946, 54.60409445], [-5.9206331, 54.60408769]]}, "properties": {"DETAIL_ID": "CQ3.L05.W67", "USE_TYPE": "Wall", "LEVEL_ID": "CQ3.L05", "FACILITY_ID": "CQ3", "ELEVATION_RELATIVE": 20.6}}, {"type": "Feature", "geometry": {"type": "LineString", "coordinates": [[-5.92065175, 54.60409259], [-5.92063539, 54.60408583]]}, "properties": {"DETAIL_ID": "CQ3.L05.W68", "USE_TYPE": "Wall", "LEVEL_ID": "CQ3.L05", "FACILITY_ID": "CQ3", "ELEVATION_RELATIVE": 20.6}}, {"type": "Feature", "geometry": {"type": "LineString", "coordinates": [[-5.92063325, 54.60409765], [-5.92061305, 54.60408931]]}, "properties": {"DETAIL_ID": "CQ3.L05.W69", "USE_TYPE": "Wall", "LEVEL_ID": "CQ3.L05", "FACILITY_ID": "CQ3", "ELEVATION_RELATIVE": 20.6}}, {"type": "Feature", "geometry": {"type": "LineString", "coordinates": [[-5.92035417, 54.6039476], [-5.92033771, 54.6039408]]}, "properties": {"DETAIL_ID": "CQ3.L05.W70", "USE_TYPE": "Wall", "LEVEL_ID": "CQ3.L05", "FACILITY_ID": "CQ3", "ELEVATION_RELATIVE": 20.6}}, {"type": "Feature", "geometry": {"type": "LineString", "coordinates": [[-5.92035196, 54.60394939], [-5.9203355, 54.60394259]]}, "properties": {"DETAIL_ID": "CQ3.L05.W71", "USE_TYPE": "Wall", "LEVEL_ID": "CQ3.L05", "FACILITY_ID": "CQ3", "ELEVATION_RELATIVE": 20.6}}, {"type": "Feature", "geometry": {"type": "LineString", "coordinates": [[-5.92034967, 54.60395125], [-5.92033321, 54.60394445]]}, "properties": {"DETAIL_ID": "CQ3.L05.W72", "USE_TYPE": "Wall", "LEVEL_ID": "CQ3.L05", "FACILITY_ID": "CQ3", "ELEVATION_RELATIVE": 20.6}}, {"type": "Feature", "geometry": {"type": "LineString", "coordinates": [[-5.92034746, 54.60395305], [-5.920331, 54.60394624]]}, "properties": {"DETAIL_ID": "CQ3.L05.W73", "USE_TYPE": "Wall", "LEVEL_ID": "CQ3.L05", "FACILITY_ID": "CQ3", "ELEVATION_RELATIVE": 20.6}}, {"type": "Feature", "geometry": {"type": "LineString", "coordinates": [[-5.92034517, 54.6039549], [-5.92032871, 54.6039481]]}, "properties": {"DETAIL_ID": "CQ3.L05.W74", "USE_TYPE": "Wall", "LEVEL_ID": "CQ3.L05", "FACILITY_ID": "CQ3", "ELEVATION_RELATIVE": 20.6}}, {"type": "Feature", "geometry": {"type": "LineString", "coordinates": [[-5.92034296, 54.6039567], [-5.9203265, 54.6039499]]}, "properties": {"DETAIL_ID": "CQ3.L05.W75", "USE_TYPE": "Wall", "LEVEL_ID": "CQ3.L05", "FACILITY_ID": "CQ3", "ELEVATION_RELATIVE": 20.6}}, {"type": "Feature", "geometry": {"type": "LineString", "coordinates": [[-5.92034067, 54.60395856], [-5.92032421, 54.60395175]]}, "properties": {"DETAIL_ID": "CQ3.L05.W76", "USE_TYPE": "Wall", "LEVEL_ID": "CQ3.L05", "FACILITY_ID": "CQ3", "ELEVATION_RELATIVE": 20.6}}, {"type": "Feature", "geometry": {"type": "LineString", "coordinates": [[-5.92033839, 54.60396041], [-5.92032192, 54.60395361]]}, "properties": {"DETAIL_ID": "CQ3.L05.W77", "USE_TYPE": "Wall", "LEVEL_ID": "CQ3.L05", "FACILITY_ID": "CQ3", "ELEVATION_RELATIVE": 20.6}}, {"type": "Feature", "geometry": {"type": "LineString", "coordinates": [[-5.92033617, 54.60396221], [-5.92031971, 54.60395541]]}, "properties": {"DETAIL_ID": "CQ3.L05.W78", "USE_TYPE": "Wall", "LEVEL_ID": "CQ3.L05", "FACILITY_ID": "CQ3", "ELEVATION_RELATIVE": 20.6}}, {"type": "Feature", "geometry": {"type": "LineString", "coordinates": [[-5.92033389, 54.60396407], [-5.92031742, 54.60395727]]}, "properties": {"DETAIL_ID": "CQ3.L05.W79", "USE_TYPE": "Wall", "LEVEL_ID": "CQ3.L05", "FACILITY_ID": "CQ3", "ELEVATION_RELATIVE": 20.6}}, {"type": "Feature", "geometry": {"type": "LineString", "coordinates": [[-5.92031993, 54.6039754], [-5.92028327, 54.60396025]]}, "properties": {"DETAIL_ID": "CQ3.L05.W80", "USE_TYPE": "Wall", "LEVEL_ID": "CQ3.L05", "FACILITY_ID": "CQ3", "ELEVATION_RELATIVE": 20.6}}, {"type": "Feature", "geometry": {"type": "LineString", "coordinates": [[-5.92033168, 54.60396586], [-5.92031521, 54.60395906]]}, "properties": {"DETAIL_ID": "CQ3.L05.W81", "USE_TYPE": "Wall", "LEVEL_ID": "CQ3.L05", "FACILITY_ID": "CQ3", "ELEVATION_RELATIVE": 20.6}}, {"type": "Feature", "geometry": {"type": "LineString", "coordinates": [[-5.92031147, 54.60395752], [-5.92029501, 54.60395071]]}, "properties": {"DETAIL_ID": "CQ3.L05.W82", "USE_TYPE": "Wall", "LEVEL_ID": "CQ3.L05", "FACILITY_ID": "CQ3", "ELEVATION_RELATIVE": 20.6}}, {"type": "Feature", "geometry": {"type": "LineString", "coordinates": [[-5.92031368, 54.60395572], [-5.92029722, 54.60394892]]}, "properties": {"DETAIL_ID": "CQ3.L05.W83", "USE_TYPE": "Wall", "LEVEL_ID": "CQ3.L05", "FACILITY_ID": "CQ3", "ELEVATION_RELATIVE": 20.6}}, {"type": "Feature", "geometry": {"type": "LineString", "coordinates": [[-5.92031597, 54.60395386], [-5.92029951, 54.60394706]]}, "properties": {"DETAIL_ID": "CQ3.L05.W84", "USE_TYPE": "Wall", "LEVEL_ID": "CQ3.L05", "FACILITY_ID": "CQ3", "ELEVATION_RELATIVE": 20.6}}, {"type": "Feature", "geometry": {"type": "LineString", "coordinates": [[-5.92031757, 54.60396723], [-5.92029737, 54.60395888]]}, "properties": {"DETAIL_ID": "CQ3.L05.W85", "USE_TYPE": "Wall", "LEVEL_ID": "CQ3.L05", "FACILITY_ID": "CQ3", "ELEVATION_RELATIVE": 20.6}}, {"type": "Feature", "geometry": {"type": "LineString", "coordinates": [[-5.92063538, 54.60410515], [-5.92060003, 54.60409054]]}, "properties": {"DETAIL_ID": "CQ3.L05.W86", "USE_TYPE": "Wall", "LEVEL_ID": "CQ3.L05", "FACILITY_ID": "CQ3", "ELEVATION_RELATIVE": 20.6}}, {"type": "Feature", "geometry": {"type": "LineString", "coordinates": [[-5.9206352, 54.60410452], [-5.92060111, 54.60409044]]}, "properties": {"DETAIL_ID": "CQ3.L05.W87", "USE_TYPE": "Wall", "LEVEL_ID": "CQ3.L05", "FACILITY_ID": "CQ3", "ELEVATION_RELATIVE": 20.6}}, {"type": "Feature", "geometry": {"type": "LineString", "coordinates": [[-5.92031973, 54.60397473], [-5.92028438, 54.60396013]]}, "properties": {"DETAIL_ID": "CQ3.L05.W88", "USE_TYPE": "Wall", "LEVEL_ID": "CQ3.L05", "FACILITY_ID": "CQ3", "ELEVATION_RELATIVE": 20.6}}, {"type": "Feature", "geometry": {"type": "LineString", "coordinates": [[-5.92031955, 54.60397411], [-5.92028546, 54.60396002]]}, "properties": {"DETAIL_ID": "CQ3.L05.W89", "USE_TYPE": "Wall", "LEVEL_ID": "CQ3.L05", "FACILITY_ID": "CQ3", "ELEVATION_RELATIVE": 20.6}}, {"type": "Feature", "geometry": {"type": "LineString", "coordinates": [[-5.92039387, 54.6039058], [-5.92036437, 54.60389361]]}, "properties": {"DETAIL_ID": "CQ3.L05.W90", "USE_TYPE": "Wall", "LEVEL_ID": "CQ3.L05", "FACILITY_ID": "CQ3", "ELEVATION_RELATIVE": 20.6}}, {"type": "Feature", "geometry": {"type": "LineString", "coordinates": [[-5.92036062, 54.60389206], [-5.92034544, 54.60388579]]}, "properties": {"DETAIL_ID": "CQ3.L05.W91", "USE_TYPE": "Wall", "LEVEL_ID": "CQ3.L05", "FACILITY_ID": "CQ3", "ELEVATION_RELATIVE": 20.6}}, {"type": "Feature", "geometry": {"type": "LineString", "coordinates": [[-5.92040937, 54.60390893], [-5.92034437, 54.60388208]]}, "properties": {"DETAIL_ID": "CQ3.L05.W92", "USE_TYPE": "Wall", "LEVEL_ID": "CQ3.L05", "FACILITY_ID": "CQ3", "ELEVATION_RELATIVE": 20.6}}, {"type": "Feature", "geometry": {"type": "LineString", "coordinates": [[-5.92051873, 54.60395738], [-5.92048709, 54.60394431]]}, "properties": {"DETAIL_ID": "CQ3.L05.W93", "USE_TYPE": "Wall", "LEVEL_ID": "CQ3.L05", "FACILITY_ID": "CQ3", "ELEVATION_RELATIVE": 20.6}}, {"type": "Feature", "geometry": {"type": "LineString", "coordinates": [[-5.92048324, 54.60394272], [-5.9204299, 54.60392068]]}, "properties": {"DETAIL_ID": "CQ3.L05.W94", "USE_TYPE": "Wall", "LEVEL_ID": "CQ3.L05", "FACILITY_ID": "CQ3", "ELEVATION_RELATIVE": 20.6}}, {"type": "Feature", "geometry": {"type": "LineString", "coordinates": [[-5.92052514, 54.60395676], [-5.92043256, 54.60391851]]}, "properties": {"DETAIL_ID": "CQ3.L05.W95", "USE_TYPE": "Wall", "LEVEL_ID": "CQ3.L05", "FACILITY_ID": "CQ3", "ELEVATION_RELATIVE": 20.6}}, {"type": "Feature", "geometry": {"type": "LineString", "coordinates": [[-5.92065236, 54.60401259], [-5.92059901, 54.60399055]]}, "properties": {"DETAIL_ID": "CQ3.L05.W96", "USE_TYPE": "Wall", "LEVEL_ID": "CQ3.L05", "FACILITY_ID": "CQ3", "ELEVATION_RELATIVE": 20.6}}, {"type": "Feature", "geometry": {"type": "LineString", "coordinates": [[-5.92059527, 54.60398901], [-5.92056352, 54.60397589]]}, "properties": {"DETAIL_ID": "CQ3.L05.W97", "USE_TYPE": "Wall", "LEVEL_ID": "CQ3.L05", "FACILITY_ID": "CQ3", "ELEVATION_RELATIVE": 20.6}}, {"type": "Feature", "geometry": {"type": "LineString", "coordinates": [[-5.92065503, 54.60401042], [-5.92056245, 54.60397218]]}, "properties": {"DETAIL_ID": "CQ3.L05.W98", "USE_TYPE": "Wall", "LEVEL_ID": "CQ3.L05", "FACILITY_ID": "CQ3", "ELEVATION_RELATIVE": 20.6}}, {"type": "Feature", "geometry": {"type": "LineString", "coordinates": [[-5.92073681, 54.60404748], [-5.92072174, 54.60404126]]}, "properties": {"DETAIL_ID": "CQ3.L05.W99", "USE_TYPE": "Wall", "LEVEL_ID": "CQ3.L05", "FACILITY_ID": "CQ3", "ELEVATION_RELATIVE": 20.6}}, {"type": "Feature", "geometry": {"type": "LineString", "coordinates": [[-5.92071789, 54.60403967], [-5.92067566, 54.60402222]]}, "properties": {"DETAIL_ID": "CQ3.L05.W100", "USE_TYPE": "Wall", "LEVEL_ID": "CQ3.L05", "FACILITY_ID": "CQ3", "ELEVATION_RELATIVE": 20.6}}, {"type": "Feature", "geometry": {"type": "LineString", "coordinates": [[-5.92074333, 54.60404691], [-5.92067833, 54.60402005]]}, "properties": {"DETAIL_ID": "CQ3.L05.W101", "USE_TYPE": "Wall", "LEVEL_ID": "CQ3.L05", "FACILITY_ID": "CQ3", "ELEVATION_RELATIVE": 20.6}}, {"type": "Feature", "geometry": {"type": "LineString", "coordinates": [[-5.92063569, 54.60410642], [-5.92059784, 54.60409078]]}, "properties": {"DETAIL_ID": "CQ3.L05.W102", "USE_TYPE": "Wall", "LEVEL_ID": "CQ3.L05", "FACILITY_ID": "CQ3", "ELEVATION_RELATIVE": 20.6}}, {"type": "Feature", "geometry": {"type": "LineString", "coordinates": [[-5.92065461, 54.60411423], [-5.92063954, 54.60410801]]}, "properties": {"DETAIL_ID": "CQ3.L05.W103", "USE_TYPE": "Wall", "LEVEL_ID": "CQ3.L05", "FACILITY_ID": "CQ3", "ELEVATION_RELATIVE": 20.6}}, {"type": "Feature", "geometry": {"type": "LineString", "coordinates": [[-5.92065579, 54.60411799], [-5.92059133, 54.60409136]]}, "properties": {"DETAIL_ID": "CQ3.L05.W104", "USE_TYPE": "Wall", "LEVEL_ID": "CQ3.L05", "FACILITY_ID": "CQ3", "ELEVATION_RELATIVE": 20.6}}, {"type": "Feature", "geometry": {"type": "LineString", "coordinates": [[-5.92040104, 54.60400947], [-5.92034834, 54.6039877]]}, "properties": {"DETAIL_ID": "CQ3.L05.W105", "USE_TYPE": "Wall", "LEVEL_ID": "CQ3.L05", "FACILITY_ID": "CQ3", "ELEVATION_RELATIVE": 20.6}}, {"type": "Feature", "geometry": {"type": "LineString", "coordinates": [[-5.92043653, 54.60402413], [-5.92040489, 54.60401106]]}, "properties": {"DETAIL_ID": "CQ3.L05.W106", "USE_TYPE": "Wall", "LEVEL_ID": "CQ3.L05", "FACILITY_ID": "CQ3", "ELEVATION_RELATIVE": 20.6}}, {"type": "Feature", "geometry": {"type": "LineString", "coordinates": [[-5.9204376, 54.60402785], [-5.92034567, 54.60398986]]}, "properties": {"DETAIL_ID": "CQ3.L05.W107", "USE_TYPE": "Wall", "LEVEL_ID": "CQ3.L05", "FACILITY_ID": "CQ3", "ELEVATION_RELATIVE": 20.6}}, {"type": "Feature", "geometry": {"type": "LineString", "coordinates": [[-5.92027842, 54.60395881], [-5.92026325, 54.60395254]]}, "properties": {"DETAIL_ID": "CQ3.L05.W108", "USE_TYPE": "Wall", "LEVEL_ID": "CQ3.L05", "FACILITY_ID": "CQ3", "ELEVATION_RELATIVE": 20.6}}, {"type": "Feature", "geometry": {"type": "LineString", "coordinates": [[-5.92032001, 54.60397599], [-5.92028217, 54.60396036]]}, "properties": {"DETAIL_ID": "CQ3.L05.W109", "USE_TYPE": "Wall", "LEVEL_ID": "CQ3.L05", "FACILITY_ID": "CQ3", "ELEVATION_RELATIVE": 20.6}}, {"type": "Feature", "geometry": {"type": "LineString", "coordinates": [[-5.92032119, 54.60397975], [-5.92025683, 54.60395316]]}, "properties": {"DETAIL_ID": "CQ3.L05.W110", "USE_TYPE": "Wall", "LEVEL_ID": "CQ3.L05", "FACILITY_ID": "CQ3", "ELEVATION_RELATIVE": 20.6}}, {"type": "Feature", "geometry": {"type": "LineString", "coordinates": [[-5.9203876, 54.60392582], [-5.92034591, 54.60390859]]}, "properties": {"DETAIL_ID": "CQ3.L05.W111", "USE_TYPE": "Wall", "LEVEL_ID": "CQ3.L05", "FACILITY_ID": "CQ3", "ELEVATION_RELATIVE": 20.6}}, {"type": "Feature", "geometry": {"type": "LineString", "coordinates": [[-5.92038101, 54.60392646], [-5.92034317, 54.60391082]]}, "properties": {"DETAIL_ID": "CQ3.L05.W112", "USE_TYPE": "Wall", "LEVEL_ID": "CQ3.L05", "FACILITY_ID": "CQ3", "ELEVATION_RELATIVE": 20.6}}, {"type": "Feature", "geometry": {"type": "LineString", "coordinates": [[-5.92069669, 54.60405688], [-5.92065885, 54.60404124]]}, "properties": {"DETAIL_ID": "CQ3.L05.W113", "USE_TYPE": "Wall", "LEVEL_ID": "CQ3.L05", "FACILITY_ID": "CQ3", "ELEVATION_RELATIVE": 20.6}}, {"type": "Feature", "geometry": {"type": "LineString", "coordinates": [[-5.92069943, 54.60405465], [-5.92065774, 54.60403743]]}, "properties": {"DETAIL_ID": "CQ3.L05.W114", "USE_TYPE": "Wall", "LEVEL_ID": "CQ3.L05", "FACILITY_ID": "CQ3", "ELEVATION_RELATIVE": 20.6}}, {"type": "Feature", "geometry": {"type": "LineString", "coordinates": [[-5.92051307, 54.60405576], [-5.92048132, 54.60404264]]}, "properties": {"DETAIL_ID": "CQ3.L05.W115", "USE_TYPE": "Wall", "LEVEL_ID": "CQ3.L05", "FACILITY_ID": "CQ3", "ELEVATION_RELATIVE": 20.6}}, {"type": "Feature", "geometry": {"type": "LineString", "coordinates": [[-5.92056952, 54.60407908], [-5.92051681, 54.6040573]]}, "properties": {"DETAIL_ID": "CQ3.L05.W116", "USE_TYPE": "Wall", "LEVEL_ID": "CQ3.L05", "FACILITY_ID": "CQ3", "ELEVATION_RELATIVE": 20.6}}, {"type": "Feature", "geometry": {"type": "LineString", "coordinates": [[-5.92056685, 54.60408124], [-5.92047491, 54.60404326]]}, "properties": {"DETAIL_ID": "CQ3.L05.W117", "USE_TYPE": "Wall", "LEVEL_ID": "CQ3.L05", "FACILITY_ID": "CQ3", "ELEVATION_RELATIVE": 20.6}}, {"type": "Feature", "geometry": {"type": "LineString", "coordinates": [[-5.92059894, 54.60409067], [-5.92061069, 54.60408114]]}, "properties": {"DETAIL_ID": "CQ3.L06.W0", "USE_TYPE": "Wall", "LEVEL_ID": "CQ3.L06", "FACILITY_ID": "CQ3", "ELEVATION_RELATIVE": 24.5}}, {"type": "Feature", "geometry": {"type": "LineString", "coordinates": [[-5.9206355, 54.60410578], [-5.92064725, 54.60409624]]}, "properties": {"DETAIL_ID": "CQ3.L06.W1", "USE_TYPE": "Wall", "LEVEL_ID": "CQ3.L06", "FACILITY_ID": "CQ3", "ELEVATION_RELATIVE": 24.5}}, {"type": "Feature", "geometry": {"type": "LineString", "coordinates": [[-5.92061305, 54.60408931], [-5.92064141, 54.60406627]]}, "properties": {"DETAIL_ID": "CQ3.L06.W2", "USE_TYPE": "Wall", "LEVEL_ID": "CQ3.L06", "FACILITY_ID": "CQ3", "ELEVATION_RELATIVE": 24.5}}, {"type": "Feature", "geometry": {"type": "LineString", "coordinates": [[-5.92063325, 54.60409765], [-5.92064652, 54.60408688]]}, "properties": {"DETAIL_ID": "CQ3.L06.W3", "USE_TYPE": "Wall", "LEVEL_ID": "CQ3.L06", "FACILITY_ID": "CQ3", "ELEVATION_RELATIVE": 24.5}}, {"type": "Feature", "geometry": {"type": "LineString", "coordinates": [[-5.92031993, 54.6039754], [-5.92033168, 54.60396586]]}, "properties": {"DETAIL_ID": "CQ3.L06.W4", "USE_TYPE": "Wall", "LEVEL_ID": "CQ3.L06", "FACILITY_ID": "CQ3", "ELEVATION_RELATIVE": 24.5}}, {"type": "Feature", "geometry": {"type": "LineString", "coordinates": [[-5.92028327, 54.60396025], [-5.92029501, 54.60395071]]}, "properties": {"DETAIL_ID": "CQ3.L06.W5", "USE_TYPE": "Wall", "LEVEL_ID": "CQ3.L06", "FACILITY_ID": "CQ3", "ELEVATION_RELATIVE": 24.5}}, {"type": "Feature", "geometry": {"type": "LineString", "coordinates": [[-5.92031757, 54.60396723], [-5.92034594, 54.6039442]]}, "properties": {"DETAIL_ID": "CQ3.L06.W6", "USE_TYPE": "Wall", "LEVEL_ID": "CQ3.L06", "FACILITY_ID": "CQ3", "ELEVATION_RELATIVE": 24.5}}, {"type": "Feature", "geometry": {"type": "LineString", "coordinates": [[-5.92029737, 54.60395888], [-5.92031064, 54.60394811]]}, "properties": {"DETAIL_ID": "CQ3.L06.W7", "USE_TYPE": "Wall", "LEVEL_ID": "CQ3.L06", "FACILITY_ID": "CQ3", "ELEVATION_RELATIVE": 24.5}}, {"type": "Feature", "geometry": {"type": "LineString", "coordinates": [[-5.92063538, 54.60410515], [-5.92067411, 54.6040737]]}, "properties": {"DETAIL_ID": "CQ3.L06.W8", "USE_TYPE": "Wall", "LEVEL_ID": "CQ3.L06", "FACILITY_ID": "CQ3", "ELEVATION_RELATIVE": 24.5}}, {"type": "Feature", "geometry": {"type": "LineString", "coordinates": [[-5.92060003, 54.60409054], [-5.9206365, 54.60406092]]}, "properties": {"DETAIL_ID": "CQ3.L06.W9", "USE_TYPE": "Wall", "LEVEL_ID": "CQ3.L06", "FACILITY_ID": "CQ3", "ELEVATION_RELATIVE": 24.5}}, {"type": "Feature", "geometry": {"type": "LineString", "coordinates": [[-5.92060111, 54.60409044], [-5.92063713, 54.60406118]]}, "properties": {"DETAIL_ID": "CQ3.L06.W10", "USE_TYPE": "Wall", "LEVEL_ID": "CQ3.L06", "FACILITY_ID": "CQ3", "ELEVATION_RELATIVE": 24.5}}, {"type": "Feature", "geometry": {"type": "LineString", "coordinates": [[-5.9206352, 54.60410452], [-5.92067348, 54.60407344]]}, "properties": {"DETAIL_ID": "CQ3.L06.W11", "USE_TYPE": "Wall", "LEVEL_ID": "CQ3.L06", "FACILITY_ID": "CQ3", "ELEVATION_RELATIVE": 24.5}}, {"type": "Feature", "geometry": {"type": "LineString", "coordinates": [[-5.92028438, 54.60396013], [-5.9203231, 54.60392868]]}, "properties": {"DETAIL_ID": "CQ3.L06.W12", "USE_TYPE": "Wall", "LEVEL_ID": "CQ3.L06", "FACILITY_ID": "CQ3", "ELEVATION_RELATIVE": 24.5}}, {"type": "Feature", "geometry": {"type": "LineString", "coordinates": [[-5.92031973, 54.60397473], [-5.9203562, 54.60394511]]}, "properties": {"DETAIL_ID": "CQ3.L06.W13", "USE_TYPE": "Wall", "LEVEL_ID": "CQ3.L06", "FACILITY_ID": "CQ3", "ELEVATION_RELATIVE": 24.5}}, {"type": "Feature", "geometry": {"type": "LineString", "coordinates": [[-5.92031955, 54.60397411], [-5.92035557, 54.60394485]]}, "properties": {"DETAIL_ID": "CQ3.L06.W14", "USE_TYPE": "Wall", "LEVEL_ID": "CQ3.L06", "FACILITY_ID": "CQ3", "ELEVATION_RELATIVE": 24.5}}, {"type": "Feature", "geometry": {"type": "LineString", "coordinates": [[-5.92028546, 54.60396002], [-5.92032373, 54.60392894]]}, "properties": {"DETAIL_ID": "CQ3.L06.W15", "USE_TYPE": "Wall", "LEVEL_ID": "CQ3.L06", "FACILITY_ID": "CQ3", "ELEVATION_RELATIVE": 24.5}}, {"type": "Feature", "geometry": {"type": "LineString", "coordinates": [[-5.92027842, 54.60395881], [-5.92031861, 54.60392618]]}, "properties": {"DETAIL_ID": "CQ3.L06.W16", "USE_TYPE": "Wall", "LEVEL_ID": "CQ3.L06", "FACILITY_ID": "CQ3", "ELEVATION_RELATIVE": 24.5}}, {"type": "Feature", "geometry": {"type": "LineString", "coordinates": [[-5.92032044, 54.60392469], [-5.92036062, 54.60389206]]}, "properties": {"DETAIL_ID": "CQ3.L06.W17", "USE_TYPE": "Wall", "LEVEL_ID": "CQ3.L06", "FACILITY_ID": "CQ3", "ELEVATION_RELATIVE": 24.5}}, {"type": "Feature", "geometry": {"type": "LineString", "coordinates": [[-5.92028217, 54.60396036], [-5.92034317, 54.60391082]]}, "properties": {"DETAIL_ID": "CQ3.L06.W18", "USE_TYPE": "Wall", "LEVEL_ID": "CQ3.L06", "FACILITY_ID": "CQ3", "ELEVATION_RELATIVE": 24.5}}, {"type": "Feature", "geometry": {"type": "LineString", "coordinates": [[-5.92034591, 54.60390859], [-5.92036437, 54.60389361]]}, "properties": {"DETAIL_ID": "CQ3.L06.W19", "USE_TYPE": "Wall", "LEVEL_ID": "CQ3.L06", "FACILITY_ID": "CQ3", "ELEVATION_RELATIVE": 24.5}}, {"type": "Feature", "geometry": {"type": "LineString", "coordinates": [[-5.92068155, 54.60407389], [-5.92072174, 54.60404126]]}, "properties": {"DETAIL_ID": "CQ3.L06.W20", "USE_TYPE": "Wall", "LEVEL_ID": "CQ3.L06", "FACILITY_ID": "CQ3", "ELEVATION_RELATIVE": 24.5}}, {"type": "Feature", "geometry": {"type": "LineString", "coordinates": [[-5.92063954, 54.60410801], [-5.92067972, 54.60407537]]}, "properties": {"DETAIL_ID": "CQ3.L06.W21", "USE_TYPE": "Wall", "LEVEL_ID": "CQ3.L06", "FACILITY_ID": "CQ3", "ELEVATION_RELATIVE": 24.5}}, {"type": "Feature", "geometry": {"type": "LineString", "coordinates": [[-5.92069943, 54.60405465], [-5.92071789, 54.60403967]]}, "properties": {"DETAIL_ID": "CQ3.L06.W22", "USE_TYPE": "Wall", "LEVEL_ID": "CQ3.L06", "FACILITY_ID": "CQ3", "ELEVATION_RELATIVE": 24.5}}, {"type": "Feature", "geometry": {"type": "LineString", "coordinates": [[-5.92063569, 54.60410642], [-5.92069669, 54.60405688]]}, "properties": {"DETAIL_ID": "CQ3.L06.W23", "USE_TYPE": "Wall", "LEVEL_ID": "CQ3.L06", "FACILITY_ID": "CQ3", "ELEVATION_RELATIVE": 24.5}}, {"type": "Feature", "geometry": {"type": "LineString", "coordinates": [[-5.92032001, 54.60397599], [-5.92036629, 54.60393841]]}, "properties": {"DETAIL_ID": "CQ3.L06.W24", "USE_TYPE": "Wall", "LEVEL_ID": "CQ3.L06", "FACILITY_ID": "CQ3", "ELEVATION_RELATIVE": 24.5}}, {"type": "Feature", "geometry": {"type": "LineString", "coordinates": [[-5.92032119, 54.60397975], [-5.92037014, 54.60394]]}, "properties": {"DETAIL_ID": "CQ3.L06.W25", "USE_TYPE": "Wall", "LEVEL_ID": "CQ3.L06", "FACILITY_ID": "CQ3", "ELEVATION_RELATIVE": 24.5}}, {"type": "Feature", "geometry": {"type": "LineString", "coordinates": [[-5.92059133, 54.60409136], [-5.92064028, 54.60405161]]}, "properties": {"DETAIL_ID": "CQ3.L06.W26", "USE_TYPE": "Wall", "LEVEL_ID": "CQ3.L06", "FACILITY_ID": "CQ3", "ELEVATION_RELATIVE": 24.5}}, {"type": "Feature", "geometry": {"type": "LineString", "coordinates": [[-5.92059784, 54.60409078], [-5.92064413, 54.6040532]]}, "properties": {"DETAIL_ID": "CQ3.L06.W27", "USE_TYPE": "Wall", "LEVEL_ID": "CQ3.L06", "FACILITY_ID": "CQ3", "ELEVATION_RELATIVE": 24.5}}, {"type": "Feature", "geometry": {"type": "LineString", "coordinates": [[-5.92055261, 54.60398016], [-5.92056245, 54.60397218]]}, "properties": {"DETAIL_ID": "CQ3.L06.W28", "USE_TYPE": "Wall", "LEVEL_ID": "CQ3.L06", "FACILITY_ID": "CQ3", "ELEVATION_RELATIVE": 24.5}}, {"type": "Feature", "geometry": {"type": "LineString", "coordinates": [[-5.92052409, 54.60400332], [-5.92054095, 54.60398964]]}, "properties": {"DETAIL_ID": "CQ3.L06.W29", "USE_TYPE": "Wall", "LEVEL_ID": "CQ3.L06", "FACILITY_ID": "CQ3", "ELEVATION_RELATIVE": 24.5}}, {"type": "Feature", "geometry": {"type": "LineString", "coordinates": [[-5.92049596, 54.60402617], [-5.92051327, 54.60401211]]}, "properties": {"DETAIL_ID": "CQ3.L06.W30", "USE_TYPE": "Wall", "LEVEL_ID": "CQ3.L06", "FACILITY_ID": "CQ3", "ELEVATION_RELATIVE": 24.5}}, {"type": "Feature", "geometry": {"type": "LineString", "coordinates": [[-5.92047491, 54.60404326], [-5.92048521, 54.6040349]]}, "properties": {"DETAIL_ID": "CQ3.L06.W31", "USE_TYPE": "Wall", "LEVEL_ID": "CQ3.L06", "FACILITY_ID": "CQ3", "ELEVATION_RELATIVE": 24.5}}, {"type": "Feature", "geometry": {"type": "LineString", "coordinates": [[-5.9204376, 54.60402785], [-5.9204479, 54.60401949]]}, "properties": {"DETAIL_ID": "CQ3.L06.W32", "USE_TYPE": "Wall", "LEVEL_ID": "CQ3.L06", "FACILITY_ID": "CQ3", "ELEVATION_RELATIVE": 24.5}}, {"type": "Feature", "geometry": {"type": "LineString", "coordinates": [[-5.92045865, 54.60401076], [-5.92047596, 54.6039967]]}, "properties": {"DETAIL_ID": "CQ3.L06.W33", "USE_TYPE": "Wall", "LEVEL_ID": "CQ3.L06", "FACILITY_ID": "CQ3", "ELEVATION_RELATIVE": 24.5}}, {"type": "Feature", "geometry": {"type": "LineString", "coordinates": [[-5.92048679, 54.60398791], [-5.92050364, 54.60397422]]}, "properties": {"DETAIL_ID": "CQ3.L06.W34", "USE_TYPE": "Wall", "LEVEL_ID": "CQ3.L06", "FACILITY_ID": "CQ3", "ELEVATION_RELATIVE": 24.5}}, {"type": "Feature", "geometry": {"type": "LineString", "coordinates": [[-5.9205153, 54.60396475], [-5.92052514, 54.60395676]]}, "properties": {"DETAIL_ID": "CQ3.L06.W35", "USE_TYPE": "Wall", "LEVEL_ID": "CQ3.L06", "FACILITY_ID": "CQ3", "ELEVATION_RELATIVE": 24.5}}, {"type": "Feature", "geometry": {"type": "LineString", "coordinates": [[-5.92040104, 54.60400947], [-5.92046486, 54.60395764]]}, "properties": {"DETAIL_ID": "CQ3.L06.W36", "USE_TYPE": "Wall", "LEVEL_ID": "CQ3.L06", "FACILITY_ID": "CQ3", "ELEVATION_RELATIVE": 24.5}}, {"type": "Feature", "geometry": {"type": "LineString", "coordinates": [[-5.92040489, 54.60401106], [-5.92043104, 54.60398982]]}, "properties": {"DETAIL_ID": "CQ3.L06.W37", "USE_TYPE": "Wall", "LEVEL_ID": "CQ3.L06", "FACILITY_ID": "CQ3", "ELEVATION_RELATIVE": 24.5}}, {"type": "Feature", "geometry": {"type": "LineString", "coordinates": [[-5.92043287, 54.60398833], [-5.9204591, 54.60396703]]}, "properties": {"DETAIL_ID": "CQ3.L06.W38", "USE_TYPE": "Wall", "LEVEL_ID": "CQ3.L06", "FACILITY_ID": "CQ3", "ELEVATION_RELATIVE": 24.5}}, {"type": "Feature", "geometry": {"type": "LineString", "coordinates": [[-5.92051681, 54.6040573], [-5.92058064, 54.60400548]]}, "properties": {"DETAIL_ID": "CQ3.L06.W39", "USE_TYPE": "Wall", "LEVEL_ID": "CQ3.L06", "FACILITY_ID": "CQ3", "ELEVATION_RELATIVE": 24.5}}, {"type": "Feature", "geometry": {"type": "LineString", "coordinates": [[-5.92054106, 54.60403303], [-5.92056729, 54.60401173]]}, "properties": {"DETAIL_ID": "CQ3.L06.W40", "USE_TYPE": "Wall", "LEVEL_ID": "CQ3.L06", "FACILITY_ID": "CQ3", "ELEVATION_RELATIVE": 24.5}}, {"type": "Feature", "geometry": {"type": "LineString", "coordinates": [[-5.92051307, 54.60405576], [-5.92053923, 54.60403452]]}, "properties": {"DETAIL_ID": "CQ3.L06.W41", "USE_TYPE": "Wall", "LEVEL_ID": "CQ3.L06", "FACILITY_ID": "CQ3", "ELEVATION_RELATIVE": 24.5}}, {"type": "Feature", "geometry": {"type": "LineString", "coordinates": [[-5.92039577, 54.60377515], [-5.9203834, 54.60377004]]}, "properties": {"DETAIL_ID": "CQ3.L06.W42", "USE_TYPE": "Wall", "LEVEL_ID": "CQ3.L06", "FACILITY_ID": "CQ3", "ELEVATION_RELATIVE": 24.5}}, {"type": "Feature", "geometry": {"type": "LineString", "coordinates": [[-5.920396, 54.60377497], [-5.92038363, 54.60376985]]}, "properties": {"DETAIL_ID": "CQ3.L06.W43", "USE_TYPE": "Wall", "LEVEL_ID": "CQ3.L06", "FACILITY_ID": "CQ3", "ELEVATION_RELATIVE": 24.5}}, {"type": "Feature", "geometry": {"type": "LineString", "coordinates": [[-5.92046452, 54.60400141], [-5.92043287, 54.60398833]]}, "properties": {"DETAIL_ID": "CQ3.L06.W44", "USE_TYPE": "Wall", "LEVEL_ID": "CQ3.L06", "FACILITY_ID": "CQ3", "ELEVATION_RELATIVE": 24.5}}, {"type": "Feature", "geometry": {"type": "LineString", "coordinates": [[-5.92046269, 54.60400289], [-5.92043104, 54.60398982]]}, "properties": {"DETAIL_ID": "CQ3.L06.W45", "USE_TYPE": "Wall", "LEVEL_ID": "CQ3.L06", "FACILITY_ID": "CQ3", "ELEVATION_RELATIVE": 24.5}}, {"type": "Feature", "geometry": {"type": "LineString", "coordinates": [[-5.92049258, 54.60397862], [-5.92046093, 54.60396555]]}, "properties": {"DETAIL_ID": "CQ3.L06.W46", "USE_TYPE": "Wall", "LEVEL_ID": "CQ3.L06", "FACILITY_ID": "CQ3", "ELEVATION_RELATIVE": 24.5}}, {"type": "Feature", "geometry": {"type": "LineString", "coordinates": [[-5.92049075, 54.60398011], [-5.9204591, 54.60396703]]}, "properties": {"DETAIL_ID": "CQ3.L06.W47", "USE_TYPE": "Wall", "LEVEL_ID": "CQ3.L06", "FACILITY_ID": "CQ3", "ELEVATION_RELATIVE": 24.5}}, {"type": "Feature", "geometry": {"type": "LineString", "coordinates": [[-5.92056912, 54.60401025], [-5.92053737, 54.60399713]]}, "properties": {"DETAIL_ID": "CQ3.L06.W48", "USE_TYPE": "Wall", "LEVEL_ID": "CQ3.L06", "FACILITY_ID": "CQ3", "ELEVATION_RELATIVE": 24.5}}, {"type": "Feature", "geometry": {"type": "LineString", "coordinates": [[-5.92056729, 54.60401173], [-5.92053554, 54.60399861]]}, "properties": {"DETAIL_ID": "CQ3.L06.W49", "USE_TYPE": "Wall", "LEVEL_ID": "CQ3.L06", "FACILITY_ID": "CQ3", "ELEVATION_RELATIVE": 24.5}}, {"type": "Feature", "geometry": {"type": "LineString", "coordinates": [[-5.92054106, 54.60403303], [-5.92050931, 54.60401991]]}, "properties": {"DETAIL_ID": "CQ3.L06.W50", "USE_TYPE": "Wall", "LEVEL_ID": "CQ3.L06", "FACILITY_ID": "CQ3", "ELEVATION_RELATIVE": 24.5}}, {"type": "Feature", "geometry": {"type": "LineString", "coordinates": [[-5.92053923, 54.60403452], [-5.92050748, 54.6040214]]}, "properties": {"DETAIL_ID": "CQ3.L06.W51", "USE_TYPE": "Wall", "LEVEL_ID": "CQ3.L06", "FACILITY_ID": "CQ3", "ELEVATION_RELATIVE": 24.5}}, {"type": "Feature", "geometry": {"type": "LineString", "coordinates": [[-5.92031861, 54.60392618], [-5.92030097, 54.60391889]]}, "properties": {"DETAIL_ID": "CQ3.L06.W52", "USE_TYPE": "Wall", "LEVEL_ID": "CQ3.L06", "FACILITY_ID": "CQ3", "ELEVATION_RELATIVE": 24.5}}, {"type": "Feature", "geometry": {"type": "LineString", "coordinates": [[-5.92032044, 54.60392469], [-5.9203028, 54.6039174]]}, "properties": {"DETAIL_ID": "CQ3.L06.W53", "USE_TYPE": "Wall", "LEVEL_ID": "CQ3.L06", "FACILITY_ID": "CQ3", "ELEVATION_RELATIVE": 24.5}}, {"type": "Feature", "geometry": {"type": "LineString", "coordinates": [[-5.92069725, 54.60408262], [-5.92067972, 54.60407537]]}, "properties": {"DETAIL_ID": "CQ3.L06.W54", "USE_TYPE": "Wall", "LEVEL_ID": "CQ3.L06", "FACILITY_ID": "CQ3", "ELEVATION_RELATIVE": 24.5}}, {"type": "Feature", "geometry": {"type": "LineString", "coordinates": [[-5.92069908, 54.60408113], [-5.92068155, 54.60407389]]}, "properties": {"DETAIL_ID": "CQ3.L06.W55", "USE_TYPE": "Wall", "LEVEL_ID": "CQ3.L06", "FACILITY_ID": "CQ3", "ELEVATION_RELATIVE": 24.5}}, {"type": "Feature", "geometry": {"type": "LineString", "coordinates": [[-5.92064954, 54.60406963], [-5.92063318, 54.60406287]]}, "properties": {"DETAIL_ID": "CQ3.L06.W56", "USE_TYPE": "Wall", "LEVEL_ID": "CQ3.L06", "FACILITY_ID": "CQ3", "ELEVATION_RELATIVE": 24.5}}, {"type": "Feature", "geometry": {"type": "LineString", "coordinates": [[-5.92064733, 54.60407143], [-5.92063097, 54.60406467]]}, "properties": {"DETAIL_ID": "CQ3.L06.W57", "USE_TYPE": "Wall", "LEVEL_ID": "CQ3.L06", "FACILITY_ID": "CQ3", "ELEVATION_RELATIVE": 24.5}}, {"type": "Feature", "geometry": {"type": "LineString", "coordinates": [[-5.92064504, 54.60407328], [-5.92062868, 54.60406653]]}, "properties": {"DETAIL_ID": "CQ3.L06.W58", "USE_TYPE": "Wall", "LEVEL_ID": "CQ3.L06", "FACILITY_ID": "CQ3", "ELEVATION_RELATIVE": 24.5}}, {"type": "Feature", "geometry": {"type": "LineString", "coordinates": [[-5.92064283, 54.60407508], [-5.92062647, 54.60406832]]}, "properties": {"DETAIL_ID": "CQ3.L06.W59", "USE_TYPE": "Wall", "LEVEL_ID": "CQ3.L06", "FACILITY_ID": "CQ3", "ELEVATION_RELATIVE": 24.5}}, {"type": "Feature", "geometry": {"type": "LineString", "coordinates": [[-5.92064054, 54.60407694], [-5.92062418, 54.60407018]]}, "properties": {"DETAIL_ID": "CQ3.L06.W60", "USE_TYPE": "Wall", "LEVEL_ID": "CQ3.L06", "FACILITY_ID": "CQ3", "ELEVATION_RELATIVE": 24.5}}, {"type": "Feature", "geometry": {"type": "LineString", "coordinates": [[-5.92063833, 54.60407873], [-5.92062197, 54.60407197]]}, "properties": {"DETAIL_ID": "CQ3.L06.W61", "USE_TYPE": "Wall", "LEVEL_ID": "CQ3.L06", "FACILITY_ID": "CQ3", "ELEVATION_RELATIVE": 24.5}}, {"type": "Feature", "geometry": {"type": "LineString", "coordinates": [[-5.92063604, 54.60408059], [-5.92061968, 54.60407383]]}, "properties": {"DETAIL_ID": "CQ3.L06.W62", "USE_TYPE": "Wall", "LEVEL_ID": "CQ3.L06", "FACILITY_ID": "CQ3", "ELEVATION_RELATIVE": 24.5}}, {"type": "Feature", "geometry": {"type": "LineString", "coordinates": [[-5.92063375, 54.60408245], [-5.9206174, 54.60407569]]}, "properties": {"DETAIL_ID": "CQ3.L06.W63", "USE_TYPE": "Wall", "LEVEL_ID": "CQ3.L06", "FACILITY_ID": "CQ3", "ELEVATION_RELATIVE": 24.5}}, {"type": "Feature", "geometry": {"type": "LineString", "coordinates": [[-5.92063154, 54.60408424], [-5.92061519, 54.60407749]]}, "properties": {"DETAIL_ID": "CQ3.L06.W64", "USE_TYPE": "Wall", "LEVEL_ID": "CQ3.L06", "FACILITY_ID": "CQ3", "ELEVATION_RELATIVE": 24.5}}, {"type": "Feature", "geometry": {"type": "LineString", "coordinates": [[-5.92062925, 54.6040861], [-5.9206129, 54.60407934]]}, "properties": {"DETAIL_ID": "CQ3.L06.W65", "USE_TYPE": "Wall", "LEVEL_ID": "CQ3.L06", "FACILITY_ID": "CQ3", "ELEVATION_RELATIVE": 24.5}}, {"type": "Feature", "geometry": {"type": "LineString", "coordinates": [[-5.9206355, 54.60410578], [-5.92059894, 54.60409067]]}, "properties": {"DETAIL_ID": "CQ3.L06.W66", "USE_TYPE": "Wall", "LEVEL_ID": "CQ3.L06", "FACILITY_ID": "CQ3", "ELEVATION_RELATIVE": 24.5}}, {"type": "Feature", "geometry": {"type": "LineString", "coordinates": [[-5.92062704, 54.6040879], [-5.92061069, 54.60408114]]}, "properties": {"DETAIL_ID": "CQ3.L06.W67", "USE_TYPE": "Wall", "LEVEL_ID": "CQ3.L06", "FACILITY_ID": "CQ3", "ELEVATION_RELATIVE": 24.5}}, {"type": "Feature", "geometry": {"type": "LineString", "coordinates": [[-5.92064725, 54.60409624], [-5.92063089, 54.60408949]]}, "properties": {"DETAIL_ID": "CQ3.L06.W68", "USE_TYPE": "Wall", "LEVEL_ID": "CQ3.L06", "FACILITY_ID": "CQ3", "ELEVATION_RELATIVE": 24.5}}, {"type": "Feature", "geometry": {"type": "LineString", "coordinates": [[-5.92064946, 54.60409445], [-5.9206331, 54.60408769]]}, "properties": {"DETAIL_ID": "CQ3.L06.W69", "USE_TYPE": "Wall", "LEVEL_ID": "CQ3.L06", "FACILITY_ID": "CQ3", "ELEVATION_RELATIVE": 24.5}}, {"type": "Feature", "geometry": {"type": "LineString", "coordinates": [[-5.92065175, 54.60409259], [-5.92063539, 54.60408583]]}, "properties": {"DETAIL_ID": "CQ3.L06.W70", "USE_TYPE": "Wall", "LEVEL_ID": "CQ3.L06", "FACILITY_ID": "CQ3", "ELEVATION_RELATIVE": 24.5}}, {"type": "Feature", "geometry": {"type": "LineString", "coordinates": [[-5.92063325, 54.60409765], [-5.92061305, 54.60408931]]}, "properties": {"DETAIL_ID": "CQ3.L06.W71", "USE_TYPE": "Wall", "LEVEL_ID": "CQ3.L06", "FACILITY_ID": "CQ3", "ELEVATION_RELATIVE": 24.5}}, {"type": "Feature", "geometry": {"type": "LineString", "coordinates": [[-5.92035417, 54.6039476], [-5.92033771, 54.6039408]]}, "properties": {"DETAIL_ID": "CQ3.L06.W72", "USE_TYPE": "Wall", "LEVEL_ID": "CQ3.L06", "FACILITY_ID": "CQ3", "ELEVATION_RELATIVE": 24.5}}, {"type": "Feature", "geometry": {"type": "LineString", "coordinates": [[-5.92035196, 54.60394939], [-5.9203355, 54.60394259]]}, "properties": {"DETAIL_ID": "CQ3.L06.W73", "USE_TYPE": "Wall", "LEVEL_ID": "CQ3.L06", "FACILITY_ID": "CQ3", "ELEVATION_RELATIVE": 24.5}}, {"type": "Feature", "geometry": {"type": "LineString", "coordinates": [[-5.92034967, 54.60395125], [-5.92033321, 54.60394445]]}, "properties": {"DETAIL_ID": "CQ3.L06.W74", "USE_TYPE": "Wall", "LEVEL_ID": "CQ3.L06", "FACILITY_ID": "CQ3", "ELEVATION_RELATIVE": 24.5}}, {"type": "Feature", "geometry": {"type": "LineString", "coordinates": [[-5.92034746, 54.60395305], [-5.920331, 54.60394624]]}, "properties": {"DETAIL_ID": "CQ3.L06.W75", "USE_TYPE": "Wall", "LEVEL_ID": "CQ3.L06", "FACILITY_ID": "CQ3", "ELEVATION_RELATIVE": 24.5}}, {"type": "Feature", "geometry": {"type": "LineString", "coordinates": [[-5.92034517, 54.6039549], [-5.92032871, 54.6039481]]}, "properties": {"DETAIL_ID": "CQ3.L06.W76", "USE_TYPE": "Wall", "LEVEL_ID": "CQ3.L06", "FACILITY_ID": "CQ3", "ELEVATION_RELATIVE": 24.5}}, {"type": "Feature", "geometry": {"type": "LineString", "coordinates": [[-5.92034296, 54.6039567], [-5.9203265, 54.6039499]]}, "properties": {"DETAIL_ID": "CQ3.L06.W77", "USE_TYPE": "Wall", "LEVEL_ID": "CQ3.L06", "FACILITY_ID": "CQ3", "ELEVATION_RELATIVE": 24.5}}, {"type": "Feature", "geometry": {"type": "LineString", "coordinates": [[-5.92034067, 54.60395856], [-5.92032421, 54.60395175]]}, "properties": {"DETAIL_ID": "CQ3.L06.W78", "USE_TYPE": "Wall", "LEVEL_ID": "CQ3.L06", "FACILITY_ID": "CQ3", "ELEVATION_RELATIVE": 24.5}}, {"type": "Feature", "geometry": {"type": "LineString", "coordinates": [[-5.92033839, 54.60396041], [-5.92032192, 54.60395361]]}, "properties": {"DETAIL_ID": "CQ3.L06.W79", "USE_TYPE": "Wall", "LEVEL_ID": "CQ3.L06", "FACILITY_ID": "CQ3", "ELEVATION_RELATIVE": 24.5}}, {"type": "Feature", "geometry": {"type": "LineString", "coordinates": [[-5.92033617, 54.60396221], [-5.92031971, 54.60395541]]}, "properties": {"DETAIL_ID": "CQ3.L06.W80", "USE_TYPE": "Wall", "LEVEL_ID": "CQ3.L06", "FACILITY_ID": "CQ3", "ELEVATION_RELATIVE": 24.5}}, {"type": "Feature", "geometry": {"type": "LineString", "coordinates": [[-5.92033389, 54.60396407], [-5.92031742, 54.60395727]]}, "properties": {"DETAIL_ID": "CQ3.L06.W81", "USE_TYPE": "Wall", "LEVEL_ID": "CQ3.L06", "FACILITY_ID": "CQ3", "ELEVATION_RELATIVE": 24.5}}, {"type": "Feature", "geometry": {"type": "LineString", "coordinates": [[-5.92031993, 54.6039754], [-5.92028327, 54.60396025]]}, "properties": {"DETAIL_ID": "CQ3.L06.W82", "USE_TYPE": "Wall", "LEVEL_ID": "CQ3.L06", "FACILITY_ID": "CQ3", "ELEVATION_RELATIVE": 24.5}}, {"type": "Feature", "geometry": {"type": "LineString", "coordinates": [[-5.92033168, 54.60396586], [-5.92031521, 54.60395906]]}, "properties": {"DETAIL_ID": "CQ3.L06.W83", "USE_TYPE": "Wall", "LEVEL_ID": "CQ3.L06", "FACILITY_ID": "CQ3", "ELEVATION_RELATIVE": 24.5}}, {"type": "Feature", "geometry": {"type": "LineString", "coordinates": [[-5.92031147, 54.60395752], [-5.92029501, 54.60395071]]}, "properties": {"DETAIL_ID": "CQ3.L06.W84", "USE_TYPE": "Wall", "LEVEL_ID": "CQ3.L06", "FACILITY_ID": "CQ3", "ELEVATION_RELATIVE": 24.5}}, {"type": "Feature", "geometry": {"type": "LineString", "coordinates": [[-5.92031368, 54.60395572], [-5.92029722, 54.60394892]]}, "properties": {"DETAIL_ID": "CQ3.L06.W85", "USE_TYPE": "Wall", "LEVEL_ID": "CQ3.L06", "FACILITY_ID": "CQ3", "ELEVATION_RELATIVE": 24.5}}, {"type": "Feature", "geometry": {"type": "LineString", "coordinates": [[-5.92031597, 54.60395386], [-5.92029951, 54.60394706]]}, "properties": {"DETAIL_ID": "CQ3.L06.W86", "USE_TYPE": "Wall", "LEVEL_ID": "CQ3.L06", "FACILITY_ID": "CQ3", "ELEVATION_RELATIVE": 24.5}}, {"type": "Feature", "geometry": {"type": "LineString", "coordinates": [[-5.92031757, 54.60396723], [-5.92029737, 54.60395888]]}, "properties": {"DETAIL_ID": "CQ3.L06.W87", "USE_TYPE": "Wall", "LEVEL_ID": "CQ3.L06", "FACILITY_ID": "CQ3", "ELEVATION_RELATIVE": 24.5}}, {"type": "Feature", "geometry": {"type": "LineString", "coordinates": [[-5.92063538, 54.60410515], [-5.92060003, 54.60409054]]}, "properties": {"DETAIL_ID": "CQ3.L06.W88", "USE_TYPE": "Wall", "LEVEL_ID": "CQ3.L06", "FACILITY_ID": "CQ3", "ELEVATION_RELATIVE": 24.5}}, {"type": "Feature", "geometry": {"type": "LineString", "coordinates": [[-5.9206352, 54.60410452], [-5.92060111, 54.60409044]]}, "properties": {"DETAIL_ID": "CQ3.L06.W89", "USE_TYPE": "Wall", "LEVEL_ID": "CQ3.L06", "FACILITY_ID": "CQ3", "ELEVATION_RELATIVE": 24.5}}, {"type": "Feature", "geometry": {"type": "LineString", "coordinates": [[-5.92031973, 54.60397473], [-5.92028438, 54.60396013]]}, "properties": {"DETAIL_ID": "CQ3.L06.W90", "USE_TYPE": "Wall", "LEVEL_ID": "CQ3.L06", "FACILITY_ID": "CQ3", "ELEVATION_RELATIVE": 24.5}}, {"type": "Feature", "geometry": {"type": "LineString", "coordinates": [[-5.92031955, 54.60397411], [-5.92028546, 54.60396002]]}, "properties": {"DETAIL_ID": "CQ3.L06.W91", "USE_TYPE": "Wall", "LEVEL_ID": "CQ3.L06", "FACILITY_ID": "CQ3", "ELEVATION_RELATIVE": 24.5}}, {"type": "Feature", "geometry": {"type": "LineString", "coordinates": [[-5.92039387, 54.6039058], [-5.92036437, 54.60389361]]}, "properties": {"DETAIL_ID": "CQ3.L06.W92", "USE_TYPE": "Wall", "LEVEL_ID": "CQ3.L06", "FACILITY_ID": "CQ3", "ELEVATION_RELATIVE": 24.5}}, {"type": "Feature", "geometry": {"type": "LineString", "coordinates": [[-5.92036062, 54.60389206], [-5.92034544, 54.60388579]]}, "properties": {"DETAIL_ID": "CQ3.L06.W93", "USE_TYPE": "Wall", "LEVEL_ID": "CQ3.L06", "FACILITY_ID": "CQ3", "ELEVATION_RELATIVE": 24.5}}, {"type": "Feature", "geometry": {"type": "LineString", "coordinates": [[-5.92040937, 54.60390893], [-5.92034437, 54.60388208]]}, "properties": {"DETAIL_ID": "CQ3.L06.W94", "USE_TYPE": "Wall", "LEVEL_ID": "CQ3.L06", "FACILITY_ID": "CQ3", "ELEVATION_RELATIVE": 24.5}}, {"type": "Feature", "geometry": {"type": "LineString", "coordinates": [[-5.92051873, 54.60395738], [-5.92048709, 54.60394431]]}, "properties": {"DETAIL_ID": "CQ3.L06.W95", "USE_TYPE": "Wall", "LEVEL_ID": "CQ3.L06", "FACILITY_ID": "CQ3", "ELEVATION_RELATIVE": 24.5}}, {"type": "Feature", "geometry": {"type": "LineString", "coordinates": [[-5.92048324, 54.60394272], [-5.9204299, 54.60392068]]}, "properties": {"DETAIL_ID": "CQ3.L06.W96", "USE_TYPE": "Wall", "LEVEL_ID": "CQ3.L06", "FACILITY_ID": "CQ3", "ELEVATION_RELATIVE": 24.5}}, {"type": "Feature", "geometry": {"type": "LineString", "coordinates": [[-5.92052514, 54.60395676], [-5.92043256, 54.60391851]]}, "properties": {"DETAIL_ID": "CQ3.L06.W97", "USE_TYPE": "Wall", "LEVEL_ID": "CQ3.L06", "FACILITY_ID": "CQ3", "ELEVATION_RELATIVE": 24.5}}, {"type": "Feature", "geometry": {"type": "LineString", "coordinates": [[-5.92065236, 54.60401259], [-5.92059901, 54.60399055]]}, "properties": {"DETAIL_ID": "CQ3.L06.W98", "USE_TYPE": "Wall", "LEVEL_ID": "CQ3.L06", "FACILITY_ID": "CQ3", "ELEVATION_RELATIVE": 24.5}}, {"type": "Feature", "geometry": {"type": "LineString", "coordinates": [[-5.92059527, 54.60398901], [-5.92056352, 54.60397589]]}, "properties": {"DETAIL_ID": "CQ3.L06.W99", "USE_TYPE": "Wall", "LEVEL_ID": "CQ3.L06", "FACILITY_ID": "CQ3", "ELEVATION_RELATIVE": 24.5}}, {"type": "Feature", "geometry": {"type": "LineString", "coordinates": [[-5.92065503, 54.60401042], [-5.92056245, 54.60397218]]}, "properties": {"DETAIL_ID": "CQ3.L06.W100", "USE_TYPE": "Wall", "LEVEL_ID": "CQ3.L06", "FACILITY_ID": "CQ3", "ELEVATION_RELATIVE": 24.5}}, {"type": "Feature", "geometry": {"type": "LineString", "coordinates": [[-5.92073681, 54.60404748], [-5.92072174, 54.60404126]]}, "properties": {"DETAIL_ID": "CQ3.L06.W101", "USE_TYPE": "Wall", "LEVEL_ID": "CQ3.L06", "FACILITY_ID": "CQ3", "ELEVATION_RELATIVE": 24.5}}, {"type": "Feature", "geometry": {"type": "LineString", "coordinates": [[-5.92071789, 54.60403967], [-5.92067566, 54.60402222]]}, "properties": {"DETAIL_ID": "CQ3.L06.W102", "USE_TYPE": "Wall", "LEVEL_ID": "CQ3.L06", "FACILITY_ID": "CQ3", "ELEVATION_RELATIVE": 24.5}}, {"type": "Feature", "geometry": {"type": "LineString", "coordinates": [[-5.92074333, 54.60404691], [-5.92067833, 54.60402005]]}, "properties": {"DETAIL_ID": "CQ3.L06.W103", "USE_TYPE": "Wall", "LEVEL_ID": "CQ3.L06", "FACILITY_ID": "CQ3", "ELEVATION_RELATIVE": 24.5}}, {"type": "Feature", "geometry": {"type": "LineString", "coordinates": [[-5.92063569, 54.60410642], [-5.92059784, 54.60409078]]}, "properties": {"DETAIL_ID": "CQ3.L06.W104", "USE_TYPE": "Wall", "LEVEL_ID": "CQ3.L06", "FACILITY_ID": "CQ3", "ELEVATION_RELATIVE": 24.5}}, {"type": "Feature", "geometry": {"type": "LineString", "coordinates": [[-5.92065461, 54.60411423], [-5.92063954, 54.60410801]]}, "properties": {"DETAIL_ID": "CQ3.L06.W105", "USE_TYPE": "Wall", "LEVEL_ID": "CQ3.L06", "FACILITY_ID": "CQ3", "ELEVATION_RELATIVE": 24.5}}, {"type": "Feature", "geometry": {"type": "LineString", "coordinates": [[-5.92065579, 54.60411799], [-5.92059133, 54.60409136]]}, "properties": {"DETAIL_ID": "CQ3.L06.W106", "USE_TYPE": "Wall", "LEVEL_ID": "CQ3.L06", "FACILITY_ID": "CQ3", "ELEVATION_RELATIVE": 24.5}}, {"type": "Feature", "geometry": {"type": "LineString", "coordinates": [[-5.92040104, 54.60400947], [-5.92034834, 54.6039877]]}, "properties": {"DETAIL_ID": "CQ3.L06.W107", "USE_TYPE": "Wall", "LEVEL_ID": "CQ3.L06", "FACILITY_ID": "CQ3", "ELEVATION_RELATIVE": 24.5}}, {"type": "Feature", "geometry": {"type": "LineString", "coordinates": [[-5.92043653, 54.60402413], [-5.92040489, 54.60401106]]}, "properties": {"DETAIL_ID": "CQ3.L06.W108", "USE_TYPE": "Wall", "LEVEL_ID": "CQ3.L06", "FACILITY_ID": "CQ3", "ELEVATION_RELATIVE": 24.5}}, {"type": "Feature", "geometry": {"type": "LineString", "coordinates": [[-5.9204376, 54.60402785], [-5.92034567, 54.60398986]]}, "properties": {"DETAIL_ID": "CQ3.L06.W109", "USE_TYPE": "Wall", "LEVEL_ID": "CQ3.L06", "FACILITY_ID": "CQ3", "ELEVATION_RELATIVE": 24.5}}, {"type": "Feature", "geometry": {"type": "LineString", "coordinates": [[-5.92027842, 54.60395881], [-5.92026325, 54.60395254]]}, "properties": {"DETAIL_ID": "CQ3.L06.W110", "USE_TYPE": "Wall", "LEVEL_ID": "CQ3.L06", "FACILITY_ID": "CQ3", "ELEVATION_RELATIVE": 24.5}}, {"type": "Feature", "geometry": {"type": "LineString", "coordinates": [[-5.92032001, 54.60397599], [-5.92028217, 54.60396036]]}, "properties": {"DETAIL_ID": "CQ3.L06.W111", "USE_TYPE": "Wall", "LEVEL_ID": "CQ3.L06", "FACILITY_ID": "CQ3", "ELEVATION_RELATIVE": 24.5}}, {"type": "Feature", "geometry": {"type": "LineString", "coordinates": [[-5.92032119, 54.60397975], [-5.92025683, 54.60395316]]}, "properties": {"DETAIL_ID": "CQ3.L06.W112", "USE_TYPE": "Wall", "LEVEL_ID": "CQ3.L06", "FACILITY_ID": "CQ3", "ELEVATION_RELATIVE": 24.5}}, {"type": "Feature", "geometry": {"type": "LineString", "coordinates": [[-5.9203876, 54.60392582], [-5.92034591, 54.60390859]]}, "properties": {"DETAIL_ID": "CQ3.L06.W113", "USE_TYPE": "Wall", "LEVEL_ID": "CQ3.L06", "FACILITY_ID": "CQ3", "ELEVATION_RELATIVE": 24.5}}, {"type": "Feature", "geometry": {"type": "LineString", "coordinates": [[-5.92038101, 54.60392646], [-5.92034317, 54.60391082]]}, "properties": {"DETAIL_ID": "CQ3.L06.W114", "USE_TYPE": "Wall", "LEVEL_ID": "CQ3.L06", "FACILITY_ID": "CQ3", "ELEVATION_RELATIVE": 24.5}}, {"type": "Feature", "geometry": {"type": "LineString", "coordinates": [[-5.92069669, 54.60405688], [-5.92065885, 54.60404124]]}, "properties": {"DETAIL_ID": "CQ3.L06.W115", "USE_TYPE": "Wall", "LEVEL_ID": "CQ3.L06", "FACILITY_ID": "CQ3", "ELEVATION_RELATIVE": 24.5}}, {"type": "Feature", "geometry": {"type": "LineString", "coordinates": [[-5.92069943, 54.60405465], [-5.92065774, 54.60403743]]}, "properties": {"DETAIL_ID": "CQ3.L06.W116", "USE_TYPE": "Wall", "LEVEL_ID": "CQ3.L06", "FACILITY_ID": "CQ3", "ELEVATION_RELATIVE": 24.5}}, {"type": "Feature", "geometry": {"type": "LineString", "coordinates": [[-5.92051307, 54.60405576], [-5.92048132, 54.60404264]]}, "properties": {"DETAIL_ID": "CQ3.L06.W117", "USE_TYPE": "Wall", "LEVEL_ID": "CQ3.L06", "FACILITY_ID": "CQ3", "ELEVATION_RELATIVE": 24.5}}, {"type": "Feature", "geometry": {"type": "LineString", "coordinates": [[-5.92056952, 54.60407908], [-5.92051681, 54.6040573]]}, "properties": {"DETAIL_ID": "CQ3.L06.W118", "USE_TYPE": "Wall", "LEVEL_ID": "CQ3.L06", "FACILITY_ID": "CQ3", "ELEVATION_RELATIVE": 24.5}}, {"type": "Feature", "geometry": {"type": "LineString", "coordinates": [[-5.92056685, 54.60408124], [-5.92047491, 54.60404326]]}, "properties": {"DETAIL_ID": "CQ3.L06.W119", "USE_TYPE": "Wall", "LEVEL_ID": "CQ3.L06", "FACILITY_ID": "CQ3", "ELEVATION_RELATIVE": 24.5}}, {"type": "Feature", "geometry": {"type": "LineString", "coordinates": [[-5.92059894, 54.60409067], [-5.92061069, 54.60408114]]}, "properties": {"DETAIL_ID": "CQ3.L07.W0", "USE_TYPE": "Wall", "LEVEL_ID": "CQ3.L07", "FACILITY_ID": "CQ3", "ELEVATION_RELATIVE": 28.4}}, {"type": "Feature", "geometry": {"type": "LineString", "coordinates": [[-5.9206355, 54.60410578], [-5.92064725, 54.60409624]]}, "properties": {"DETAIL_ID": "CQ3.L07.W1", "USE_TYPE": "Wall", "LEVEL_ID": "CQ3.L07", "FACILITY_ID": "CQ3", "ELEVATION_RELATIVE": 28.4}}, {"type": "Feature", "geometry": {"type": "LineString", "coordinates": [[-5.92061305, 54.60408931], [-5.92064141, 54.60406627]]}, "properties": {"DETAIL_ID": "CQ3.L07.W2", "USE_TYPE": "Wall", "LEVEL_ID": "CQ3.L07", "FACILITY_ID": "CQ3", "ELEVATION_RELATIVE": 28.4}}, {"type": "Feature", "geometry": {"type": "LineString", "coordinates": [[-5.92063325, 54.60409765], [-5.92064652, 54.60408688]]}, "properties": {"DETAIL_ID": "CQ3.L07.W3", "USE_TYPE": "Wall", "LEVEL_ID": "CQ3.L07", "FACILITY_ID": "CQ3", "ELEVATION_RELATIVE": 28.4}}, {"type": "Feature", "geometry": {"type": "LineString", "coordinates": [[-5.92031993, 54.6039754], [-5.92033168, 54.60396586]]}, "properties": {"DETAIL_ID": "CQ3.L07.W4", "USE_TYPE": "Wall", "LEVEL_ID": "CQ3.L07", "FACILITY_ID": "CQ3", "ELEVATION_RELATIVE": 28.4}}, {"type": "Feature", "geometry": {"type": "LineString", "coordinates": [[-5.92028327, 54.60396025], [-5.92029501, 54.60395071]]}, "properties": {"DETAIL_ID": "CQ3.L07.W5", "USE_TYPE": "Wall", "LEVEL_ID": "CQ3.L07", "FACILITY_ID": "CQ3", "ELEVATION_RELATIVE": 28.4}}, {"type": "Feature", "geometry": {"type": "LineString", "coordinates": [[-5.92031757, 54.60396723], [-5.92034594, 54.6039442]]}, "properties": {"DETAIL_ID": "CQ3.L07.W6", "USE_TYPE": "Wall", "LEVEL_ID": "CQ3.L07", "FACILITY_ID": "CQ3", "ELEVATION_RELATIVE": 28.4}}, {"type": "Feature", "geometry": {"type": "LineString", "coordinates": [[-5.92029737, 54.60395888], [-5.92031064, 54.60394811]]}, "properties": {"DETAIL_ID": "CQ3.L07.W7", "USE_TYPE": "Wall", "LEVEL_ID": "CQ3.L07", "FACILITY_ID": "CQ3", "ELEVATION_RELATIVE": 28.4}}, {"type": "Feature", "geometry": {"type": "LineString", "coordinates": [[-5.92063538, 54.60410515], [-5.92067411, 54.6040737]]}, "properties": {"DETAIL_ID": "CQ3.L07.W8", "USE_TYPE": "Wall", "LEVEL_ID": "CQ3.L07", "FACILITY_ID": "CQ3", "ELEVATION_RELATIVE": 28.4}}, {"type": "Feature", "geometry": {"type": "LineString", "coordinates": [[-5.92060003, 54.60409054], [-5.9206365, 54.60406092]]}, "properties": {"DETAIL_ID": "CQ3.L07.W9", "USE_TYPE": "Wall", "LEVEL_ID": "CQ3.L07", "FACILITY_ID": "CQ3", "ELEVATION_RELATIVE": 28.4}}, {"type": "Feature", "geometry": {"type": "LineString", "coordinates": [[-5.92060111, 54.60409044], [-5.92063713, 54.60406118]]}, "properties": {"DETAIL_ID": "CQ3.L07.W10", "USE_TYPE": "Wall", "LEVEL_ID": "CQ3.L07", "FACILITY_ID": "CQ3", "ELEVATION_RELATIVE": 28.4}}, {"type": "Feature", "geometry": {"type": "LineString", "coordinates": [[-5.9206352, 54.60410452], [-5.92067348, 54.60407344]]}, "properties": {"DETAIL_ID": "CQ3.L07.W11", "USE_TYPE": "Wall", "LEVEL_ID": "CQ3.L07", "FACILITY_ID": "CQ3", "ELEVATION_RELATIVE": 28.4}}, {"type": "Feature", "geometry": {"type": "LineString", "coordinates": [[-5.92028438, 54.60396013], [-5.9203231, 54.60392868]]}, "properties": {"DETAIL_ID": "CQ3.L07.W12", "USE_TYPE": "Wall", "LEVEL_ID": "CQ3.L07", "FACILITY_ID": "CQ3", "ELEVATION_RELATIVE": 28.4}}, {"type": "Feature", "geometry": {"type": "LineString", "coordinates": [[-5.92031973, 54.60397473], [-5.9203562, 54.60394511]]}, "properties": {"DETAIL_ID": "CQ3.L07.W13", "USE_TYPE": "Wall", "LEVEL_ID": "CQ3.L07", "FACILITY_ID": "CQ3", "ELEVATION_RELATIVE": 28.4}}, {"type": "Feature", "geometry": {"type": "LineString", "coordinates": [[-5.92031955, 54.60397411], [-5.92035557, 54.60394485]]}, "properties": {"DETAIL_ID": "CQ3.L07.W14", "USE_TYPE": "Wall", "LEVEL_ID": "CQ3.L07", "FACILITY_ID": "CQ3", "ELEVATION_RELATIVE": 28.4}}, {"type": "Feature", "geometry": {"type": "LineString", "coordinates": [[-5.92028546, 54.60396002], [-5.92032373, 54.60392894]]}, "properties": {"DETAIL_ID": "CQ3.L07.W15", "USE_TYPE": "Wall", "LEVEL_ID": "CQ3.L07", "FACILITY_ID": "CQ3", "ELEVATION_RELATIVE": 28.4}}, {"type": "Feature", "geometry": {"type": "LineString", "coordinates": [[-5.92027842, 54.60395881], [-5.92031861, 54.60392618]]}, "properties": {"DETAIL_ID": "CQ3.L07.W16", "USE_TYPE": "Wall", "LEVEL_ID": "CQ3.L07", "FACILITY_ID": "CQ3", "ELEVATION_RELATIVE": 28.4}}, {"type": "Feature", "geometry": {"type": "LineString", "coordinates": [[-5.92032044, 54.60392469], [-5.92036062, 54.60389206]]}, "properties": {"DETAIL_ID": "CQ3.L07.W17", "USE_TYPE": "Wall", "LEVEL_ID": "CQ3.L07", "FACILITY_ID": "CQ3", "ELEVATION_RELATIVE": 28.4}}, {"type": "Feature", "geometry": {"type": "LineString", "coordinates": [[-5.92028217, 54.60396036], [-5.92034317, 54.60391082]]}, "properties": {"DETAIL_ID": "CQ3.L07.W18", "USE_TYPE": "Wall", "LEVEL_ID": "CQ3.L07", "FACILITY_ID": "CQ3", "ELEVATION_RELATIVE": 28.4}}, {"type": "Feature", "geometry": {"type": "LineString", "coordinates": [[-5.92034591, 54.60390859], [-5.92036437, 54.60389361]]}, "properties": {"DETAIL_ID": "CQ3.L07.W19", "USE_TYPE": "Wall", "LEVEL_ID": "CQ3.L07", "FACILITY_ID": "CQ3", "ELEVATION_RELATIVE": 28.4}}, {"type": "Feature", "geometry": {"type": "LineString", "coordinates": [[-5.92068155, 54.60407389], [-5.92072174, 54.60404126]]}, "properties": {"DETAIL_ID": "CQ3.L07.W20", "USE_TYPE": "Wall", "LEVEL_ID": "CQ3.L07", "FACILITY_ID": "CQ3", "ELEVATION_RELATIVE": 28.4}}, {"type": "Feature", "geometry": {"type": "LineString", "coordinates": [[-5.92063954, 54.60410801], [-5.92067972, 54.60407537]]}, "properties": {"DETAIL_ID": "CQ3.L07.W21", "USE_TYPE": "Wall", "LEVEL_ID": "CQ3.L07", "FACILITY_ID": "CQ3", "ELEVATION_RELATIVE": 28.4}}, {"type": "Feature", "geometry": {"type": "LineString", "coordinates": [[-5.92069943, 54.60405465], [-5.92071789, 54.60403967]]}, "properties": {"DETAIL_ID": "CQ3.L07.W22", "USE_TYPE": "Wall", "LEVEL_ID": "CQ3.L07", "FACILITY_ID": "CQ3", "ELEVATION_RELATIVE": 28.4}}, {"type": "Feature", "geometry": {"type": "LineString", "coordinates": [[-5.92063569, 54.60410642], [-5.92069669, 54.60405688]]}, "properties": {"DETAIL_ID": "CQ3.L07.W23", "USE_TYPE": "Wall", "LEVEL_ID": "CQ3.L07", "FACILITY_ID": "CQ3", "ELEVATION_RELATIVE": 28.4}}, {"type": "Feature", "geometry": {"type": "LineString", "coordinates": [[-5.92032001, 54.60397599], [-5.92036629, 54.60393841]]}, "properties": {"DETAIL_ID": "CQ3.L07.W24", "USE_TYPE": "Wall", "LEVEL_ID": "CQ3.L07", "FACILITY_ID": "CQ3", "ELEVATION_RELATIVE": 28.4}}, {"type": "Feature", "geometry": {"type": "LineString", "coordinates": [[-5.92032119, 54.60397975], [-5.92037014, 54.60394]]}, "properties": {"DETAIL_ID": "CQ3.L07.W25", "USE_TYPE": "Wall", "LEVEL_ID": "CQ3.L07", "FACILITY_ID": "CQ3", "ELEVATION_RELATIVE": 28.4}}, {"type": "Feature", "geometry": {"type": "LineString", "coordinates": [[-5.92059133, 54.60409136], [-5.92064028, 54.60405161]]}, "properties": {"DETAIL_ID": "CQ3.L07.W26", "USE_TYPE": "Wall", "LEVEL_ID": "CQ3.L07", "FACILITY_ID": "CQ3", "ELEVATION_RELATIVE": 28.4}}, {"type": "Feature", "geometry": {"type": "LineString", "coordinates": [[-5.92059784, 54.60409078], [-5.92064413, 54.6040532]]}, "properties": {"DETAIL_ID": "CQ3.L07.W27", "USE_TYPE": "Wall", "LEVEL_ID": "CQ3.L07", "FACILITY_ID": "CQ3", "ELEVATION_RELATIVE": 28.4}}, {"type": "Feature", "geometry": {"type": "LineString", "coordinates": [[-5.92055261, 54.60398016], [-5.92056245, 54.60397218]]}, "properties": {"DETAIL_ID": "CQ3.L07.W28", "USE_TYPE": "Wall", "LEVEL_ID": "CQ3.L07", "FACILITY_ID": "CQ3", "ELEVATION_RELATIVE": 28.4}}, {"type": "Feature", "geometry": {"type": "LineString", "coordinates": [[-5.92052409, 54.60400332], [-5.92054095, 54.60398964]]}, "properties": {"DETAIL_ID": "CQ3.L07.W29", "USE_TYPE": "Wall", "LEVEL_ID": "CQ3.L07", "FACILITY_ID": "CQ3", "ELEVATION_RELATIVE": 28.4}}, {"type": "Feature", "geometry": {"type": "LineString", "coordinates": [[-5.92049596, 54.60402617], [-5.92051327, 54.60401211]]}, "properties": {"DETAIL_ID": "CQ3.L07.W30", "USE_TYPE": "Wall", "LEVEL_ID": "CQ3.L07", "FACILITY_ID": "CQ3", "ELEVATION_RELATIVE": 28.4}}, {"type": "Feature", "geometry": {"type": "LineString", "coordinates": [[-5.92047491, 54.60404326], [-5.92048521, 54.6040349]]}, "properties": {"DETAIL_ID": "CQ3.L07.W31", "USE_TYPE": "Wall", "LEVEL_ID": "CQ3.L07", "FACILITY_ID": "CQ3", "ELEVATION_RELATIVE": 28.4}}, {"type": "Feature", "geometry": {"type": "LineString", "coordinates": [[-5.9204376, 54.60402785], [-5.9204479, 54.60401949]]}, "properties": {"DETAIL_ID": "CQ3.L07.W32", "USE_TYPE": "Wall", "LEVEL_ID": "CQ3.L07", "FACILITY_ID": "CQ3", "ELEVATION_RELATIVE": 28.4}}, {"type": "Feature", "geometry": {"type": "LineString", "coordinates": [[-5.92045865, 54.60401076], [-5.92047596, 54.6039967]]}, "properties": {"DETAIL_ID": "CQ3.L07.W33", "USE_TYPE": "Wall", "LEVEL_ID": "CQ3.L07", "FACILITY_ID": "CQ3", "ELEVATION_RELATIVE": 28.4}}, {"type": "Feature", "geometry": {"type": "LineString", "coordinates": [[-5.92048679, 54.60398791], [-5.92050364, 54.60397422]]}, "properties": {"DETAIL_ID": "CQ3.L07.W34", "USE_TYPE": "Wall", "LEVEL_ID": "CQ3.L07", "FACILITY_ID": "CQ3", "ELEVATION_RELATIVE": 28.4}}, {"type": "Feature", "geometry": {"type": "LineString", "coordinates": [[-5.9205153, 54.60396475], [-5.92052514, 54.60395676]]}, "properties": {"DETAIL_ID": "CQ3.L07.W35", "USE_TYPE": "Wall", "LEVEL_ID": "CQ3.L07", "FACILITY_ID": "CQ3", "ELEVATION_RELATIVE": 28.4}}, {"type": "Feature", "geometry": {"type": "LineString", "coordinates": [[-5.92040104, 54.60400947], [-5.92046486, 54.60395764]]}, "properties": {"DETAIL_ID": "CQ3.L07.W36", "USE_TYPE": "Wall", "LEVEL_ID": "CQ3.L07", "FACILITY_ID": "CQ3", "ELEVATION_RELATIVE": 28.4}}, {"type": "Feature", "geometry": {"type": "LineString", "coordinates": [[-5.92040489, 54.60401106], [-5.92043104, 54.60398982]]}, "properties": {"DETAIL_ID": "CQ3.L07.W37", "USE_TYPE": "Wall", "LEVEL_ID": "CQ3.L07", "FACILITY_ID": "CQ3", "ELEVATION_RELATIVE": 28.4}}, {"type": "Feature", "geometry": {"type": "LineString", "coordinates": [[-5.92043287, 54.60398833], [-5.9204591, 54.60396703]]}, "properties": {"DETAIL_ID": "CQ3.L07.W38", "USE_TYPE": "Wall", "LEVEL_ID": "CQ3.L07", "FACILITY_ID": "CQ3", "ELEVATION_RELATIVE": 28.4}}, {"type": "Feature", "geometry": {"type": "LineString", "coordinates": [[-5.92051681, 54.6040573], [-5.92058064, 54.60400548]]}, "properties": {"DETAIL_ID": "CQ3.L07.W39", "USE_TYPE": "Wall", "LEVEL_ID": "CQ3.L07", "FACILITY_ID": "CQ3", "ELEVATION_RELATIVE": 28.4}}, {"type": "Feature", "geometry": {"type": "LineString", "coordinates": [[-5.92054106, 54.60403303], [-5.92056729, 54.60401173]]}, "properties": {"DETAIL_ID": "CQ3.L07.W40", "USE_TYPE": "Wall", "LEVEL_ID": "CQ3.L07", "FACILITY_ID": "CQ3", "ELEVATION_RELATIVE": 28.4}}, {"type": "Feature", "geometry": {"type": "LineString", "coordinates": [[-5.92051307, 54.60405576], [-5.92053923, 54.60403452]]}, "properties": {"DETAIL_ID": "CQ3.L07.W41", "USE_TYPE": "Wall", "LEVEL_ID": "CQ3.L07", "FACILITY_ID": "CQ3", "ELEVATION_RELATIVE": 28.4}}, {"type": "Feature", "geometry": {"type": "LineString", "coordinates": [[-5.92039577, 54.60377515], [-5.9203834, 54.60377004]]}, "properties": {"DETAIL_ID": "CQ3.L07.W42", "USE_TYPE": "Wall", "LEVEL_ID": "CQ3.L07", "FACILITY_ID": "CQ3", "ELEVATION_RELATIVE": 28.4}}, {"type": "Feature", "geometry": {"type": "LineString", "coordinates": [[-5.920396, 54.60377497], [-5.92038363, 54.60376985]]}, "properties": {"DETAIL_ID": "CQ3.L07.W43", "USE_TYPE": "Wall", "LEVEL_ID": "CQ3.L07", "FACILITY_ID": "CQ3", "ELEVATION_RELATIVE": 28.4}}, {"type": "Feature", "geometry": {"type": "LineString", "coordinates": [[-5.92046452, 54.60400141], [-5.92043287, 54.60398833]]}, "properties": {"DETAIL_ID": "CQ3.L07.W44", "USE_TYPE": "Wall", "LEVEL_ID": "CQ3.L07", "FACILITY_ID": "CQ3", "ELEVATION_RELATIVE": 28.4}}, {"type": "Feature", "geometry": {"type": "LineString", "coordinates": [[-5.92046269, 54.60400289], [-5.92043104, 54.60398982]]}, "properties": {"DETAIL_ID": "CQ3.L07.W45", "USE_TYPE": "Wall", "LEVEL_ID": "CQ3.L07", "FACILITY_ID": "CQ3", "ELEVATION_RELATIVE": 28.4}}, {"type": "Feature", "geometry": {"type": "LineString", "coordinates": [[-5.92049258, 54.60397862], [-5.92046093, 54.60396555]]}, "properties": {"DETAIL_ID": "CQ3.L07.W46", "USE_TYPE": "Wall", "LEVEL_ID": "CQ3.L07", "FACILITY_ID": "CQ3", "ELEVATION_RELATIVE": 28.4}}, {"type": "Feature", "geometry": {"type": "LineString", "coordinates": [[-5.92049075, 54.60398011], [-5.9204591, 54.60396703]]}, "properties": {"DETAIL_ID": "CQ3.L07.W47", "USE_TYPE": "Wall", "LEVEL_ID": "CQ3.L07", "FACILITY_ID": "CQ3", "ELEVATION_RELATIVE": 28.4}}, {"type": "Feature", "geometry": {"type": "LineString", "coordinates": [[-5.92056912, 54.60401025], [-5.92053737, 54.60399713]]}, "properties": {"DETAIL_ID": "CQ3.L07.W48", "USE_TYPE": "Wall", "LEVEL_ID": "CQ3.L07", "FACILITY_ID": "CQ3", "ELEVATION_RELATIVE": 28.4}}, {"type": "Feature", "geometry": {"type": "LineString", "coordinates": [[-5.92056729, 54.60401173], [-5.92053554, 54.60399861]]}, "properties": {"DETAIL_ID": "CQ3.L07.W49", "USE_TYPE": "Wall", "LEVEL_ID": "CQ3.L07", "FACILITY_ID": "CQ3", "ELEVATION_RELATIVE": 28.4}}, {"type": "Feature", "geometry": {"type": "LineString", "coordinates": [[-5.92054106, 54.60403303], [-5.92050931, 54.60401991]]}, "properties": {"DETAIL_ID": "CQ3.L07.W50", "USE_TYPE": "Wall", "LEVEL_ID": "CQ3.L07", "FACILITY_ID": "CQ3", "ELEVATION_RELATIVE": 28.4}}, {"type": "Feature", "geometry": {"type": "LineString", "coordinates": [[-5.92053923, 54.60403452], [-5.92050748, 54.6040214]]}, "properties": {"DETAIL_ID": "CQ3.L07.W51", "USE_TYPE": "Wall", "LEVEL_ID": "CQ3.L07", "FACILITY_ID": "CQ3", "ELEVATION_RELATIVE": 28.4}}, {"type": "Feature", "geometry": {"type": "LineString", "coordinates": [[-5.92031861, 54.60392618], [-5.92030097, 54.60391889]]}, "properties": {"DETAIL_ID": "CQ3.L07.W52", "USE_TYPE": "Wall", "LEVEL_ID": "CQ3.L07", "FACILITY_ID": "CQ3", "ELEVATION_RELATIVE": 28.4}}, {"type": "Feature", "geometry": {"type": "LineString", "coordinates": [[-5.92032044, 54.60392469], [-5.9203028, 54.6039174]]}, "properties": {"DETAIL_ID": "CQ3.L07.W53", "USE_TYPE": "Wall", "LEVEL_ID": "CQ3.L07", "FACILITY_ID": "CQ3", "ELEVATION_RELATIVE": 28.4}}, {"type": "Feature", "geometry": {"type": "LineString", "coordinates": [[-5.92069725, 54.60408262], [-5.92067972, 54.60407537]]}, "properties": {"DETAIL_ID": "CQ3.L07.W54", "USE_TYPE": "Wall", "LEVEL_ID": "CQ3.L07", "FACILITY_ID": "CQ3", "ELEVATION_RELATIVE": 28.4}}, {"type": "Feature", "geometry": {"type": "LineString", "coordinates": [[-5.92069908, 54.60408113], [-5.92068155, 54.60407389]]}, "properties": {"DETAIL_ID": "CQ3.L07.W55", "USE_TYPE": "Wall", "LEVEL_ID": "CQ3.L07", "FACILITY_ID": "CQ3", "ELEVATION_RELATIVE": 28.4}}, {"type": "Feature", "geometry": {"type": "LineString", "coordinates": [[-5.92064954, 54.60406963], [-5.92063318, 54.60406287]]}, "properties": {"DETAIL_ID": "CQ3.L07.W56", "USE_TYPE": "Wall", "LEVEL_ID": "CQ3.L07", "FACILITY_ID": "CQ3", "ELEVATION_RELATIVE": 28.4}}, {"type": "Feature", "geometry": {"type": "LineString", "coordinates": [[-5.92064733, 54.60407143], [-5.92063097, 54.60406467]]}, "properties": {"DETAIL_ID": "CQ3.L07.W57", "USE_TYPE": "Wall", "LEVEL_ID": "CQ3.L07", "FACILITY_ID": "CQ3", "ELEVATION_RELATIVE": 28.4}}, {"type": "Feature", "geometry": {"type": "LineString", "coordinates": [[-5.92064504, 54.60407328], [-5.92062868, 54.60406653]]}, "properties": {"DETAIL_ID": "CQ3.L07.W58", "USE_TYPE": "Wall", "LEVEL_ID": "CQ3.L07", "FACILITY_ID": "CQ3", "ELEVATION_RELATIVE": 28.4}}, {"type": "Feature", "geometry": {"type": "LineString", "coordinates": [[-5.92064283, 54.60407508], [-5.92062647, 54.60406832]]}, "properties": {"DETAIL_ID": "CQ3.L07.W59", "USE_TYPE": "Wall", "LEVEL_ID": "CQ3.L07", "FACILITY_ID": "CQ3", "ELEVATION_RELATIVE": 28.4}}, {"type": "Feature", "geometry": {"type": "LineString", "coordinates": [[-5.92064054, 54.60407694], [-5.92062418, 54.60407018]]}, "properties": {"DETAIL_ID": "CQ3.L07.W60", "USE_TYPE": "Wall", "LEVEL_ID": "CQ3.L07", "FACILITY_ID": "CQ3", "ELEVATION_RELATIVE": 28.4}}, {"type": "Feature", "geometry": {"type": "LineString", "coordinates": [[-5.92063833, 54.60407873], [-5.92062197, 54.60407197]]}, "properties": {"DETAIL_ID": "CQ3.L07.W61", "USE_TYPE": "Wall", "LEVEL_ID": "CQ3.L07", "FACILITY_ID": "CQ3", "ELEVATION_RELATIVE": 28.4}}, {"type": "Feature", "geometry": {"type": "LineString", "coordinates": [[-5.92063604, 54.60408059], [-5.92061968, 54.60407383]]}, "properties": {"DETAIL_ID": "CQ3.L07.W62", "USE_TYPE": "Wall", "LEVEL_ID": "CQ3.L07", "FACILITY_ID": "CQ3", "ELEVATION_RELATIVE": 28.4}}, {"type": "Feature", "geometry": {"type": "LineString", "coordinates": [[-5.92063375, 54.60408245], [-5.9206174, 54.60407569]]}, "properties": {"DETAIL_ID": "CQ3.L07.W63", "USE_TYPE": "Wall", "LEVEL_ID": "CQ3.L07", "FACILITY_ID": "CQ3", "ELEVATION_RELATIVE": 28.4}}, {"type": "Feature", "geometry": {"type": "LineString", "coordinates": [[-5.92063154, 54.60408424], [-5.92061519, 54.60407749]]}, "properties": {"DETAIL_ID": "CQ3.L07.W64", "USE_TYPE": "Wall", "LEVEL_ID": "CQ3.L07", "FACILITY_ID": "CQ3", "ELEVATION_RELATIVE": 28.4}}, {"type": "Feature", "geometry": {"type": "LineString", "coordinates": [[-5.92062925, 54.6040861], [-5.9206129, 54.60407934]]}, "properties": {"DETAIL_ID": "CQ3.L07.W65", "USE_TYPE": "Wall", "LEVEL_ID": "CQ3.L07", "FACILITY_ID": "CQ3", "ELEVATION_RELATIVE": 28.4}}, {"type": "Feature", "geometry": {"type": "LineString", "coordinates": [[-5.9206355, 54.60410578], [-5.92059894, 54.60409067]]}, "properties": {"DETAIL_ID": "CQ3.L07.W66", "USE_TYPE": "Wall", "LEVEL_ID": "CQ3.L07", "FACILITY_ID": "CQ3", "ELEVATION_RELATIVE": 28.4}}, {"type": "Feature", "geometry": {"type": "LineString", "coordinates": [[-5.92062704, 54.6040879], [-5.92061069, 54.60408114]]}, "properties": {"DETAIL_ID": "CQ3.L07.W67", "USE_TYPE": "Wall", "LEVEL_ID": "CQ3.L07", "FACILITY_ID": "CQ3", "ELEVATION_RELATIVE": 28.4}}, {"type": "Feature", "geometry": {"type": "LineString", "coordinates": [[-5.92064725, 54.60409624], [-5.92063089, 54.60408949]]}, "properties": {"DETAIL_ID": "CQ3.L07.W68", "USE_TYPE": "Wall", "LEVEL_ID": "CQ3.L07", "FACILITY_ID": "CQ3", "ELEVATION_RELATIVE": 28.4}}, {"type": "Feature", "geometry": {"type": "LineString", "coordinates": [[-5.92064946, 54.60409445], [-5.9206331, 54.60408769]]}, "properties": {"DETAIL_ID": "CQ3.L07.W69", "USE_TYPE": "Wall", "LEVEL_ID": "CQ3.L07", "FACILITY_ID": "CQ3", "ELEVATION_RELATIVE": 28.4}}, {"type": "Feature", "geometry": {"type": "LineString", "coordinates": [[-5.92065175, 54.60409259], [-5.92063539, 54.60408583]]}, "properties": {"DETAIL_ID": "CQ3.L07.W70", "USE_TYPE": "Wall", "LEVEL_ID": "CQ3.L07", "FACILITY_ID": "CQ3", "ELEVATION_RELATIVE": 28.4}}, {"type": "Feature", "geometry": {"type": "LineString", "coordinates": [[-5.92063325, 54.60409765], [-5.92061305, 54.60408931]]}, "properties": {"DETAIL_ID": "CQ3.L07.W71", "USE_TYPE": "Wall", "LEVEL_ID": "CQ3.L07", "FACILITY_ID": "CQ3", "ELEVATION_RELATIVE": 28.4}}, {"type": "Feature", "geometry": {"type": "LineString", "coordinates": [[-5.92035417, 54.6039476], [-5.92033771, 54.6039408]]}, "properties": {"DETAIL_ID": "CQ3.L07.W72", "USE_TYPE": "Wall", "LEVEL_ID": "CQ3.L07", "FACILITY_ID": "CQ3", "ELEVATION_RELATIVE": 28.4}}, {"type": "Feature", "geometry": {"type": "LineString", "coordinates": [[-5.92035196, 54.60394939], [-5.9203355, 54.60394259]]}, "properties": {"DETAIL_ID": "CQ3.L07.W73", "USE_TYPE": "Wall", "LEVEL_ID": "CQ3.L07", "FACILITY_ID": "CQ3", "ELEVATION_RELATIVE": 28.4}}, {"type": "Feature", "geometry": {"type": "LineString", "coordinates": [[-5.92034967, 54.60395125], [-5.92033321, 54.60394445]]}, "properties": {"DETAIL_ID": "CQ3.L07.W74", "USE_TYPE": "Wall", "LEVEL_ID": "CQ3.L07", "FACILITY_ID": "CQ3", "ELEVATION_RELATIVE": 28.4}}, {"type": "Feature", "geometry": {"type": "LineString", "coordinates": [[-5.92034746, 54.60395305], [-5.920331, 54.60394624]]}, "properties": {"DETAIL_ID": "CQ3.L07.W75", "USE_TYPE": "Wall", "LEVEL_ID": "CQ3.L07", "FACILITY_ID": "CQ3", "ELEVATION_RELATIVE": 28.4}}, {"type": "Feature", "geometry": {"type": "LineString", "coordinates": [[-5.92034517, 54.6039549], [-5.92032871, 54.6039481]]}, "properties": {"DETAIL_ID": "CQ3.L07.W76", "USE_TYPE": "Wall", "LEVEL_ID": "CQ3.L07", "FACILITY_ID": "CQ3", "ELEVATION_RELATIVE": 28.4}}, {"type": "Feature", "geometry": {"type": "LineString", "coordinates": [[-5.92034296, 54.6039567], [-5.9203265, 54.6039499]]}, "properties": {"DETAIL_ID": "CQ3.L07.W77", "USE_TYPE": "Wall", "LEVEL_ID": "CQ3.L07", "FACILITY_ID": "CQ3", "ELEVATION_RELATIVE": 28.4}}, {"type": "Feature", "geometry": {"type": "LineString", "coordinates": [[-5.92034067, 54.60395856], [-5.92032421, 54.60395175]]}, "properties": {"DETAIL_ID": "CQ3.L07.W78", "USE_TYPE": "Wall", "LEVEL_ID": "CQ3.L07", "FACILITY_ID": "CQ3", "ELEVATION_RELATIVE": 28.4}}, {"type": "Feature", "geometry": {"type": "LineString", "coordinates": [[-5.92033839, 54.60396041], [-5.92032192, 54.60395361]]}, "properties": {"DETAIL_ID": "CQ3.L07.W79", "USE_TYPE": "Wall", "LEVEL_ID": "CQ3.L07", "FACILITY_ID": "CQ3", "ELEVATION_RELATIVE": 28.4}}, {"type": "Feature", "geometry": {"type": "LineString", "coordinates": [[-5.92033617, 54.60396221], [-5.92031971, 54.60395541]]}, "properties": {"DETAIL_ID": "CQ3.L07.W80", "USE_TYPE": "Wall", "LEVEL_ID": "CQ3.L07", "FACILITY_ID": "CQ3", "ELEVATION_RELATIVE": 28.4}}, {"type": "Feature", "geometry": {"type": "LineString", "coordinates": [[-5.92033389, 54.60396407], [-5.92031742, 54.60395727]]}, "properties": {"DETAIL_ID": "CQ3.L07.W81", "USE_TYPE": "Wall", "LEVEL_ID": "CQ3.L07", "FACILITY_ID": "CQ3", "ELEVATION_RELATIVE": 28.4}}, {"type": "Feature", "geometry": {"type": "LineString", "coordinates": [[-5.92031993, 54.6039754], [-5.92028327, 54.60396025]]}, "properties": {"DETAIL_ID": "CQ3.L07.W82", "USE_TYPE": "Wall", "LEVEL_ID": "CQ3.L07", "FACILITY_ID": "CQ3", "ELEVATION_RELATIVE": 28.4}}, {"type": "Feature", "geometry": {"type": "LineString", "coordinates": [[-5.92033168, 54.60396586], [-5.92031521, 54.60395906]]}, "properties": {"DETAIL_ID": "CQ3.L07.W83", "USE_TYPE": "Wall", "LEVEL_ID": "CQ3.L07", "FACILITY_ID": "CQ3", "ELEVATION_RELATIVE": 28.4}}, {"type": "Feature", "geometry": {"type": "LineString", "coordinates": [[-5.92031147, 54.60395752], [-5.92029501, 54.60395071]]}, "properties": {"DETAIL_ID": "CQ3.L07.W84", "USE_TYPE": "Wall", "LEVEL_ID": "CQ3.L07", "FACILITY_ID": "CQ3", "ELEVATION_RELATIVE": 28.4}}, {"type": "Feature", "geometry": {"type": "LineString", "coordinates": [[-5.92031368, 54.60395572], [-5.92029722, 54.60394892]]}, "properties": {"DETAIL_ID": "CQ3.L07.W85", "USE_TYPE": "Wall", "LEVEL_ID": "CQ3.L07", "FACILITY_ID": "CQ3", "ELEVATION_RELATIVE": 28.4}}, {"type": "Feature", "geometry": {"type": "LineString", "coordinates": [[-5.92031597, 54.60395386], [-5.92029951, 54.60394706]]}, "properties": {"DETAIL_ID": "CQ3.L07.W86", "USE_TYPE": "Wall", "LEVEL_ID": "CQ3.L07", "FACILITY_ID": "CQ3", "ELEVATION_RELATIVE": 28.4}}, {"type": "Feature", "geometry": {"type": "LineString", "coordinates": [[-5.92031757, 54.60396723], [-5.92029737, 54.60395888]]}, "properties": {"DETAIL_ID": "CQ3.L07.W87", "USE_TYPE": "Wall", "LEVEL_ID": "CQ3.L07", "FACILITY_ID": "CQ3", "ELEVATION_RELATIVE": 28.4}}, {"type": "Feature", "geometry": {"type": "LineString", "coordinates": [[-5.92063538, 54.60410515], [-5.92060003, 54.60409054]]}, "properties": {"DETAIL_ID": "CQ3.L07.W88", "USE_TYPE": "Wall", "LEVEL_ID": "CQ3.L07", "FACILITY_ID": "CQ3", "ELEVATION_RELATIVE": 28.4}}, {"type": "Feature", "geometry": {"type": "LineString", "coordinates": [[-5.9206352, 54.60410452], [-5.92060111, 54.60409044]]}, "properties": {"DETAIL_ID": "CQ3.L07.W89", "USE_TYPE": "Wall", "LEVEL_ID": "CQ3.L07", "FACILITY_ID": "CQ3", "ELEVATION_RELATIVE": 28.4}}, {"type": "Feature", "geometry": {"type": "LineString", "coordinates": [[-5.92031973, 54.60397473], [-5.92028438, 54.60396013]]}, "properties": {"DETAIL_ID": "CQ3.L07.W90", "USE_TYPE": "Wall", "LEVEL_ID": "CQ3.L07", "FACILITY_ID": "CQ3", "ELEVATION_RELATIVE": 28.4}}, {"type": "Feature", "geometry": {"type": "LineString", "coordinates": [[-5.92031955, 54.60397411], [-5.92028546, 54.60396002]]}, "properties": {"DETAIL_ID": "CQ3.L07.W91", "USE_TYPE": "Wall", "LEVEL_ID": "CQ3.L07", "FACILITY_ID": "CQ3", "ELEVATION_RELATIVE": 28.4}}, {"type": "Feature", "geometry": {"type": "LineString", "coordinates": [[-5.92039387, 54.6039058], [-5.92036437, 54.60389361]]}, "properties": {"DETAIL_ID": "CQ3.L07.W92", "USE_TYPE": "Wall", "LEVEL_ID": "CQ3.L07", "FACILITY_ID": "CQ3", "ELEVATION_RELATIVE": 28.4}}, {"type": "Feature", "geometry": {"type": "LineString", "coordinates": [[-5.92036062, 54.60389206], [-5.92034544, 54.60388579]]}, "properties": {"DETAIL_ID": "CQ3.L07.W93", "USE_TYPE": "Wall", "LEVEL_ID": "CQ3.L07", "FACILITY_ID": "CQ3", "ELEVATION_RELATIVE": 28.4}}, {"type": "Feature", "geometry": {"type": "LineString", "coordinates": [[-5.92040937, 54.60390893], [-5.92034437, 54.60388208]]}, "properties": {"DETAIL_ID": "CQ3.L07.W94", "USE_TYPE": "Wall", "LEVEL_ID": "CQ3.L07", "FACILITY_ID": "CQ3", "ELEVATION_RELATIVE": 28.4}}, {"type": "Feature", "geometry": {"type": "LineString", "coordinates": [[-5.92051873, 54.60395738], [-5.92048709, 54.60394431]]}, "properties": {"DETAIL_ID": "CQ3.L07.W95", "USE_TYPE": "Wall", "LEVEL_ID": "CQ3.L07", "FACILITY_ID": "CQ3", "ELEVATION_RELATIVE": 28.4}}, {"type": "Feature", "geometry": {"type": "LineString", "coordinates": [[-5.92048324, 54.60394272], [-5.9204299, 54.60392068]]}, "properties": {"DETAIL_ID": "CQ3.L07.W96", "USE_TYPE": "Wall", "LEVEL_ID": "CQ3.L07", "FACILITY_ID": "CQ3", "ELEVATION_RELATIVE": 28.4}}, {"type": "Feature", "geometry": {"type": "LineString", "coordinates": [[-5.92052514, 54.60395676], [-5.92043256, 54.60391851]]}, "properties": {"DETAIL_ID": "CQ3.L07.W97", "USE_TYPE": "Wall", "LEVEL_ID": "CQ3.L07", "FACILITY_ID": "CQ3", "ELEVATION_RELATIVE": 28.4}}, {"type": "Feature", "geometry": {"type": "LineString", "coordinates": [[-5.92065236, 54.60401259], [-5.92059901, 54.60399055]]}, "properties": {"DETAIL_ID": "CQ3.L07.W98", "USE_TYPE": "Wall", "LEVEL_ID": "CQ3.L07", "FACILITY_ID": "CQ3", "ELEVATION_RELATIVE": 28.4}}, {"type": "Feature", "geometry": {"type": "LineString", "coordinates": [[-5.92059527, 54.60398901], [-5.92056352, 54.60397589]]}, "properties": {"DETAIL_ID": "CQ3.L07.W99", "USE_TYPE": "Wall", "LEVEL_ID": "CQ3.L07", "FACILITY_ID": "CQ3", "ELEVATION_RELATIVE": 28.4}}, {"type": "Feature", "geometry": {"type": "LineString", "coordinates": [[-5.92065503, 54.60401042], [-5.92056245, 54.60397218]]}, "properties": {"DETAIL_ID": "CQ3.L07.W100", "USE_TYPE": "Wall", "LEVEL_ID": "CQ3.L07", "FACILITY_ID": "CQ3", "ELEVATION_RELATIVE": 28.4}}, {"type": "Feature", "geometry": {"type": "LineString", "coordinates": [[-5.92073681, 54.60404748], [-5.92072174, 54.60404126]]}, "properties": {"DETAIL_ID": "CQ3.L07.W101", "USE_TYPE": "Wall", "LEVEL_ID": "CQ3.L07", "FACILITY_ID": "CQ3", "ELEVATION_RELATIVE": 28.4}}, {"type": "Feature", "geometry": {"type": "LineString", "coordinates": [[-5.92071789, 54.60403967], [-5.92067566, 54.60402222]]}, "properties": {"DETAIL_ID": "CQ3.L07.W102", "USE_TYPE": "Wall", "LEVEL_ID": "CQ3.L07", "FACILITY_ID": "CQ3", "ELEVATION_RELATIVE": 28.4}}, {"type": "Feature", "geometry": {"type": "LineString", "coordinates": [[-5.92074333, 54.60404691], [-5.92067833, 54.60402005]]}, "properties": {"DETAIL_ID": "CQ3.L07.W103", "USE_TYPE": "Wall", "LEVEL_ID": "CQ3.L07", "FACILITY_ID": "CQ3", "ELEVATION_RELATIVE": 28.4}}, {"type": "Feature", "geometry": {"type": "LineString", "coordinates": [[-5.92063569, 54.60410642], [-5.92059784, 54.60409078]]}, "properties": {"DETAIL_ID": "CQ3.L07.W104", "USE_TYPE": "Wall", "LEVEL_ID": "CQ3.L07", "FACILITY_ID": "CQ3", "ELEVATION_RELATIVE": 28.4}}, {"type": "Feature", "geometry": {"type": "LineString", "coordinates": [[-5.92065461, 54.60411423], [-5.92063954, 54.60410801]]}, "properties": {"DETAIL_ID": "CQ3.L07.W105", "USE_TYPE": "Wall", "LEVEL_ID": "CQ3.L07", "FACILITY_ID": "CQ3", "ELEVATION_RELATIVE": 28.4}}, {"type": "Feature", "geometry": {"type": "LineString", "coordinates": [[-5.92065579, 54.60411799], [-5.92059133, 54.60409136]]}, "properties": {"DETAIL_ID": "CQ3.L07.W106", "USE_TYPE": "Wall", "LEVEL_ID": "CQ3.L07", "FACILITY_ID": "CQ3", "ELEVATION_RELATIVE": 28.4}}, {"type": "Feature", "geometry": {"type": "LineString", "coordinates": [[-5.92040104, 54.60400947], [-5.92034834, 54.6039877]]}, "properties": {"DETAIL_ID": "CQ3.L07.W107", "USE_TYPE": "Wall", "LEVEL_ID": "CQ3.L07", "FACILITY_ID": "CQ3", "ELEVATION_RELATIVE": 28.4}}, {"type": "Feature", "geometry": {"type": "LineString", "coordinates": [[-5.92043653, 54.60402413], [-5.92040489, 54.60401106]]}, "properties": {"DETAIL_ID": "CQ3.L07.W108", "USE_TYPE": "Wall", "LEVEL_ID": "CQ3.L07", "FACILITY_ID": "CQ3", "ELEVATION_RELATIVE": 28.4}}, {"type": "Feature", "geometry": {"type": "LineString", "coordinates": [[-5.9204376, 54.60402785], [-5.92034567, 54.60398986]]}, "properties": {"DETAIL_ID": "CQ3.L07.W109", "USE_TYPE": "Wall", "LEVEL_ID": "CQ3.L07", "FACILITY_ID": "CQ3", "ELEVATION_RELATIVE": 28.4}}, {"type": "Feature", "geometry": {"type": "LineString", "coordinates": [[-5.92027842, 54.60395881], [-5.92026325, 54.60395254]]}, "properties": {"DETAIL_ID": "CQ3.L07.W110", "USE_TYPE": "Wall", "LEVEL_ID": "CQ3.L07", "FACILITY_ID": "CQ3", "ELEVATION_RELATIVE": 28.4}}, {"type": "Feature", "geometry": {"type": "LineString", "coordinates": [[-5.92032001, 54.60397599], [-5.92028217, 54.60396036]]}, "properties": {"DETAIL_ID": "CQ3.L07.W111", "USE_TYPE": "Wall", "LEVEL_ID": "CQ3.L07", "FACILITY_ID": "CQ3", "ELEVATION_RELATIVE": 28.4}}, {"type": "Feature", "geometry": {"type": "LineString", "coordinates": [[-5.92032119, 54.60397975], [-5.92025683, 54.60395316]]}, "properties": {"DETAIL_ID": "CQ3.L07.W112", "USE_TYPE": "Wall", "LEVEL_ID": "CQ3.L07", "FACILITY_ID": "CQ3", "ELEVATION_RELATIVE": 28.4}}, {"type": "Feature", "geometry": {"type": "LineString", "coordinates": [[-5.9203876, 54.60392582], [-5.92034591, 54.60390859]]}, "properties": {"DETAIL_ID": "CQ3.L07.W113", "USE_TYPE": "Wall", "LEVEL_ID": "CQ3.L07", "FACILITY_ID": "CQ3", "ELEVATION_RELATIVE": 28.4}}, {"type": "Feature", "geometry": {"type": "LineString", "coordinates": [[-5.92038101, 54.60392646], [-5.92034317, 54.60391082]]}, "properties": {"DETAIL_ID": "CQ3.L07.W114", "USE_TYPE": "Wall", "LEVEL_ID": "CQ3.L07", "FACILITY_ID": "CQ3", "ELEVATION_RELATIVE": 28.4}}, {"type": "Feature", "geometry": {"type": "LineString", "coordinates": [[-5.92069669, 54.60405688], [-5.92065885, 54.60404124]]}, "properties": {"DETAIL_ID": "CQ3.L07.W115", "USE_TYPE": "Wall", "LEVEL_ID": "CQ3.L07", "FACILITY_ID": "CQ3", "ELEVATION_RELATIVE": 28.4}}, {"type": "Feature", "geometry": {"type": "LineString", "coordinates": [[-5.92069943, 54.60405465], [-5.92065774, 54.60403743]]}, "properties": {"DETAIL_ID": "CQ3.L07.W116", "USE_TYPE": "Wall", "LEVEL_ID": "CQ3.L07", "FACILITY_ID": "CQ3", "ELEVATION_RELATIVE": 28.4}}, {"type": "Feature", "geometry": {"type": "LineString", "coordinates": [[-5.92051307, 54.60405576], [-5.92048132, 54.60404264]]}, "properties": {"DETAIL_ID": "CQ3.L07.W117", "USE_TYPE": "Wall", "LEVEL_ID": "CQ3.L07", "FACILITY_ID": "CQ3", "ELEVATION_RELATIVE": 28.4}}, {"type": "Feature", "geometry": {"type": "LineString", "coordinates": [[-5.92056952, 54.60407908], [-5.92051681, 54.6040573]]}, "properties": {"DETAIL_ID": "CQ3.L07.W118", "USE_TYPE": "Wall", "LEVEL_ID": "CQ3.L07", "FACILITY_ID": "CQ3", "ELEVATION_RELATIVE": 28.4}}, {"type": "Feature", "geometry": {"type": "LineString", "coordinates": [[-5.92056685, 54.60408124], [-5.92047491, 54.60404326]]}, "properties": {"DETAIL_ID": "CQ3.L07.W119", "USE_TYPE": "Wall", "LEVEL_ID": "CQ3.L07", "FACILITY_ID": "CQ3", "ELEVATION_RELATIVE": 28.4}}, {"type": "Feature", "geometry": {"type": "LineString", "coordinates": [[-5.92059894, 54.60409067], [-5.92061069, 54.60408114]]}, "properties": {"DETAIL_ID": "CQ3.L08.W0", "USE_TYPE": "Wall", "LEVEL_ID": "CQ3.L08", "FACILITY_ID": "CQ3", "ELEVATION_RELATIVE": 32.3}}, {"type": "Feature", "geometry": {"type": "LineString", "coordinates": [[-5.9206355, 54.60410578], [-5.92064725, 54.60409624]]}, "properties": {"DETAIL_ID": "CQ3.L08.W1", "USE_TYPE": "Wall", "LEVEL_ID": "CQ3.L08", "FACILITY_ID": "CQ3", "ELEVATION_RELATIVE": 32.3}}, {"type": "Feature", "geometry": {"type": "LineString", "coordinates": [[-5.92061305, 54.60408931], [-5.92064141, 54.60406627]]}, "properties": {"DETAIL_ID": "CQ3.L08.W2", "USE_TYPE": "Wall", "LEVEL_ID": "CQ3.L08", "FACILITY_ID": "CQ3", "ELEVATION_RELATIVE": 32.3}}, {"type": "Feature", "geometry": {"type": "LineString", "coordinates": [[-5.92063325, 54.60409765], [-5.92064652, 54.60408688]]}, "properties": {"DETAIL_ID": "CQ3.L08.W3", "USE_TYPE": "Wall", "LEVEL_ID": "CQ3.L08", "FACILITY_ID": "CQ3", "ELEVATION_RELATIVE": 32.3}}, {"type": "Feature", "geometry": {"type": "LineString", "coordinates": [[-5.92031993, 54.6039754], [-5.92033168, 54.60396586]]}, "properties": {"DETAIL_ID": "CQ3.L08.W4", "USE_TYPE": "Wall", "LEVEL_ID": "CQ3.L08", "FACILITY_ID": "CQ3", "ELEVATION_RELATIVE": 32.3}}, {"type": "Feature", "geometry": {"type": "LineString", "coordinates": [[-5.92028327, 54.60396025], [-5.92029501, 54.60395071]]}, "properties": {"DETAIL_ID": "CQ3.L08.W5", "USE_TYPE": "Wall", "LEVEL_ID": "CQ3.L08", "FACILITY_ID": "CQ3", "ELEVATION_RELATIVE": 32.3}}, {"type": "Feature", "geometry": {"type": "LineString", "coordinates": [[-5.92031757, 54.60396723], [-5.92034594, 54.6039442]]}, "properties": {"DETAIL_ID": "CQ3.L08.W6", "USE_TYPE": "Wall", "LEVEL_ID": "CQ3.L08", "FACILITY_ID": "CQ3", "ELEVATION_RELATIVE": 32.3}}, {"type": "Feature", "geometry": {"type": "LineString", "coordinates": [[-5.92029737, 54.60395888], [-5.92031064, 54.60394811]]}, "properties": {"DETAIL_ID": "CQ3.L08.W7", "USE_TYPE": "Wall", "LEVEL_ID": "CQ3.L08", "FACILITY_ID": "CQ3", "ELEVATION_RELATIVE": 32.3}}, {"type": "Feature", "geometry": {"type": "LineString", "coordinates": [[-5.92063538, 54.60410515], [-5.92067411, 54.6040737]]}, "properties": {"DETAIL_ID": "CQ3.L08.W8", "USE_TYPE": "Wall", "LEVEL_ID": "CQ3.L08", "FACILITY_ID": "CQ3", "ELEVATION_RELATIVE": 32.3}}, {"type": "Feature", "geometry": {"type": "LineString", "coordinates": [[-5.92060003, 54.60409054], [-5.9206365, 54.60406092]]}, "properties": {"DETAIL_ID": "CQ3.L08.W9", "USE_TYPE": "Wall", "LEVEL_ID": "CQ3.L08", "FACILITY_ID": "CQ3", "ELEVATION_RELATIVE": 32.3}}, {"type": "Feature", "geometry": {"type": "LineString", "coordinates": [[-5.92060111, 54.60409044], [-5.92063713, 54.60406118]]}, "properties": {"DETAIL_ID": "CQ3.L08.W10", "USE_TYPE": "Wall", "LEVEL_ID": "CQ3.L08", "FACILITY_ID": "CQ3", "ELEVATION_RELATIVE": 32.3}}, {"type": "Feature", "geometry": {"type": "LineString", "coordinates": [[-5.9206352, 54.60410452], [-5.92067348, 54.60407344]]}, "properties": {"DETAIL_ID": "CQ3.L08.W11", "USE_TYPE": "Wall", "LEVEL_ID": "CQ3.L08", "FACILITY_ID": "CQ3", "ELEVATION_RELATIVE": 32.3}}, {"type": "Feature", "geometry": {"type": "LineString", "coordinates": [[-5.92028438, 54.60396013], [-5.9203231, 54.60392868]]}, "properties": {"DETAIL_ID": "CQ3.L08.W12", "USE_TYPE": "Wall", "LEVEL_ID": "CQ3.L08", "FACILITY_ID": "CQ3", "ELEVATION_RELATIVE": 32.3}}, {"type": "Feature", "geometry": {"type": "LineString", "coordinates": [[-5.92031973, 54.60397473], [-5.9203562, 54.60394511]]}, "properties": {"DETAIL_ID": "CQ3.L08.W13", "USE_TYPE": "Wall", "LEVEL_ID": "CQ3.L08", "FACILITY_ID": "CQ3", "ELEVATION_RELATIVE": 32.3}}, {"type": "Feature", "geometry": {"type": "LineString", "coordinates": [[-5.92031955, 54.60397411], [-5.92035557, 54.60394485]]}, "properties": {"DETAIL_ID": "CQ3.L08.W14", "USE_TYPE": "Wall", "LEVEL_ID": "CQ3.L08", "FACILITY_ID": "CQ3", "ELEVATION_RELATIVE": 32.3}}, {"type": "Feature", "geometry": {"type": "LineString", "coordinates": [[-5.92028546, 54.60396002], [-5.92032373, 54.60392894]]}, "properties": {"DETAIL_ID": "CQ3.L08.W15", "USE_TYPE": "Wall", "LEVEL_ID": "CQ3.L08", "FACILITY_ID": "CQ3", "ELEVATION_RELATIVE": 32.3}}, {"type": "Feature", "geometry": {"type": "LineString", "coordinates": [[-5.92027842, 54.60395881], [-5.92031861, 54.60392618]]}, "properties": {"DETAIL_ID": "CQ3.L08.W16", "USE_TYPE": "Wall", "LEVEL_ID": "CQ3.L08", "FACILITY_ID": "CQ3", "ELEVATION_RELATIVE": 32.3}}, {"type": "Feature", "geometry": {"type": "LineString", "coordinates": [[-5.92032044, 54.60392469], [-5.92036062, 54.60389206]]}, "properties": {"DETAIL_ID": "CQ3.L08.W17", "USE_TYPE": "Wall", "LEVEL_ID": "CQ3.L08", "FACILITY_ID": "CQ3", "ELEVATION_RELATIVE": 32.3}}, {"type": "Feature", "geometry": {"type": "LineString", "coordinates": [[-5.92028217, 54.60396036], [-5.92034317, 54.60391082]]}, "properties": {"DETAIL_ID": "CQ3.L08.W18", "USE_TYPE": "Wall", "LEVEL_ID": "CQ3.L08", "FACILITY_ID": "CQ3", "ELEVATION_RELATIVE": 32.3}}, {"type": "Feature", "geometry": {"type": "LineString", "coordinates": [[-5.92034591, 54.60390859], [-5.92036437, 54.60389361]]}, "properties": {"DETAIL_ID": "CQ3.L08.W19", "USE_TYPE": "Wall", "LEVEL_ID": "CQ3.L08", "FACILITY_ID": "CQ3", "ELEVATION_RELATIVE": 32.3}}, {"type": "Feature", "geometry": {"type": "LineString", "coordinates": [[-5.92068155, 54.60407389], [-5.92072174, 54.60404126]]}, "properties": {"DETAIL_ID": "CQ3.L08.W20", "USE_TYPE": "Wall", "LEVEL_ID": "CQ3.L08", "FACILITY_ID": "CQ3", "ELEVATION_RELATIVE": 32.3}}, {"type": "Feature", "geometry": {"type": "LineString", "coordinates": [[-5.92063954, 54.60410801], [-5.92067972, 54.60407537]]}, "properties": {"DETAIL_ID": "CQ3.L08.W21", "USE_TYPE": "Wall", "LEVEL_ID": "CQ3.L08", "FACILITY_ID": "CQ3", "ELEVATION_RELATIVE": 32.3}}, {"type": "Feature", "geometry": {"type": "LineString", "coordinates": [[-5.92069943, 54.60405465], [-5.92071789, 54.60403967]]}, "properties": {"DETAIL_ID": "CQ3.L08.W22", "USE_TYPE": "Wall", "LEVEL_ID": "CQ3.L08", "FACILITY_ID": "CQ3", "ELEVATION_RELATIVE": 32.3}}, {"type": "Feature", "geometry": {"type": "LineString", "coordinates": [[-5.92063569, 54.60410642], [-5.92069669, 54.60405688]]}, "properties": {"DETAIL_ID": "CQ3.L08.W23", "USE_TYPE": "Wall", "LEVEL_ID": "CQ3.L08", "FACILITY_ID": "CQ3", "ELEVATION_RELATIVE": 32.3}}, {"type": "Feature", "geometry": {"type": "LineString", "coordinates": [[-5.92032001, 54.60397599], [-5.92036629, 54.60393841]]}, "properties": {"DETAIL_ID": "CQ3.L08.W24", "USE_TYPE": "Wall", "LEVEL_ID": "CQ3.L08", "FACILITY_ID": "CQ3", "ELEVATION_RELATIVE": 32.3}}, {"type": "Feature", "geometry": {"type": "LineString", "coordinates": [[-5.92032119, 54.60397975], [-5.92037014, 54.60394]]}, "properties": {"DETAIL_ID": "CQ3.L08.W25", "USE_TYPE": "Wall", "LEVEL_ID": "CQ3.L08", "FACILITY_ID": "CQ3", "ELEVATION_RELATIVE": 32.3}}, {"type": "Feature", "geometry": {"type": "LineString", "coordinates": [[-5.92059133, 54.60409136], [-5.92064028, 54.60405161]]}, "properties": {"DETAIL_ID": "CQ3.L08.W26", "USE_TYPE": "Wall", "LEVEL_ID": "CQ3.L08", "FACILITY_ID": "CQ3", "ELEVATION_RELATIVE": 32.3}}, {"type": "Feature", "geometry": {"type": "LineString", "coordinates": [[-5.92059784, 54.60409078], [-5.92064413, 54.6040532]]}, "properties": {"DETAIL_ID": "CQ3.L08.W27", "USE_TYPE": "Wall", "LEVEL_ID": "CQ3.L08", "FACILITY_ID": "CQ3", "ELEVATION_RELATIVE": 32.3}}, {"type": "Feature", "geometry": {"type": "LineString", "coordinates": [[-5.92055261, 54.60398016], [-5.92056245, 54.60397218]]}, "properties": {"DETAIL_ID": "CQ3.L08.W28", "USE_TYPE": "Wall", "LEVEL_ID": "CQ3.L08", "FACILITY_ID": "CQ3", "ELEVATION_RELATIVE": 32.3}}, {"type": "Feature", "geometry": {"type": "LineString", "coordinates": [[-5.92052409, 54.60400332], [-5.92054095, 54.60398964]]}, "properties": {"DETAIL_ID": "CQ3.L08.W29", "USE_TYPE": "Wall", "LEVEL_ID": "CQ3.L08", "FACILITY_ID": "CQ3", "ELEVATION_RELATIVE": 32.3}}, {"type": "Feature", "geometry": {"type": "LineString", "coordinates": [[-5.92049596, 54.60402617], [-5.92051327, 54.60401211]]}, "properties": {"DETAIL_ID": "CQ3.L08.W30", "USE_TYPE": "Wall", "LEVEL_ID": "CQ3.L08", "FACILITY_ID": "CQ3", "ELEVATION_RELATIVE": 32.3}}, {"type": "Feature", "geometry": {"type": "LineString", "coordinates": [[-5.92047491, 54.60404326], [-5.92048521, 54.6040349]]}, "properties": {"DETAIL_ID": "CQ3.L08.W31", "USE_TYPE": "Wall", "LEVEL_ID": "CQ3.L08", "FACILITY_ID": "CQ3", "ELEVATION_RELATIVE": 32.3}}, {"type": "Feature", "geometry": {"type": "LineString", "coordinates": [[-5.9204376, 54.60402785], [-5.9204479, 54.60401949]]}, "properties": {"DETAIL_ID": "CQ3.L08.W32", "USE_TYPE": "Wall", "LEVEL_ID": "CQ3.L08", "FACILITY_ID": "CQ3", "ELEVATION_RELATIVE": 32.3}}, {"type": "Feature", "geometry": {"type": "LineString", "coordinates": [[-5.92045865, 54.60401076], [-5.92047596, 54.6039967]]}, "properties": {"DETAIL_ID": "CQ3.L08.W33", "USE_TYPE": "Wall", "LEVEL_ID": "CQ3.L08", "FACILITY_ID": "CQ3", "ELEVATION_RELATIVE": 32.3}}, {"type": "Feature", "geometry": {"type": "LineString", "coordinates": [[-5.92048679, 54.60398791], [-5.92050364, 54.60397422]]}, "properties": {"DETAIL_ID": "CQ3.L08.W34", "USE_TYPE": "Wall", "LEVEL_ID": "CQ3.L08", "FACILITY_ID": "CQ3", "ELEVATION_RELATIVE": 32.3}}, {"type": "Feature", "geometry": {"type": "LineString", "coordinates": [[-5.9205153, 54.60396475], [-5.92052514, 54.60395676]]}, "properties": {"DETAIL_ID": "CQ3.L08.W35", "USE_TYPE": "Wall", "LEVEL_ID": "CQ3.L08", "FACILITY_ID": "CQ3", "ELEVATION_RELATIVE": 32.3}}, {"type": "Feature", "geometry": {"type": "LineString", "coordinates": [[-5.92040104, 54.60400947], [-5.92046486, 54.60395764]]}, "properties": {"DETAIL_ID": "CQ3.L08.W36", "USE_TYPE": "Wall", "LEVEL_ID": "CQ3.L08", "FACILITY_ID": "CQ3", "ELEVATION_RELATIVE": 32.3}}, {"type": "Feature", "geometry": {"type": "LineString", "coordinates": [[-5.92040489, 54.60401106], [-5.92043104, 54.60398982]]}, "properties": {"DETAIL_ID": "CQ3.L08.W37", "USE_TYPE": "Wall", "LEVEL_ID": "CQ3.L08", "FACILITY_ID": "CQ3", "ELEVATION_RELATIVE": 32.3}}, {"type": "Feature", "geometry": {"type": "LineString", "coordinates": [[-5.92043287, 54.60398833], [-5.9204591, 54.60396703]]}, "properties": {"DETAIL_ID": "CQ3.L08.W38", "USE_TYPE": "Wall", "LEVEL_ID": "CQ3.L08", "FACILITY_ID": "CQ3", "ELEVATION_RELATIVE": 32.3}}, {"type": "Feature", "geometry": {"type": "LineString", "coordinates": [[-5.92051681, 54.6040573], [-5.92058064, 54.60400548]]}, "properties": {"DETAIL_ID": "CQ3.L08.W39", "USE_TYPE": "Wall", "LEVEL_ID": "CQ3.L08", "FACILITY_ID": "CQ3", "ELEVATION_RELATIVE": 32.3}}, {"type": "Feature", "geometry": {"type": "LineString", "coordinates": [[-5.92054106, 54.60403303], [-5.92056729, 54.60401173]]}, "properties": {"DETAIL_ID": "CQ3.L08.W40", "USE_TYPE": "Wall", "LEVEL_ID": "CQ3.L08", "FACILITY_ID": "CQ3", "ELEVATION_RELATIVE": 32.3}}, {"type": "Feature", "geometry": {"type": "LineString", "coordinates": [[-5.92051307, 54.60405576], [-5.92053923, 54.60403452]]}, "properties": {"DETAIL_ID": "CQ3.L08.W41", "USE_TYPE": "Wall", "LEVEL_ID": "CQ3.L08", "FACILITY_ID": "CQ3", "ELEVATION_RELATIVE": 32.3}}, {"type": "Feature", "geometry": {"type": "LineString", "coordinates": [[-5.92021913, 54.60406547], [-5.92020057, 54.6040578]]}, "properties": {"DETAIL_ID": "CQ3.L08.W42", "USE_TYPE": "Wall", "LEVEL_ID": "CQ3.L08", "FACILITY_ID": "CQ3", "ELEVATION_RELATIVE": 32.3}}, {"type": "Feature", "geometry": {"type": "LineString", "coordinates": [[-5.92021936, 54.60406529], [-5.9202008, 54.60405762]]}, "properties": {"DETAIL_ID": "CQ3.L08.W43", "USE_TYPE": "Wall", "LEVEL_ID": "CQ3.L08", "FACILITY_ID": "CQ3", "ELEVATION_RELATIVE": 32.3}}, {"type": "Feature", "geometry": {"type": "LineString", "coordinates": [[-5.92064778, 54.60387982], [-5.92062922, 54.60387215]]}, "properties": {"DETAIL_ID": "CQ3.L08.W44", "USE_TYPE": "Wall", "LEVEL_ID": "CQ3.L08", "FACILITY_ID": "CQ3", "ELEVATION_RELATIVE": 32.3}}, {"type": "Feature", "geometry": {"type": "LineString", "coordinates": [[-5.92064801, 54.60387964], [-5.92062945, 54.60387197]]}, "properties": {"DETAIL_ID": "CQ3.L08.W45", "USE_TYPE": "Wall", "LEVEL_ID": "CQ3.L08", "FACILITY_ID": "CQ3", "ELEVATION_RELATIVE": 32.3}}, {"type": "Feature", "geometry": {"type": "LineString", "coordinates": [[-5.92047153, 54.60380645], [-5.92045916, 54.60380134]]}, "properties": {"DETAIL_ID": "CQ3.L08.W46", "USE_TYPE": "Wall", "LEVEL_ID": "CQ3.L08", "FACILITY_ID": "CQ3", "ELEVATION_RELATIVE": 32.3}}, {"type": "Feature", "geometry": {"type": "LineString", "coordinates": [[-5.92047176, 54.60380627], [-5.92045938, 54.60380115]]}, "properties": {"DETAIL_ID": "CQ3.L08.W47", "USE_TYPE": "Wall", "LEVEL_ID": "CQ3.L08", "FACILITY_ID": "CQ3", "ELEVATION_RELATIVE": 32.3}}, {"type": "Feature", "geometry": {"type": "LineString", "coordinates": [[-5.92041471, 54.60378297], [-5.92040234, 54.60377786]]}, "properties": {"DETAIL_ID": "CQ3.L08.W48", "USE_TYPE": "Wall", "LEVEL_ID": "CQ3.L08", "FACILITY_ID": "CQ3", "ELEVATION_RELATIVE": 32.3}}, {"type": "Feature", "geometry": {"type": "LineString", "coordinates": [[-5.92041494, 54.60378279], [-5.92040256, 54.60377768]]}, "properties": {"DETAIL_ID": "CQ3.L08.W49", "USE_TYPE": "Wall", "LEVEL_ID": "CQ3.L08", "FACILITY_ID": "CQ3", "ELEVATION_RELATIVE": 32.3}}, {"type": "Feature", "geometry": {"type": "LineString", "coordinates": [[-5.92046452, 54.60400141], [-5.92043287, 54.60398833]]}, "properties": {"DETAIL_ID": "CQ3.L08.W50", "USE_TYPE": "Wall", "LEVEL_ID": "CQ3.L08", "FACILITY_ID": "CQ3", "ELEVATION_RELATIVE": 32.3}}, {"type": "Feature", "geometry": {"type": "LineString", "coordinates": [[-5.92046269, 54.60400289], [-5.92043104, 54.60398982]]}, "properties": {"DETAIL_ID": "CQ3.L08.W51", "USE_TYPE": "Wall", "LEVEL_ID": "CQ3.L08", "FACILITY_ID": "CQ3", "ELEVATION_RELATIVE": 32.3}}, {"type": "Feature", "geometry": {"type": "LineString", "coordinates": [[-5.92049258, 54.60397862], [-5.92046093, 54.60396555]]}, "properties": {"DETAIL_ID": "CQ3.L08.W52", "USE_TYPE": "Wall", "LEVEL_ID": "CQ3.L08", "FACILITY_ID": "CQ3", "ELEVATION_RELATIVE": 32.3}}, {"type": "Feature", "geometry": {"type": "LineString", "coordinates": [[-5.92049075, 54.60398011], [-5.9204591, 54.60396703]]}, "properties": {"DETAIL_ID": "CQ3.L08.W53", "USE_TYPE": "Wall", "LEVEL_ID": "CQ3.L08", "FACILITY_ID": "CQ3", "ELEVATION_RELATIVE": 32.3}}, {"type": "Feature", "geometry": {"type": "LineString", "coordinates": [[-5.92056912, 54.60401025], [-5.92053737, 54.60399713]]}, "properties": {"DETAIL_ID": "CQ3.L08.W54", "USE_TYPE": "Wall", "LEVEL_ID": "CQ3.L08", "FACILITY_ID": "CQ3", "ELEVATION_RELATIVE": 32.3}}, {"type": "Feature", "geometry": {"type": "LineString", "coordinates": [[-5.92056729, 54.60401173], [-5.92053554, 54.60399861]]}, "properties": {"DETAIL_ID": "CQ3.L08.W55", "USE_TYPE": "Wall", "LEVEL_ID": "CQ3.L08", "FACILITY_ID": "CQ3", "ELEVATION_RELATIVE": 32.3}}, {"type": "Feature", "geometry": {"type": "LineString", "coordinates": [[-5.92054106, 54.60403303], [-5.92050931, 54.60401991]]}, "properties": {"DETAIL_ID": "CQ3.L08.W56", "USE_TYPE": "Wall", "LEVEL_ID": "CQ3.L08", "FACILITY_ID": "CQ3", "ELEVATION_RELATIVE": 32.3}}, {"type": "Feature", "geometry": {"type": "LineString", "coordinates": [[-5.92053923, 54.60403452], [-5.92050748, 54.6040214]]}, "properties": {"DETAIL_ID": "CQ3.L08.W57", "USE_TYPE": "Wall", "LEVEL_ID": "CQ3.L08", "FACILITY_ID": "CQ3", "ELEVATION_RELATIVE": 32.3}}, {"type": "Feature", "geometry": {"type": "LineString", "coordinates": [[-5.92031861, 54.60392618], [-5.92030097, 54.60391889]]}, "properties": {"DETAIL_ID": "CQ3.L08.W58", "USE_TYPE": "Wall", "LEVEL_ID": "CQ3.L08", "FACILITY_ID": "CQ3", "ELEVATION_RELATIVE": 32.3}}, {"type": "Feature", "geometry": {"type": "LineString", "coordinates": [[-5.92032044, 54.60392469], [-5.9203028, 54.6039174]]}, "properties": {"DETAIL_ID": "CQ3.L08.W59", "USE_TYPE": "Wall", "LEVEL_ID": "CQ3.L08", "FACILITY_ID": "CQ3", "ELEVATION_RELATIVE": 32.3}}, {"type": "Feature", "geometry": {"type": "LineString", "coordinates": [[-5.92069725, 54.60408262], [-5.92067972, 54.60407537]]}, "properties": {"DETAIL_ID": "CQ3.L08.W60", "USE_TYPE": "Wall", "LEVEL_ID": "CQ3.L08", "FACILITY_ID": "CQ3", "ELEVATION_RELATIVE": 32.3}}, {"type": "Feature", "geometry": {"type": "LineString", "coordinates": [[-5.92069908, 54.60408113], [-5.92068155, 54.60407389]]}, "properties": {"DETAIL_ID": "CQ3.L08.W61", "USE_TYPE": "Wall", "LEVEL_ID": "CQ3.L08", "FACILITY_ID": "CQ3", "ELEVATION_RELATIVE": 32.3}}, {"type": "Feature", "geometry": {"type": "LineString", "coordinates": [[-5.92064954, 54.60406963], [-5.92063318, 54.60406287]]}, "properties": {"DETAIL_ID": "CQ3.L08.W62", "USE_TYPE": "Wall", "LEVEL_ID": "CQ3.L08", "FACILITY_ID": "CQ3", "ELEVATION_RELATIVE": 32.3}}, {"type": "Feature", "geometry": {"type": "LineString", "coordinates": [[-5.92064733, 54.60407143], [-5.92063097, 54.60406467]]}, "properties": {"DETAIL_ID": "CQ3.L08.W63", "USE_TYPE": "Wall", "LEVEL_ID": "CQ3.L08", "FACILITY_ID": "CQ3", "ELEVATION_RELATIVE": 32.3}}, {"type": "Feature", "geometry": {"type": "LineString", "coordinates": [[-5.92064504, 54.60407328], [-5.92062868, 54.60406653]]}, "properties": {"DETAIL_ID": "CQ3.L08.W64", "USE_TYPE": "Wall", "LEVEL_ID": "CQ3.L08", "FACILITY_ID": "CQ3", "ELEVATION_RELATIVE": 32.3}}, {"type": "Feature", "geometry": {"type": "LineString", "coordinates": [[-5.92064283, 54.60407508], [-5.92062647, 54.60406832]]}, "properties": {"DETAIL_ID": "CQ3.L08.W65", "USE_TYPE": "Wall", "LEVEL_ID": "CQ3.L08", "FACILITY_ID": "CQ3", "ELEVATION_RELATIVE": 32.3}}, {"type": "Feature", "geometry": {"type": "LineString", "coordinates": [[-5.92064054, 54.60407694], [-5.92062418, 54.60407018]]}, "properties": {"DETAIL_ID": "CQ3.L08.W66", "USE_TYPE": "Wall", "LEVEL_ID": "CQ3.L08", "FACILITY_ID": "CQ3", "ELEVATION_RELATIVE": 32.3}}, {"type": "Feature", "geometry": {"type": "LineString", "coordinates": [[-5.92063833, 54.60407873], [-5.92062197, 54.60407197]]}, "properties": {"DETAIL_ID": "CQ3.L08.W67", "USE_TYPE": "Wall", "LEVEL_ID": "CQ3.L08", "FACILITY_ID": "CQ3", "ELEVATION_RELATIVE": 32.3}}, {"type": "Feature", "geometry": {"type": "LineString", "coordinates": [[-5.92063604, 54.60408059], [-5.92061968, 54.60407383]]}, "properties": {"DETAIL_ID": "CQ3.L08.W68", "USE_TYPE": "Wall", "LEVEL_ID": "CQ3.L08", "FACILITY_ID": "CQ3", "ELEVATION_RELATIVE": 32.3}}, {"type": "Feature", "geometry": {"type": "LineString", "coordinates": [[-5.92063375, 54.60408245], [-5.9206174, 54.60407569]]}, "properties": {"DETAIL_ID": "CQ3.L08.W69", "USE_TYPE": "Wall", "LEVEL_ID": "CQ3.L08", "FACILITY_ID": "CQ3", "ELEVATION_RELATIVE": 32.3}}, {"type": "Feature", "geometry": {"type": "LineString", "coordinates": [[-5.92063154, 54.60408424], [-5.92061519, 54.60407749]]}, "properties": {"DETAIL_ID": "CQ3.L08.W70", "USE_TYPE": "Wall", "LEVEL_ID": "CQ3.L08", "FACILITY_ID": "CQ3", "ELEVATION_RELATIVE": 32.3}}, {"type": "Feature", "geometry": {"type": "LineString", "coordinates": [[-5.92062925, 54.6040861], [-5.9206129, 54.60407934]]}, "properties": {"DETAIL_ID": "CQ3.L08.W71", "USE_TYPE": "Wall", "LEVEL_ID": "CQ3.L08", "FACILITY_ID": "CQ3", "ELEVATION_RELATIVE": 32.3}}, {"type": "Feature", "geometry": {"type": "LineString", "coordinates": [[-5.9206355, 54.60410578], [-5.92059894, 54.60409067]]}, "properties": {"DETAIL_ID": "CQ3.L08.W72", "USE_TYPE": "Wall", "LEVEL_ID": "CQ3.L08", "FACILITY_ID": "CQ3", "ELEVATION_RELATIVE": 32.3}}, {"type": "Feature", "geometry": {"type": "LineString", "coordinates": [[-5.92062704, 54.6040879], [-5.92061069, 54.60408114]]}, "properties": {"DETAIL_ID": "CQ3.L08.W73", "USE_TYPE": "Wall", "LEVEL_ID": "CQ3.L08", "FACILITY_ID": "CQ3", "ELEVATION_RELATIVE": 32.3}}, {"type": "Feature", "geometry": {"type": "LineString", "coordinates": [[-5.92064725, 54.60409624], [-5.92063089, 54.60408949]]}, "properties": {"DETAIL_ID": "CQ3.L08.W74", "USE_TYPE": "Wall", "LEVEL_ID": "CQ3.L08", "FACILITY_ID": "CQ3", "ELEVATION_RELATIVE": 32.3}}, {"type": "Feature", "geometry": {"type": "LineString", "coordinates": [[-5.92064946, 54.60409445], [-5.9206331, 54.60408769]]}, "properties": {"DETAIL_ID": "CQ3.L08.W75", "USE_TYPE": "Wall", "LEVEL_ID": "CQ3.L08", "FACILITY_ID": "CQ3", "ELEVATION_RELATIVE": 32.3}}, {"type": "Feature", "geometry": {"type": "LineString", "coordinates": [[-5.92065175, 54.60409259], [-5.92063539, 54.60408583]]}, "properties": {"DETAIL_ID": "CQ3.L08.W76", "USE_TYPE": "Wall", "LEVEL_ID": "CQ3.L08", "FACILITY_ID": "CQ3", "ELEVATION_RELATIVE": 32.3}}, {"type": "Feature", "geometry": {"type": "LineString", "coordinates": [[-5.92063325, 54.60409765], [-5.92061305, 54.60408931]]}, "properties": {"DETAIL_ID": "CQ3.L08.W77", "USE_TYPE": "Wall", "LEVEL_ID": "CQ3.L08", "FACILITY_ID": "CQ3", "ELEVATION_RELATIVE": 32.3}}, {"type": "Feature", "geometry": {"type": "LineString", "coordinates": [[-5.92035417, 54.6039476], [-5.92033771, 54.6039408]]}, "properties": {"DETAIL_ID": "CQ3.L08.W78", "USE_TYPE": "Wall", "LEVEL_ID": "CQ3.L08", "FACILITY_ID": "CQ3", "ELEVATION_RELATIVE": 32.3}}, {"type": "Feature", "geometry": {"type": "LineString", "coordinates": [[-5.92035196, 54.60394939], [-5.9203355, 54.60394259]]}, "properties": {"DETAIL_ID": "CQ3.L08.W79", "USE_TYPE": "Wall", "LEVEL_ID": "CQ3.L08", "FACILITY_ID": "CQ3", "ELEVATION_RELATIVE": 32.3}}, {"type": "Feature", "geometry": {"type": "LineString", "coordinates": [[-5.92034967, 54.60395125], [-5.92033321, 54.60394445]]}, "properties": {"DETAIL_ID": "CQ3.L08.W80", "USE_TYPE": "Wall", "LEVEL_ID": "CQ3.L08", "FACILITY_ID": "CQ3", "ELEVATION_RELATIVE": 32.3}}, {"type": "Feature", "geometry": {"type": "LineString", "coordinates": [[-5.92034746, 54.60395305], [-5.920331, 54.60394624]]}, "properties": {"DETAIL_ID": "CQ3.L08.W81", "USE_TYPE": "Wall", "LEVEL_ID": "CQ3.L08", "FACILITY_ID": "CQ3", "ELEVATION_RELATIVE": 32.3}}, {"type": "Feature", "geometry": {"type": "LineString", "coordinates": [[-5.92034517, 54.6039549], [-5.92032871, 54.6039481]]}, "properties": {"DETAIL_ID": "CQ3.L08.W82", "USE_TYPE": "Wall", "LEVEL_ID": "CQ3.L08", "FACILITY_ID": "CQ3", "ELEVATION_RELATIVE": 32.3}}, {"type": "Feature", "geometry": {"type": "LineString", "coordinates": [[-5.92034296, 54.6039567], [-5.9203265, 54.6039499]]}, "properties": {"DETAIL_ID": "CQ3.L08.W83", "USE_TYPE": "Wall", "LEVEL_ID": "CQ3.L08", "FACILITY_ID": "CQ3", "ELEVATION_RELATIVE": 32.3}}, {"type": "Feature", "geometry": {"type": "LineString", "coordinates": [[-5.92034067, 54.60395856], [-5.92032421, 54.60395175]]}, "properties": {"DETAIL_ID": "CQ3.L08.W84", "USE_TYPE": "Wall", "LEVEL_ID": "CQ3.L08", "FACILITY_ID": "CQ3", "ELEVATION_RELATIVE": 32.3}}, {"type": "Feature", "geometry": {"type": "LineString", "coordinates": [[-5.92033839, 54.60396041], [-5.92032192, 54.60395361]]}, "properties": {"DETAIL_ID": "CQ3.L08.W85", "USE_TYPE": "Wall", "LEVEL_ID": "CQ3.L08", "FACILITY_ID": "CQ3", "ELEVATION_RELATIVE": 32.3}}, {"type": "Feature", "geometry": {"type": "LineString", "coordinates": [[-5.92033617, 54.60396221], [-5.92031971, 54.60395541]]}, "properties": {"DETAIL_ID": "CQ3.L08.W86", "USE_TYPE": "Wall", "LEVEL_ID": "CQ3.L08", "FACILITY_ID": "CQ3", "ELEVATION_RELATIVE": 32.3}}, {"type": "Feature", "geometry": {"type": "LineString", "coordinates": [[-5.92033389, 54.60396407], [-5.92031742, 54.60395727]]}, "properties": {"DETAIL_ID": "CQ3.L08.W87", "USE_TYPE": "Wall", "LEVEL_ID": "CQ3.L08", "FACILITY_ID": "CQ3", "ELEVATION_RELATIVE": 32.3}}, {"type": "Feature", "geometry": {"type": "LineString", "coordinates": [[-5.92031993, 54.6039754], [-5.92028327, 54.60396025]]}, "properties": {"DETAIL_ID": "CQ3.L08.W88", "USE_TYPE": "Wall", "LEVEL_ID": "CQ3.L08", "FACILITY_ID": "CQ3", "ELEVATION_RELATIVE": 32.3}}, {"type": "Feature", "geometry": {"type": "LineString", "coordinates": [[-5.92033168, 54.60396586], [-5.92031521, 54.60395906]]}, "properties": {"DETAIL_ID": "CQ3.L08.W89", "USE_TYPE": "Wall", "LEVEL_ID": "CQ3.L08", "FACILITY_ID": "CQ3", "ELEVATION_RELATIVE": 32.3}}, {"type": "Feature", "geometry": {"type": "LineString", "coordinates": [[-5.92031147, 54.60395752], [-5.92029501, 54.60395071]]}, "properties": {"DETAIL_ID": "CQ3.L08.W90", "USE_TYPE": "Wall", "LEVEL_ID": "CQ3.L08", "FACILITY_ID": "CQ3", "ELEVATION_RELATIVE": 32.3}}, {"type": "Feature", "geometry": {"type": "LineString", "coordinates": [[-5.92031368, 54.60395572], [-5.92029722, 54.60394892]]}, "properties": {"DETAIL_ID": "CQ3.L08.W91", "USE_TYPE": "Wall", "LEVEL_ID": "CQ3.L08", "FACILITY_ID": "CQ3", "ELEVATION_RELATIVE": 32.3}}, {"type": "Feature", "geometry": {"type": "LineString", "coordinates": [[-5.92031597, 54.60395386], [-5.92029951, 54.60394706]]}, "properties": {"DETAIL_ID": "CQ3.L08.W92", "USE_TYPE": "Wall", "LEVEL_ID": "CQ3.L08", "FACILITY_ID": "CQ3", "ELEVATION_RELATIVE": 32.3}}, {"type": "Feature", "geometry": {"type": "LineString", "coordinates": [[-5.92031757, 54.60396723], [-5.92029737, 54.60395888]]}, "properties": {"DETAIL_ID": "CQ3.L08.W93", "USE_TYPE": "Wall", "LEVEL_ID": "CQ3.L08", "FACILITY_ID": "CQ3", "ELEVATION_RELATIVE": 32.3}}, {"type": "Feature", "geometry": {"type": "LineString", "coordinates": [[-5.92063538, 54.60410515], [-5.92060003, 54.60409054]]}, "properties": {"DETAIL_ID": "CQ3.L08.W94", "USE_TYPE": "Wall", "LEVEL_ID": "CQ3.L08", "FACILITY_ID": "CQ3", "ELEVATION_RELATIVE": 32.3}}, {"type": "Feature", "geometry": {"type": "LineString", "coordinates": [[-5.9206352, 54.60410452], [-5.92060111, 54.60409044]]}, "properties": {"DETAIL_ID": "CQ3.L08.W95", "USE_TYPE": "Wall", "LEVEL_ID": "CQ3.L08", "FACILITY_ID": "CQ3", "ELEVATION_RELATIVE": 32.3}}, {"type": "Feature", "geometry": {"type": "LineString", "coordinates": [[-5.92031973, 54.60397473], [-5.92028438, 54.60396013]]}, "properties": {"DETAIL_ID": "CQ3.L08.W96", "USE_TYPE": "Wall", "LEVEL_ID": "CQ3.L08", "FACILITY_ID": "CQ3", "ELEVATION_RELATIVE": 32.3}}, {"type": "Feature", "geometry": {"type": "LineString", "coordinates": [[-5.92031955, 54.60397411], [-5.92028546, 54.60396002]]}, "properties": {"DETAIL_ID": "CQ3.L08.W97", "USE_TYPE": "Wall", "LEVEL_ID": "CQ3.L08", "FACILITY_ID": "CQ3", "ELEVATION_RELATIVE": 32.3}}, {"type": "Feature", "geometry": {"type": "LineString", "coordinates": [[-5.92039387, 54.6039058], [-5.92036437, 54.60389361]]}, "properties": {"DETAIL_ID": "CQ3.L08.W98", "USE_TYPE": "Wall", "LEVEL_ID": "CQ3.L08", "FACILITY_ID": "CQ3", "ELEVATION_RELATIVE": 32.3}}, {"type": "Feature", "geometry": {"type": "LineString", "coordinates": [[-5.92036062, 54.60389206], [-5.92034544, 54.60388579]]}, "properties": {"DETAIL_ID": "CQ3.L08.W99", "USE_TYPE": "Wall", "LEVEL_ID": "CQ3.L08", "FACILITY_ID": "CQ3", "ELEVATION_RELATIVE": 32.3}}, {"type": "Feature", "geometry": {"type": "LineString", "coordinates": [[-5.92040937, 54.60390893], [-5.92034437, 54.60388208]]}, "properties": {"DETAIL_ID": "CQ3.L08.W100", "USE_TYPE": "Wall", "LEVEL_ID": "CQ3.L08", "FACILITY_ID": "CQ3", "ELEVATION_RELATIVE": 32.3}}, {"type": "Feature", "geometry": {"type": "LineString", "coordinates": [[-5.92051873, 54.60395738], [-5.92048709, 54.60394431]]}, "properties": {"DETAIL_ID": "CQ3.L08.W101", "USE_TYPE": "Wall", "LEVEL_ID": "CQ3.L08", "FACILITY_ID": "CQ3", "ELEVATION_RELATIVE": 32.3}}, {"type": "Feature", "geometry": {"type": "LineString", "coordinates": [[-5.92048324, 54.60394272], [-5.9204299, 54.60392068]]}, "properties": {"DETAIL_ID": "CQ3.L08.W102", "USE_TYPE": "Wall", "LEVEL_ID": "CQ3.L08", "FACILITY_ID": "CQ3", "ELEVATION_RELATIVE": 32.3}}, {"type": "Feature", "geometry": {"type": "LineString", "coordinates": [[-5.92052514, 54.60395676], [-5.92043256, 54.60391851]]}, "properties": {"DETAIL_ID": "CQ3.L08.W103", "USE_TYPE": "Wall", "LEVEL_ID": "CQ3.L08", "FACILITY_ID": "CQ3", "ELEVATION_RELATIVE": 32.3}}, {"type": "Feature", "geometry": {"type": "LineString", "coordinates": [[-5.92065236, 54.60401259], [-5.92059901, 54.60399055]]}, "properties": {"DETAIL_ID": "CQ3.L08.W104", "USE_TYPE": "Wall", "LEVEL_ID": "CQ3.L08", "FACILITY_ID": "CQ3", "ELEVATION_RELATIVE": 32.3}}, {"type": "Feature", "geometry": {"type": "LineString", "coordinates": [[-5.92059527, 54.60398901], [-5.92056352, 54.60397589]]}, "properties": {"DETAIL_ID": "CQ3.L08.W105", "USE_TYPE": "Wall", "LEVEL_ID": "CQ3.L08", "FACILITY_ID": "CQ3", "ELEVATION_RELATIVE": 32.3}}, {"type": "Feature", "geometry": {"type": "LineString", "coordinates": [[-5.92065503, 54.60401042], [-5.92056245, 54.60397218]]}, "properties": {"DETAIL_ID": "CQ3.L08.W106", "USE_TYPE": "Wall", "LEVEL_ID": "CQ3.L08", "FACILITY_ID": "CQ3", "ELEVATION_RELATIVE": 32.3}}, {"type": "Feature", "geometry": {"type": "LineString", "coordinates": [[-5.92073681, 54.60404748], [-5.92072174, 54.60404126]]}, "properties": {"DETAIL_ID": "CQ3.L08.W107", "USE_TYPE": "Wall", "LEVEL_ID": "CQ3.L08", "FACILITY_ID": "CQ3", "ELEVATION_RELATIVE": 32.3}}, {"type": "Feature", "geometry": {"type": "LineString", "coordinates": [[-5.92071789, 54.60403967], [-5.92067566, 54.60402222]]}, "properties": {"DETAIL_ID": "CQ3.L08.W108", "USE_TYPE": "Wall", "LEVEL_ID": "CQ3.L08", "FACILITY_ID": "CQ3", "ELEVATION_RELATIVE": 32.3}}, {"type": "Feature", "geometry": {"type": "LineString", "coordinates": [[-5.92074333, 54.60404691], [-5.92067833, 54.60402005]]}, "properties": {"DETAIL_ID": "CQ3.L08.W109", "USE_TYPE": "Wall", "LEVEL_ID": "CQ3.L08", "FACILITY_ID": "CQ3", "ELEVATION_RELATIVE": 32.3}}, {"type": "Feature", "geometry": {"type": "LineString", "coordinates": [[-5.92063569, 54.60410642], [-5.92059784, 54.60409078]]}, "properties": {"DETAIL_ID": "CQ3.L08.W110", "USE_TYPE": "Wall", "LEVEL_ID": "CQ3.L08", "FACILITY_ID": "CQ3", "ELEVATION_RELATIVE": 32.3}}, {"type": "Feature", "geometry": {"type": "LineString", "coordinates": [[-5.92065461, 54.60411423], [-5.92063954, 54.60410801]]}, "properties": {"DETAIL_ID": "CQ3.L08.W111", "USE_TYPE": "Wall", "LEVEL_ID": "CQ3.L08", "FACILITY_ID": "CQ3", "ELEVATION_RELATIVE": 32.3}}, {"type": "Feature", "geometry": {"type": "LineString", "coordinates": [[-5.92065579, 54.60411799], [-5.92059133, 54.60409136]]}, "properties": {"DETAIL_ID": "CQ3.L08.W112", "USE_TYPE": "Wall", "LEVEL_ID": "CQ3.L08", "FACILITY_ID": "CQ3", "ELEVATION_RELATIVE": 32.3}}, {"type": "Feature", "geometry": {"type": "LineString", "coordinates": [[-5.92040104, 54.60400947], [-5.92034834, 54.6039877]]}, "properties": {"DETAIL_ID": "CQ3.L08.W113", "USE_TYPE": "Wall", "LEVEL_ID": "CQ3.L08", "FACILITY_ID": "CQ3", "ELEVATION_RELATIVE": 32.3}}, {"type": "Feature", "geometry": {"type": "LineString", "coordinates": [[-5.92043653, 54.60402413], [-5.92040489, 54.60401106]]}, "properties": {"DETAIL_ID": "CQ3.L08.W114", "USE_TYPE": "Wall", "LEVEL_ID": "CQ3.L08", "FACILITY_ID": "CQ3", "ELEVATION_RELATIVE": 32.3}}, {"type": "Feature", "geometry": {"type": "LineString", "coordinates": [[-5.9204376, 54.60402785], [-5.92034567, 54.60398986]]}, "properties": {"DETAIL_ID": "CQ3.L08.W115", "USE_TYPE": "Wall", "LEVEL_ID": "CQ3.L08", "FACILITY_ID": "CQ3", "ELEVATION_RELATIVE": 32.3}}, {"type": "Feature", "geometry": {"type": "LineString", "coordinates": [[-5.92027842, 54.60395881], [-5.92026325, 54.60395254]]}, "properties": {"DETAIL_ID": "CQ3.L08.W116", "USE_TYPE": "Wall", "LEVEL_ID": "CQ3.L08", "FACILITY_ID": "CQ3", "ELEVATION_RELATIVE": 32.3}}, {"type": "Feature", "geometry": {"type": "LineString", "coordinates": [[-5.92032001, 54.60397599], [-5.92028217, 54.60396036]]}, "properties": {"DETAIL_ID": "CQ3.L08.W117", "USE_TYPE": "Wall", "LEVEL_ID": "CQ3.L08", "FACILITY_ID": "CQ3", "ELEVATION_RELATIVE": 32.3}}, {"type": "Feature", "geometry": {"type": "LineString", "coordinates": [[-5.92032119, 54.60397975], [-5.92025683, 54.60395316]]}, "properties": {"DETAIL_ID": "CQ3.L08.W118", "USE_TYPE": "Wall", "LEVEL_ID": "CQ3.L08", "FACILITY_ID": "CQ3", "ELEVATION_RELATIVE": 32.3}}, {"type": "Feature", "geometry": {"type": "LineString", "coordinates": [[-5.9203876, 54.60392582], [-5.92034591, 54.60390859]]}, "properties": {"DETAIL_ID": "CQ3.L08.W119", "USE_TYPE": "Wall", "LEVEL_ID": "CQ3.L08", "FACILITY_ID": "CQ3", "ELEVATION_RELATIVE": 32.3}}, {"type": "Feature", "geometry": {"type": "LineString", "coordinates": [[-5.92038101, 54.60392646], [-5.92034317, 54.60391082]]}, "properties": {"DETAIL_ID": "CQ3.L08.W120", "USE_TYPE": "Wall", "LEVEL_ID": "CQ3.L08", "FACILITY_ID": "CQ3", "ELEVATION_RELATIVE": 32.3}}, {"type": "Feature", "geometry": {"type": "LineString", "coordinates": [[-5.92069669, 54.60405688], [-5.92065885, 54.60404124]]}, "properties": {"DETAIL_ID": "CQ3.L08.W121", "USE_TYPE": "Wall", "LEVEL_ID": "CQ3.L08", "FACILITY_ID": "CQ3", "ELEVATION_RELATIVE": 32.3}}, {"type": "Feature", "geometry": {"type": "LineString", "coordinates": [[-5.92069943, 54.60405465], [-5.92065774, 54.60403743]]}, "properties": {"DETAIL_ID": "CQ3.L08.W122", "USE_TYPE": "Wall", "LEVEL_ID": "CQ3.L08", "FACILITY_ID": "CQ3", "ELEVATION_RELATIVE": 32.3}}, {"type": "Feature", "geometry": {"type": "LineString", "coordinates": [[-5.92051307, 54.60405576], [-5.92048132, 54.60404264]]}, "properties": {"DETAIL_ID": "CQ3.L08.W123", "USE_TYPE": "Wall", "LEVEL_ID": "CQ3.L08", "FACILITY_ID": "CQ3", "ELEVATION_RELATIVE": 32.3}}, {"type": "Feature", "geometry": {"type": "LineString", "coordinates": [[-5.92056952, 54.60407908], [-5.92051681, 54.6040573]]}, "properties": {"DETAIL_ID": "CQ3.L08.W124", "USE_TYPE": "Wall", "LEVEL_ID": "CQ3.L08", "FACILITY_ID": "CQ3", "ELEVATION_RELATIVE": 32.3}}, {"type": "Feature", "geometry": {"type": "LineString", "coordinates": [[-5.92056685, 54.60408124], [-5.92047491, 54.60404326]]}, "properties": {"DETAIL_ID": "CQ3.L08.W125", "USE_TYPE": "Wall", "LEVEL_ID": "CQ3.L08", "FACILITY_ID": "CQ3", "ELEVATION_RELATIVE": 32.3}}, {"type": "Feature", "geometry": {"type": "LineString", "coordinates": [[-5.92059894, 54.60409067], [-5.92061069, 54.60408114]]}, "properties": {"DETAIL_ID": "CQ3.L09.W0", "USE_TYPE": "Wall", "LEVEL_ID": "CQ3.L09", "FACILITY_ID": "CQ3", "ELEVATION_RELATIVE": 36.2}}, {"type": "Feature", "geometry": {"type": "LineString", "coordinates": [[-5.9206355, 54.60410578], [-5.92064725, 54.60409624]]}, "properties": {"DETAIL_ID": "CQ3.L09.W1", "USE_TYPE": "Wall", "LEVEL_ID": "CQ3.L09", "FACILITY_ID": "CQ3", "ELEVATION_RELATIVE": 36.2}}, {"type": "Feature", "geometry": {"type": "LineString", "coordinates": [[-5.92061305, 54.60408931], [-5.92064141, 54.60406627]]}, "properties": {"DETAIL_ID": "CQ3.L09.W2", "USE_TYPE": "Wall", "LEVEL_ID": "CQ3.L09", "FACILITY_ID": "CQ3", "ELEVATION_RELATIVE": 36.2}}, {"type": "Feature", "geometry": {"type": "LineString", "coordinates": [[-5.92063325, 54.60409765], [-5.92064652, 54.60408688]]}, "properties": {"DETAIL_ID": "CQ3.L09.W3", "USE_TYPE": "Wall", "LEVEL_ID": "CQ3.L09", "FACILITY_ID": "CQ3", "ELEVATION_RELATIVE": 36.2}}, {"type": "Feature", "geometry": {"type": "LineString", "coordinates": [[-5.92031993, 54.6039754], [-5.92033168, 54.60396586]]}, "properties": {"DETAIL_ID": "CQ3.L09.W4", "USE_TYPE": "Wall", "LEVEL_ID": "CQ3.L09", "FACILITY_ID": "CQ3", "ELEVATION_RELATIVE": 36.2}}, {"type": "Feature", "geometry": {"type": "LineString", "coordinates": [[-5.92028327, 54.60396025], [-5.92029501, 54.60395071]]}, "properties": {"DETAIL_ID": "CQ3.L09.W5", "USE_TYPE": "Wall", "LEVEL_ID": "CQ3.L09", "FACILITY_ID": "CQ3", "ELEVATION_RELATIVE": 36.2}}, {"type": "Feature", "geometry": {"type": "LineString", "coordinates": [[-5.92031757, 54.60396723], [-5.92034594, 54.6039442]]}, "properties": {"DETAIL_ID": "CQ3.L09.W6", "USE_TYPE": "Wall", "LEVEL_ID": "CQ3.L09", "FACILITY_ID": "CQ3", "ELEVATION_RELATIVE": 36.2}}, {"type": "Feature", "geometry": {"type": "LineString", "coordinates": [[-5.92029737, 54.60395888], [-5.92031064, 54.60394811]]}, "properties": {"DETAIL_ID": "CQ3.L09.W7", "USE_TYPE": "Wall", "LEVEL_ID": "CQ3.L09", "FACILITY_ID": "CQ3", "ELEVATION_RELATIVE": 36.2}}, {"type": "Feature", "geometry": {"type": "LineString", "coordinates": [[-5.92063538, 54.60410515], [-5.92067411, 54.6040737]]}, "properties": {"DETAIL_ID": "CQ3.L09.W8", "USE_TYPE": "Wall", "LEVEL_ID": "CQ3.L09", "FACILITY_ID": "CQ3", "ELEVATION_RELATIVE": 36.2}}, {"type": "Feature", "geometry": {"type": "LineString", "coordinates": [[-5.92060003, 54.60409054], [-5.9206365, 54.60406092]]}, "properties": {"DETAIL_ID": "CQ3.L09.W9", "USE_TYPE": "Wall", "LEVEL_ID": "CQ3.L09", "FACILITY_ID": "CQ3", "ELEVATION_RELATIVE": 36.2}}, {"type": "Feature", "geometry": {"type": "LineString", "coordinates": [[-5.92060111, 54.60409044], [-5.92063713, 54.60406118]]}, "properties": {"DETAIL_ID": "CQ3.L09.W10", "USE_TYPE": "Wall", "LEVEL_ID": "CQ3.L09", "FACILITY_ID": "CQ3", "ELEVATION_RELATIVE": 36.2}}, {"type": "Feature", "geometry": {"type": "LineString", "coordinates": [[-5.9206352, 54.60410452], [-5.92067348, 54.60407344]]}, "properties": {"DETAIL_ID": "CQ3.L09.W11", "USE_TYPE": "Wall", "LEVEL_ID": "CQ3.L09", "FACILITY_ID": "CQ3", "ELEVATION_RELATIVE": 36.2}}, {"type": "Feature", "geometry": {"type": "LineString", "coordinates": [[-5.92028438, 54.60396013], [-5.9203231, 54.60392868]]}, "properties": {"DETAIL_ID": "CQ3.L09.W12", "USE_TYPE": "Wall", "LEVEL_ID": "CQ3.L09", "FACILITY_ID": "CQ3", "ELEVATION_RELATIVE": 36.2}}, {"type": "Feature", "geometry": {"type": "LineString", "coordinates": [[-5.92031973, 54.60397473], [-5.9203562, 54.60394511]]}, "properties": {"DETAIL_ID": "CQ3.L09.W13", "USE_TYPE": "Wall", "LEVEL_ID": "CQ3.L09", "FACILITY_ID": "CQ3", "ELEVATION_RELATIVE": 36.2}}, {"type": "Feature", "geometry": {"type": "LineString", "coordinates": [[-5.92031955, 54.60397411], [-5.92035557, 54.60394485]]}, "properties": {"DETAIL_ID": "CQ3.L09.W14", "USE_TYPE": "Wall", "LEVEL_ID": "CQ3.L09", "FACILITY_ID": "CQ3", "ELEVATION_RELATIVE": 36.2}}, {"type": "Feature", "geometry": {"type": "LineString", "coordinates": [[-5.92028546, 54.60396002], [-5.92032373, 54.60392894]]}, "properties": {"DETAIL_ID": "CQ3.L09.W15", "USE_TYPE": "Wall", "LEVEL_ID": "CQ3.L09", "FACILITY_ID": "CQ3", "ELEVATION_RELATIVE": 36.2}}, {"type": "Feature", "geometry": {"type": "LineString", "coordinates": [[-5.92027842, 54.60395881], [-5.92031861, 54.60392618]]}, "properties": {"DETAIL_ID": "CQ3.L09.W16", "USE_TYPE": "Wall", "LEVEL_ID": "CQ3.L09", "FACILITY_ID": "CQ3", "ELEVATION_RELATIVE": 36.2}}, {"type": "Feature", "geometry": {"type": "LineString", "coordinates": [[-5.92032044, 54.60392469], [-5.92036062, 54.60389206]]}, "properties": {"DETAIL_ID": "CQ3.L09.W17", "USE_TYPE": "Wall", "LEVEL_ID": "CQ3.L09", "FACILITY_ID": "CQ3", "ELEVATION_RELATIVE": 36.2}}, {"type": "Feature", "geometry": {"type": "LineString", "coordinates": [[-5.92028217, 54.60396036], [-5.92034317, 54.60391082]]}, "properties": {"DETAIL_ID": "CQ3.L09.W18", "USE_TYPE": "Wall", "LEVEL_ID": "CQ3.L09", "FACILITY_ID": "CQ3", "ELEVATION_RELATIVE": 36.2}}, {"type": "Feature", "geometry": {"type": "LineString", "coordinates": [[-5.92034591, 54.60390859], [-5.92036437, 54.60389361]]}, "properties": {"DETAIL_ID": "CQ3.L09.W19", "USE_TYPE": "Wall", "LEVEL_ID": "CQ3.L09", "FACILITY_ID": "CQ3", "ELEVATION_RELATIVE": 36.2}}, {"type": "Feature", "geometry": {"type": "LineString", "coordinates": [[-5.92068155, 54.60407389], [-5.92072174, 54.60404126]]}, "properties": {"DETAIL_ID": "CQ3.L09.W20", "USE_TYPE": "Wall", "LEVEL_ID": "CQ3.L09", "FACILITY_ID": "CQ3", "ELEVATION_RELATIVE": 36.2}}, {"type": "Feature", "geometry": {"type": "LineString", "coordinates": [[-5.92063954, 54.60410801], [-5.92067972, 54.60407537]]}, "properties": {"DETAIL_ID": "CQ3.L09.W21", "USE_TYPE": "Wall", "LEVEL_ID": "CQ3.L09", "FACILITY_ID": "CQ3", "ELEVATION_RELATIVE": 36.2}}, {"type": "Feature", "geometry": {"type": "LineString", "coordinates": [[-5.92069943, 54.60405465], [-5.92071789, 54.60403967]]}, "properties": {"DETAIL_ID": "CQ3.L09.W22", "USE_TYPE": "Wall", "LEVEL_ID": "CQ3.L09", "FACILITY_ID": "CQ3", "ELEVATION_RELATIVE": 36.2}}, {"type": "Feature", "geometry": {"type": "LineString", "coordinates": [[-5.92063569, 54.60410642], [-5.92069669, 54.60405688]]}, "properties": {"DETAIL_ID": "CQ3.L09.W23", "USE_TYPE": "Wall", "LEVEL_ID": "CQ3.L09", "FACILITY_ID": "CQ3", "ELEVATION_RELATIVE": 36.2}}, {"type": "Feature", "geometry": {"type": "LineString", "coordinates": [[-5.92032001, 54.60397599], [-5.92036629, 54.60393841]]}, "properties": {"DETAIL_ID": "CQ3.L09.W24", "USE_TYPE": "Wall", "LEVEL_ID": "CQ3.L09", "FACILITY_ID": "CQ3", "ELEVATION_RELATIVE": 36.2}}, {"type": "Feature", "geometry": {"type": "LineString", "coordinates": [[-5.92032119, 54.60397975], [-5.92037014, 54.60394]]}, "properties": {"DETAIL_ID": "CQ3.L09.W25", "USE_TYPE": "Wall", "LEVEL_ID": "CQ3.L09", "FACILITY_ID": "CQ3", "ELEVATION_RELATIVE": 36.2}}, {"type": "Feature", "geometry": {"type": "LineString", "coordinates": [[-5.92059133, 54.60409136], [-5.92064028, 54.60405161]]}, "properties": {"DETAIL_ID": "CQ3.L09.W26", "USE_TYPE": "Wall", "LEVEL_ID": "CQ3.L09", "FACILITY_ID": "CQ3", "ELEVATION_RELATIVE": 36.2}}, {"type": "Feature", "geometry": {"type": "LineString", "coordinates": [[-5.92059784, 54.60409078], [-5.92064413, 54.6040532]]}, "properties": {"DETAIL_ID": "CQ3.L09.W27", "USE_TYPE": "Wall", "LEVEL_ID": "CQ3.L09", "FACILITY_ID": "CQ3", "ELEVATION_RELATIVE": 36.2}}, {"type": "Feature", "geometry": {"type": "LineString", "coordinates": [[-5.92055261, 54.60398016], [-5.92056245, 54.60397218]]}, "properties": {"DETAIL_ID": "CQ3.L09.W28", "USE_TYPE": "Wall", "LEVEL_ID": "CQ3.L09", "FACILITY_ID": "CQ3", "ELEVATION_RELATIVE": 36.2}}, {"type": "Feature", "geometry": {"type": "LineString", "coordinates": [[-5.92052409, 54.60400332], [-5.92054095, 54.60398964]]}, "properties": {"DETAIL_ID": "CQ3.L09.W29", "USE_TYPE": "Wall", "LEVEL_ID": "CQ3.L09", "FACILITY_ID": "CQ3", "ELEVATION_RELATIVE": 36.2}}, {"type": "Feature", "geometry": {"type": "LineString", "coordinates": [[-5.92049596, 54.60402617], [-5.92051327, 54.60401211]]}, "properties": {"DETAIL_ID": "CQ3.L09.W30", "USE_TYPE": "Wall", "LEVEL_ID": "CQ3.L09", "FACILITY_ID": "CQ3", "ELEVATION_RELATIVE": 36.2}}, {"type": "Feature", "geometry": {"type": "LineString", "coordinates": [[-5.92047491, 54.60404326], [-5.92048521, 54.6040349]]}, "properties": {"DETAIL_ID": "CQ3.L09.W31", "USE_TYPE": "Wall", "LEVEL_ID": "CQ3.L09", "FACILITY_ID": "CQ3", "ELEVATION_RELATIVE": 36.2}}, {"type": "Feature", "geometry": {"type": "LineString", "coordinates": [[-5.9204376, 54.60402785], [-5.9204479, 54.60401949]]}, "properties": {"DETAIL_ID": "CQ3.L09.W32", "USE_TYPE": "Wall", "LEVEL_ID": "CQ3.L09", "FACILITY_ID": "CQ3", "ELEVATION_RELATIVE": 36.2}}, {"type": "Feature", "geometry": {"type": "LineString", "coordinates": [[-5.92045865, 54.60401076], [-5.92047596, 54.6039967]]}, "properties": {"DETAIL_ID": "CQ3.L09.W33", "USE_TYPE": "Wall", "LEVEL_ID": "CQ3.L09", "FACILITY_ID": "CQ3", "ELEVATION_RELATIVE": 36.2}}, {"type": "Feature", "geometry": {"type": "LineString", "coordinates": [[-5.92048679, 54.60398791], [-5.92050364, 54.60397422]]}, "properties": {"DETAIL_ID": "CQ3.L09.W34", "USE_TYPE": "Wall", "LEVEL_ID": "CQ3.L09", "FACILITY_ID": "CQ3", "ELEVATION_RELATIVE": 36.2}}, {"type": "Feature", "geometry": {"type": "LineString", "coordinates": [[-5.9205153, 54.60396475], [-5.92052514, 54.60395676]]}, "properties": {"DETAIL_ID": "CQ3.L09.W35", "USE_TYPE": "Wall", "LEVEL_ID": "CQ3.L09", "FACILITY_ID": "CQ3", "ELEVATION_RELATIVE": 36.2}}, {"type": "Feature", "geometry": {"type": "LineString", "coordinates": [[-5.92040104, 54.60400947], [-5.92046486, 54.60395764]]}, "properties": {"DETAIL_ID": "CQ3.L09.W36", "USE_TYPE": "Wall", "LEVEL_ID": "CQ3.L09", "FACILITY_ID": "CQ3", "ELEVATION_RELATIVE": 36.2}}, {"type": "Feature", "geometry": {"type": "LineString", "coordinates": [[-5.92040489, 54.60401106], [-5.92043104, 54.60398982]]}, "properties": {"DETAIL_ID": "CQ3.L09.W37", "USE_TYPE": "Wall", "LEVEL_ID": "CQ3.L09", "FACILITY_ID": "CQ3", "ELEVATION_RELATIVE": 36.2}}, {"type": "Feature", "geometry": {"type": "LineString", "coordinates": [[-5.92043287, 54.60398833], [-5.9204591, 54.60396703]]}, "properties": {"DETAIL_ID": "CQ3.L09.W38", "USE_TYPE": "Wall", "LEVEL_ID": "CQ3.L09", "FACILITY_ID": "CQ3", "ELEVATION_RELATIVE": 36.2}}, {"type": "Feature", "geometry": {"type": "LineString", "coordinates": [[-5.92051681, 54.6040573], [-5.92058064, 54.60400548]]}, "properties": {"DETAIL_ID": "CQ3.L09.W39", "USE_TYPE": "Wall", "LEVEL_ID": "CQ3.L09", "FACILITY_ID": "CQ3", "ELEVATION_RELATIVE": 36.2}}, {"type": "Feature", "geometry": {"type": "LineString", "coordinates": [[-5.92054106, 54.60403303], [-5.92056729, 54.60401173]]}, "properties": {"DETAIL_ID": "CQ3.L09.W40", "USE_TYPE": "Wall", "LEVEL_ID": "CQ3.L09", "FACILITY_ID": "CQ3", "ELEVATION_RELATIVE": 36.2}}, {"type": "Feature", "geometry": {"type": "LineString", "coordinates": [[-5.92051307, 54.60405576], [-5.92053923, 54.60403452]]}, "properties": {"DETAIL_ID": "CQ3.L09.W41", "USE_TYPE": "Wall", "LEVEL_ID": "CQ3.L09", "FACILITY_ID": "CQ3", "ELEVATION_RELATIVE": 36.2}}, {"type": "Feature", "geometry": {"type": "LineString", "coordinates": [[-5.92039577, 54.60377515], [-5.9203834, 54.60377004]]}, "properties": {"DETAIL_ID": "CQ3.L09.W42", "USE_TYPE": "Wall", "LEVEL_ID": "CQ3.L09", "FACILITY_ID": "CQ3", "ELEVATION_RELATIVE": 36.2}}, {"type": "Feature", "geometry": {"type": "LineString", "coordinates": [[-5.920396, 54.60377497], [-5.92038363, 54.60376985]]}, "properties": {"DETAIL_ID": "CQ3.L09.W43", "USE_TYPE": "Wall", "LEVEL_ID": "CQ3.L09", "FACILITY_ID": "CQ3", "ELEVATION_RELATIVE": 36.2}}, {"type": "Feature", "geometry": {"type": "LineString", "coordinates": [[-5.92046452, 54.60400141], [-5.92043287, 54.60398833]]}, "properties": {"DETAIL_ID": "CQ3.L09.W44", "USE_TYPE": "Wall", "LEVEL_ID": "CQ3.L09", "FACILITY_ID": "CQ3", "ELEVATION_RELATIVE": 36.2}}, {"type": "Feature", "geometry": {"type": "LineString", "coordinates": [[-5.92046269, 54.60400289], [-5.92043104, 54.60398982]]}, "properties": {"DETAIL_ID": "CQ3.L09.W45", "USE_TYPE": "Wall", "LEVEL_ID": "CQ3.L09", "FACILITY_ID": "CQ3", "ELEVATION_RELATIVE": 36.2}}, {"type": "Feature", "geometry": {"type": "LineString", "coordinates": [[-5.92049258, 54.60397862], [-5.92046093, 54.60396555]]}, "properties": {"DETAIL_ID": "CQ3.L09.W46", "USE_TYPE": "Wall", "LEVEL_ID": "CQ3.L09", "FACILITY_ID": "CQ3", "ELEVATION_RELATIVE": 36.2}}, {"type": "Feature", "geometry": {"type": "LineString", "coordinates": [[-5.92049075, 54.60398011], [-5.9204591, 54.60396703]]}, "properties": {"DETAIL_ID": "CQ3.L09.W47", "USE_TYPE": "Wall", "LEVEL_ID": "CQ3.L09", "FACILITY_ID": "CQ3", "ELEVATION_RELATIVE": 36.2}}, {"type": "Feature", "geometry": {"type": "LineString", "coordinates": [[-5.92056912, 54.60401025], [-5.92053737, 54.60399713]]}, "properties": {"DETAIL_ID": "CQ3.L09.W48", "USE_TYPE": "Wall", "LEVEL_ID": "CQ3.L09", "FACILITY_ID": "CQ3", "ELEVATION_RELATIVE": 36.2}}, {"type": "Feature", "geometry": {"type": "LineString", "coordinates": [[-5.92056729, 54.60401173], [-5.92053554, 54.60399861]]}, "properties": {"DETAIL_ID": "CQ3.L09.W49", "USE_TYPE": "Wall", "LEVEL_ID": "CQ3.L09", "FACILITY_ID": "CQ3", "ELEVATION_RELATIVE": 36.2}}, {"type": "Feature", "geometry": {"type": "LineString", "coordinates": [[-5.92054106, 54.60403303], [-5.92050931, 54.60401991]]}, "properties": {"DETAIL_ID": "CQ3.L09.W50", "USE_TYPE": "Wall", "LEVEL_ID": "CQ3.L09", "FACILITY_ID": "CQ3", "ELEVATION_RELATIVE": 36.2}}, {"type": "Feature", "geometry": {"type": "LineString", "coordinates": [[-5.92053923, 54.60403452], [-5.92050748, 54.6040214]]}, "properties": {"DETAIL_ID": "CQ3.L09.W51", "USE_TYPE": "Wall", "LEVEL_ID": "CQ3.L09", "FACILITY_ID": "CQ3", "ELEVATION_RELATIVE": 36.2}}, {"type": "Feature", "geometry": {"type": "LineString", "coordinates": [[-5.92031861, 54.60392618], [-5.92030097, 54.60391889]]}, "properties": {"DETAIL_ID": "CQ3.L09.W52", "USE_TYPE": "Wall", "LEVEL_ID": "CQ3.L09", "FACILITY_ID": "CQ3", "ELEVATION_RELATIVE": 36.2}}, {"type": "Feature", "geometry": {"type": "LineString", "coordinates": [[-5.92032044, 54.60392469], [-5.9203028, 54.6039174]]}, "properties": {"DETAIL_ID": "CQ3.L09.W53", "USE_TYPE": "Wall", "LEVEL_ID": "CQ3.L09", "FACILITY_ID": "CQ3", "ELEVATION_RELATIVE": 36.2}}, {"type": "Feature", "geometry": {"type": "LineString", "coordinates": [[-5.92069725, 54.60408262], [-5.92067972, 54.60407537]]}, "properties": {"DETAIL_ID": "CQ3.L09.W54", "USE_TYPE": "Wall", "LEVEL_ID": "CQ3.L09", "FACILITY_ID": "CQ3", "ELEVATION_RELATIVE": 36.2}}, {"type": "Feature", "geometry": {"type": "LineString", "coordinates": [[-5.92069908, 54.60408113], [-5.92068155, 54.60407389]]}, "properties": {"DETAIL_ID": "CQ3.L09.W55", "USE_TYPE": "Wall", "LEVEL_ID": "CQ3.L09", "FACILITY_ID": "CQ3", "ELEVATION_RELATIVE": 36.2}}, {"type": "Feature", "geometry": {"type": "LineString", "coordinates": [[-5.92064954, 54.60406963], [-5.92063318, 54.60406287]]}, "properties": {"DETAIL_ID": "CQ3.L09.W56", "USE_TYPE": "Wall", "LEVEL_ID": "CQ3.L09", "FACILITY_ID": "CQ3", "ELEVATION_RELATIVE": 36.2}}, {"type": "Feature", "geometry": {"type": "LineString", "coordinates": [[-5.92064733, 54.60407143], [-5.92063097, 54.60406467]]}, "properties": {"DETAIL_ID": "CQ3.L09.W57", "USE_TYPE": "Wall", "LEVEL_ID": "CQ3.L09", "FACILITY_ID": "CQ3", "ELEVATION_RELATIVE": 36.2}}, {"type": "Feature", "geometry": {"type": "LineString", "coordinates": [[-5.92064504, 54.60407328], [-5.92062868, 54.60406653]]}, "properties": {"DETAIL_ID": "CQ3.L09.W58", "USE_TYPE": "Wall", "LEVEL_ID": "CQ3.L09", "FACILITY_ID": "CQ3", "ELEVATION_RELATIVE": 36.2}}, {"type": "Feature", "geometry": {"type": "LineString", "coordinates": [[-5.92064283, 54.60407508], [-5.92062647, 54.60406832]]}, "properties": {"DETAIL_ID": "CQ3.L09.W59", "USE_TYPE": "Wall", "LEVEL_ID": "CQ3.L09", "FACILITY_ID": "CQ3", "ELEVATION_RELATIVE": 36.2}}, {"type": "Feature", "geometry": {"type": "LineString", "coordinates": [[-5.92064054, 54.60407694], [-5.92062418, 54.60407018]]}, "properties": {"DETAIL_ID": "CQ3.L09.W60", "USE_TYPE": "Wall", "LEVEL_ID": "CQ3.L09", "FACILITY_ID": "CQ3", "ELEVATION_RELATIVE": 36.2}}, {"type": "Feature", "geometry": {"type": "LineString", "coordinates": [[-5.92063833, 54.60407873], [-5.92062197, 54.60407197]]}, "properties": {"DETAIL_ID": "CQ3.L09.W61", "USE_TYPE": "Wall", "LEVEL_ID": "CQ3.L09", "FACILITY_ID": "CQ3", "ELEVATION_RELATIVE": 36.2}}, {"type": "Feature", "geometry": {"type": "LineString", "coordinates": [[-5.92063604, 54.60408059], [-5.92061968, 54.60407383]]}, "properties": {"DETAIL_ID": "CQ3.L09.W62", "USE_TYPE": "Wall", "LEVEL_ID": "CQ3.L09", "FACILITY_ID": "CQ3", "ELEVATION_RELATIVE": 36.2}}, {"type": "Feature", "geometry": {"type": "LineString", "coordinates": [[-5.92063375, 54.60408245], [-5.9206174, 54.60407569]]}, "properties": {"DETAIL_ID": "CQ3.L09.W63", "USE_TYPE": "Wall", "LEVEL_ID": "CQ3.L09", "FACILITY_ID": "CQ3", "ELEVATION_RELATIVE": 36.2}}, {"type": "Feature", "geometry": {"type": "LineString", "coordinates": [[-5.92063154, 54.60408424], [-5.92061519, 54.60407749]]}, "properties": {"DETAIL_ID": "CQ3.L09.W64", "USE_TYPE": "Wall", "LEVEL_ID": "CQ3.L09", "FACILITY_ID": "CQ3", "ELEVATION_RELATIVE": 36.2}}, {"type": "Feature", "geometry": {"type": "LineString", "coordinates": [[-5.92062925, 54.6040861], [-5.9206129, 54.60407934]]}, "properties": {"DETAIL_ID": "CQ3.L09.W65", "USE_TYPE": "Wall", "LEVEL_ID": "CQ3.L09", "FACILITY_ID": "CQ3", "ELEVATION_RELATIVE": 36.2}}, {"type": "Feature", "geometry": {"type": "LineString", "coordinates": [[-5.9206355, 54.60410578], [-5.92059894, 54.60409067]]}, "properties": {"DETAIL_ID": "CQ3.L09.W66", "USE_TYPE": "Wall", "LEVEL_ID": "CQ3.L09", "FACILITY_ID": "CQ3", "ELEVATION_RELATIVE": 36.2}}, {"type": "Feature", "geometry": {"type": "LineString", "coordinates": [[-5.92062704, 54.6040879], [-5.92061069, 54.60408114]]}, "properties": {"DETAIL_ID": "CQ3.L09.W67", "USE_TYPE": "Wall", "LEVEL_ID": "CQ3.L09", "FACILITY_ID": "CQ3", "ELEVATION_RELATIVE": 36.2}}, {"type": "Feature", "geometry": {"type": "LineString", "coordinates": [[-5.92064725, 54.60409624], [-5.92063089, 54.60408949]]}, "properties": {"DETAIL_ID": "CQ3.L09.W68", "USE_TYPE": "Wall", "LEVEL_ID": "CQ3.L09", "FACILITY_ID": "CQ3", "ELEVATION_RELATIVE": 36.2}}, {"type": "Feature", "geometry": {"type": "LineString", "coordinates": [[-5.92064946, 54.60409445], [-5.9206331, 54.60408769]]}, "properties": {"DETAIL_ID": "CQ3.L09.W69", "USE_TYPE": "Wall", "LEVEL_ID": "CQ3.L09", "FACILITY_ID": "CQ3", "ELEVATION_RELATIVE": 36.2}}, {"type": "Feature", "geometry": {"type": "LineString", "coordinates": [[-5.92065175, 54.60409259], [-5.92063539, 54.60408583]]}, "properties": {"DETAIL_ID": "CQ3.L09.W70", "USE_TYPE": "Wall", "LEVEL_ID": "CQ3.L09", "FACILITY_ID": "CQ3", "ELEVATION_RELATIVE": 36.2}}, {"type": "Feature", "geometry": {"type": "LineString", "coordinates": [[-5.92063325, 54.60409765], [-5.92061305, 54.60408931]]}, "properties": {"DETAIL_ID": "CQ3.L09.W71", "USE_TYPE": "Wall", "LEVEL_ID": "CQ3.L09", "FACILITY_ID": "CQ3", "ELEVATION_RELATIVE": 36.2}}, {"type": "Feature", "geometry": {"type": "LineString", "coordinates": [[-5.92035417, 54.6039476], [-5.92033771, 54.6039408]]}, "properties": {"DETAIL_ID": "CQ3.L09.W72", "USE_TYPE": "Wall", "LEVEL_ID": "CQ3.L09", "FACILITY_ID": "CQ3", "ELEVATION_RELATIVE": 36.2}}, {"type": "Feature", "geometry": {"type": "LineString", "coordinates": [[-5.92035196, 54.60394939], [-5.9203355, 54.60394259]]}, "properties": {"DETAIL_ID": "CQ3.L09.W73", "USE_TYPE": "Wall", "LEVEL_ID": "CQ3.L09", "FACILITY_ID": "CQ3", "ELEVATION_RELATIVE": 36.2}}, {"type": "Feature", "geometry": {"type": "LineString", "coordinates": [[-5.92034967, 54.60395125], [-5.92033321, 54.60394445]]}, "properties": {"DETAIL_ID": "CQ3.L09.W74", "USE_TYPE": "Wall", "LEVEL_ID": "CQ3.L09", "FACILITY_ID": "CQ3", "ELEVATION_RELATIVE": 36.2}}, {"type": "Feature", "geometry": {"type": "LineString", "coordinates": [[-5.92034746, 54.60395305], [-5.920331, 54.60394624]]}, "properties": {"DETAIL_ID": "CQ3.L09.W75", "USE_TYPE": "Wall", "LEVEL_ID": "CQ3.L09", "FACILITY_ID": "CQ3", "ELEVATION_RELATIVE": 36.2}}, {"type": "Feature", "geometry": {"type": "LineString", "coordinates": [[-5.92034517, 54.6039549], [-5.92032871, 54.6039481]]}, "properties": {"DETAIL_ID": "CQ3.L09.W76", "USE_TYPE": "Wall", "LEVEL_ID": "CQ3.L09", "FACILITY_ID": "CQ3", "ELEVATION_RELATIVE": 36.2}}, {"type": "Feature", "geometry": {"type": "LineString", "coordinates": [[-5.92034296, 54.6039567], [-5.9203265, 54.6039499]]}, "properties": {"DETAIL_ID": "CQ3.L09.W77", "USE_TYPE": "Wall", "LEVEL_ID": "CQ3.L09", "FACILITY_ID": "CQ3", "ELEVATION_RELATIVE": 36.2}}, {"type": "Feature", "geometry": {"type": "LineString", "coordinates": [[-5.92034067, 54.60395856], [-5.92032421, 54.60395175]]}, "properties": {"DETAIL_ID": "CQ3.L09.W78", "USE_TYPE": "Wall", "LEVEL_ID": "CQ3.L09", "FACILITY_ID": "CQ3", "ELEVATION_RELATIVE": 36.2}}, {"type": "Feature", "geometry": {"type": "LineString", "coordinates": [[-5.92033839, 54.60396041], [-5.92032192, 54.60395361]]}, "properties": {"DETAIL_ID": "CQ3.L09.W79", "USE_TYPE": "Wall", "LEVEL_ID": "CQ3.L09", "FACILITY_ID": "CQ3", "ELEVATION_RELATIVE": 36.2}}, {"type": "Feature", "geometry": {"type": "LineString", "coordinates": [[-5.92033617, 54.60396221], [-5.92031971, 54.60395541]]}, "properties": {"DETAIL_ID": "CQ3.L09.W80", "USE_TYPE": "Wall", "LEVEL_ID": "CQ3.L09", "FACILITY_ID": "CQ3", "ELEVATION_RELATIVE": 36.2}}, {"type": "Feature", "geometry": {"type": "LineString", "coordinates": [[-5.92033389, 54.60396407], [-5.92031742, 54.60395727]]}, "properties": {"DETAIL_ID": "CQ3.L09.W81", "USE_TYPE": "Wall", "LEVEL_ID": "CQ3.L09", "FACILITY_ID": "CQ3", "ELEVATION_RELATIVE": 36.2}}, {"type": "Feature", "geometry": {"type": "LineString", "coordinates": [[-5.92031993, 54.6039754], [-5.92028327, 54.60396025]]}, "properties": {"DETAIL_ID": "CQ3.L09.W82", "USE_TYPE": "Wall", "LEVEL_ID": "CQ3.L09", "FACILITY_ID": "CQ3", "ELEVATION_RELATIVE": 36.2}}, {"type": "Feature", "geometry": {"type": "LineString", "coordinates": [[-5.92033168, 54.60396586], [-5.92031521, 54.60395906]]}, "properties": {"DETAIL_ID": "CQ3.L09.W83", "USE_TYPE": "Wall", "LEVEL_ID": "CQ3.L09", "FACILITY_ID": "CQ3", "ELEVATION_RELATIVE": 36.2}}, {"type": "Feature", "geometry": {"type": "LineString", "coordinates": [[-5.92031147, 54.60395752], [-5.92029501, 54.60395071]]}, "properties": {"DETAIL_ID": "CQ3.L09.W84", "USE_TYPE": "Wall", "LEVEL_ID": "CQ3.L09", "FACILITY_ID": "CQ3", "ELEVATION_RELATIVE": 36.2}}, {"type": "Feature", "geometry": {"type": "LineString", "coordinates": [[-5.92031368, 54.60395572], [-5.92029722, 54.60394892]]}, "properties": {"DETAIL_ID": "CQ3.L09.W85", "USE_TYPE": "Wall", "LEVEL_ID": "CQ3.L09", "FACILITY_ID": "CQ3", "ELEVATION_RELATIVE": 36.2}}, {"type": "Feature", "geometry": {"type": "LineString", "coordinates": [[-5.92031597, 54.60395386], [-5.92029951, 54.60394706]]}, "properties": {"DETAIL_ID": "CQ3.L09.W86", "USE_TYPE": "Wall", "LEVEL_ID": "CQ3.L09", "FACILITY_ID": "CQ3", "ELEVATION_RELATIVE": 36.2}}, {"type": "Feature", "geometry": {"type": "LineString", "coordinates": [[-5.92031757, 54.60396723], [-5.92029737, 54.60395888]]}, "properties": {"DETAIL_ID": "CQ3.L09.W87", "USE_TYPE": "Wall", "LEVEL_ID": "CQ3.L09", "FACILITY_ID": "CQ3", "ELEVATION_RELATIVE": 36.2}}, {"type": "Feature", "geometry": {"type": "LineString", "coordinates": [[-5.92063538, 54.60410515], [-5.92060003, 54.60409054]]}, "properties": {"DETAIL_ID": "CQ3.L09.W88", "USE_TYPE": "Wall", "LEVEL_ID": "CQ3.L09", "FACILITY_ID": "CQ3", "ELEVATION_RELATIVE": 36.2}}, {"type": "Feature", "geometry": {"type": "LineString", "coordinates": [[-5.9206352, 54.60410452], [-5.92060111, 54.60409044]]}, "properties": {"DETAIL_ID": "CQ3.L09.W89", "USE_TYPE": "Wall", "LEVEL_ID": "CQ3.L09", "FACILITY_ID": "CQ3", "ELEVATION_RELATIVE": 36.2}}, {"type": "Feature", "geometry": {"type": "LineString", "coordinates": [[-5.92031973, 54.60397473], [-5.92028438, 54.60396013]]}, "properties": {"DETAIL_ID": "CQ3.L09.W90", "USE_TYPE": "Wall", "LEVEL_ID": "CQ3.L09", "FACILITY_ID": "CQ3", "ELEVATION_RELATIVE": 36.2}}, {"type": "Feature", "geometry": {"type": "LineString", "coordinates": [[-5.92031955, 54.60397411], [-5.92028546, 54.60396002]]}, "properties": {"DETAIL_ID": "CQ3.L09.W91", "USE_TYPE": "Wall", "LEVEL_ID": "CQ3.L09", "FACILITY_ID": "CQ3", "ELEVATION_RELATIVE": 36.2}}, {"type": "Feature", "geometry": {"type": "LineString", "coordinates": [[-5.92039387, 54.6039058], [-5.92036437, 54.60389361]]}, "properties": {"DETAIL_ID": "CQ3.L09.W92", "USE_TYPE": "Wall", "LEVEL_ID": "CQ3.L09", "FACILITY_ID": "CQ3", "ELEVATION_RELATIVE": 36.2}}, {"type": "Feature", "geometry": {"type": "LineString", "coordinates": [[-5.92036062, 54.60389206], [-5.92034544, 54.60388579]]}, "properties": {"DETAIL_ID": "CQ3.L09.W93", "USE_TYPE": "Wall", "LEVEL_ID": "CQ3.L09", "FACILITY_ID": "CQ3", "ELEVATION_RELATIVE": 36.2}}, {"type": "Feature", "geometry": {"type": "LineString", "coordinates": [[-5.92040937, 54.60390893], [-5.92034437, 54.60388208]]}, "properties": {"DETAIL_ID": "CQ3.L09.W94", "USE_TYPE": "Wall", "LEVEL_ID": "CQ3.L09", "FACILITY_ID": "CQ3", "ELEVATION_RELATIVE": 36.2}}, {"type": "Feature", "geometry": {"type": "LineString", "coordinates": [[-5.92051873, 54.60395738], [-5.92048709, 54.60394431]]}, "properties": {"DETAIL_ID": "CQ3.L09.W95", "USE_TYPE": "Wall", "LEVEL_ID": "CQ3.L09", "FACILITY_ID": "CQ3", "ELEVATION_RELATIVE": 36.2}}, {"type": "Feature", "geometry": {"type": "LineString", "coordinates": [[-5.92048324, 54.60394272], [-5.9204299, 54.60392068]]}, "properties": {"DETAIL_ID": "CQ3.L09.W96", "USE_TYPE": "Wall", "LEVEL_ID": "CQ3.L09", "FACILITY_ID": "CQ3", "ELEVATION_RELATIVE": 36.2}}, {"type": "Feature", "geometry": {"type": "LineString", "coordinates": [[-5.92052514, 54.60395676], [-5.92043256, 54.60391851]]}, "properties": {"DETAIL_ID": "CQ3.L09.W97", "USE_TYPE": "Wall", "LEVEL_ID": "CQ3.L09", "FACILITY_ID": "CQ3", "ELEVATION_RELATIVE": 36.2}}, {"type": "Feature", "geometry": {"type": "LineString", "coordinates": [[-5.92065236, 54.60401259], [-5.92059901, 54.60399055]]}, "properties": {"DETAIL_ID": "CQ3.L09.W98", "USE_TYPE": "Wall", "LEVEL_ID": "CQ3.L09", "FACILITY_ID": "CQ3", "ELEVATION_RELATIVE": 36.2}}, {"type": "Feature", "geometry": {"type": "LineString", "coordinates": [[-5.92059527, 54.60398901], [-5.92056352, 54.60397589]]}, "properties": {"DETAIL_ID": "CQ3.L09.W99", "USE_TYPE": "Wall", "LEVEL_ID": "CQ3.L09", "FACILITY_ID": "CQ3", "ELEVATION_RELATIVE": 36.2}}, {"type": "Feature", "geometry": {"type": "LineString", "coordinates": [[-5.92065503, 54.60401042], [-5.92056245, 54.60397218]]}, "properties": {"DETAIL_ID": "CQ3.L09.W100", "USE_TYPE": "Wall", "LEVEL_ID": "CQ3.L09", "FACILITY_ID": "CQ3", "ELEVATION_RELATIVE": 36.2}}, {"type": "Feature", "geometry": {"type": "LineString", "coordinates": [[-5.92073681, 54.60404748], [-5.92072174, 54.60404126]]}, "properties": {"DETAIL_ID": "CQ3.L09.W101", "USE_TYPE": "Wall", "LEVEL_ID": "CQ3.L09", "FACILITY_ID": "CQ3", "ELEVATION_RELATIVE": 36.2}}, {"type": "Feature", "geometry": {"type": "LineString", "coordinates": [[-5.92071789, 54.60403967], [-5.92067566, 54.60402222]]}, "properties": {"DETAIL_ID": "CQ3.L09.W102", "USE_TYPE": "Wall", "LEVEL_ID": "CQ3.L09", "FACILITY_ID": "CQ3", "ELEVATION_RELATIVE": 36.2}}, {"type": "Feature", "geometry": {"type": "LineString", "coordinates": [[-5.92074333, 54.60404691], [-5.92067833, 54.60402005]]}, "properties": {"DETAIL_ID": "CQ3.L09.W103", "USE_TYPE": "Wall", "LEVEL_ID": "CQ3.L09", "FACILITY_ID": "CQ3", "ELEVATION_RELATIVE": 36.2}}, {"type": "Feature", "geometry": {"type": "LineString", "coordinates": [[-5.92063569, 54.60410642], [-5.92059784, 54.60409078]]}, "properties": {"DETAIL_ID": "CQ3.L09.W104", "USE_TYPE": "Wall", "LEVEL_ID": "CQ3.L09", "FACILITY_ID": "CQ3", "ELEVATION_RELATIVE": 36.2}}, {"type": "Feature", "geometry": {"type": "LineString", "coordinates": [[-5.92065461, 54.60411423], [-5.92063954, 54.60410801]]}, "properties": {"DETAIL_ID": "CQ3.L09.W105", "USE_TYPE": "Wall", "LEVEL_ID": "CQ3.L09", "FACILITY_ID": "CQ3", "ELEVATION_RELATIVE": 36.2}}, {"type": "Feature", "geometry": {"type": "LineString", "coordinates": [[-5.92065579, 54.60411799], [-5.92059133, 54.60409136]]}, "properties": {"DETAIL_ID": "CQ3.L09.W106", "USE_TYPE": "Wall", "LEVEL_ID": "CQ3.L09", "FACILITY_ID": "CQ3", "ELEVATION_RELATIVE": 36.2}}, {"type": "Feature", "geometry": {"type": "LineString", "coordinates": [[-5.92040104, 54.60400947], [-5.92034834, 54.6039877]]}, "properties": {"DETAIL_ID": "CQ3.L09.W107", "USE_TYPE": "Wall", "LEVEL_ID": "CQ3.L09", "FACILITY_ID": "CQ3", "ELEVATION_RELATIVE": 36.2}}, {"type": "Feature", "geometry": {"type": "LineString", "coordinates": [[-5.92043653, 54.60402413], [-5.92040489, 54.60401106]]}, "properties": {"DETAIL_ID": "CQ3.L09.W108", "USE_TYPE": "Wall", "LEVEL_ID": "CQ3.L09", "FACILITY_ID": "CQ3", "ELEVATION_RELATIVE": 36.2}}, {"type": "Feature", "geometry": {"type": "LineString", "coordinates": [[-5.9204376, 54.60402785], [-5.92034567, 54.60398986]]}, "properties": {"DETAIL_ID": "CQ3.L09.W109", "USE_TYPE": "Wall", "LEVEL_ID": "CQ3.L09", "FACILITY_ID": "CQ3", "ELEVATION_RELATIVE": 36.2}}, {"type": "Feature", "geometry": {"type": "LineString", "coordinates": [[-5.92027842, 54.60395881], [-5.92026325, 54.60395254]]}, "properties": {"DETAIL_ID": "CQ3.L09.W110", "USE_TYPE": "Wall", "LEVEL_ID": "CQ3.L09", "FACILITY_ID": "CQ3", "ELEVATION_RELATIVE": 36.2}}, {"type": "Feature", "geometry": {"type": "LineString", "coordinates": [[-5.92032001, 54.60397599], [-5.92028217, 54.60396036]]}, "properties": {"DETAIL_ID": "CQ3.L09.W111", "USE_TYPE": "Wall", "LEVEL_ID": "CQ3.L09", "FACILITY_ID": "CQ3", "ELEVATION_RELATIVE": 36.2}}, {"type": "Feature", "geometry": {"type": "LineString", "coordinates": [[-5.92032119, 54.60397975], [-5.92025683, 54.60395316]]}, "properties": {"DETAIL_ID": "CQ3.L09.W112", "USE_TYPE": "Wall", "LEVEL_ID": "CQ3.L09", "FACILITY_ID": "CQ3", "ELEVATION_RELATIVE": 36.2}}, {"type": "Feature", "geometry": {"type": "LineString", "coordinates": [[-5.9203876, 54.60392582], [-5.92034591, 54.60390859]]}, "properties": {"DETAIL_ID": "CQ3.L09.W113", "USE_TYPE": "Wall", "LEVEL_ID": "CQ3.L09", "FACILITY_ID": "CQ3", "ELEVATION_RELATIVE": 36.2}}, {"type": "Feature", "geometry": {"type": "LineString", "coordinates": [[-5.92038101, 54.60392646], [-5.92034317, 54.60391082]]}, "properties": {"DETAIL_ID": "CQ3.L09.W114", "USE_TYPE": "Wall", "LEVEL_ID": "CQ3.L09", "FACILITY_ID": "CQ3", "ELEVATION_RELATIVE": 36.2}}, {"type": "Feature", "geometry": {"type": "LineString", "coordinates": [[-5.92069669, 54.60405688], [-5.92065885, 54.60404124]]}, "properties": {"DETAIL_ID": "CQ3.L09.W115", "USE_TYPE": "Wall", "LEVEL_ID": "CQ3.L09", "FACILITY_ID": "CQ3", "ELEVATION_RELATIVE": 36.2}}, {"type": "Feature", "geometry": {"type": "LineString", "coordinates": [[-5.92069943, 54.60405465], [-5.92065774, 54.60403743]]}, "properties": {"DETAIL_ID": "CQ3.L09.W116", "USE_TYPE": "Wall", "LEVEL_ID": "CQ3.L09", "FACILITY_ID": "CQ3", "ELEVATION_RELATIVE": 36.2}}, {"type": "Feature", "geometry": {"type": "LineString", "coordinates": [[-5.92051307, 54.60405576], [-5.92048132, 54.60404264]]}, "properties": {"DETAIL_ID": "CQ3.L09.W117", "USE_TYPE": "Wall", "LEVEL_ID": "CQ3.L09", "FACILITY_ID": "CQ3", "ELEVATION_RELATIVE": 36.2}}, {"type": "Feature", "geometry": {"type": "LineString", "coordinates": [[-5.92056952, 54.60407908], [-5.92051681, 54.6040573]]}, "properties": {"DETAIL_ID": "CQ3.L09.W118", "USE_TYPE": "Wall", "LEVEL_ID": "CQ3.L09", "FACILITY_ID": "CQ3", "ELEVATION_RELATIVE": 36.2}}, {"type": "Feature", "geometry": {"type": "LineString", "coordinates": [[-5.92056685, 54.60408124], [-5.92047491, 54.60404326]]}, "properties": {"DETAIL_ID": "CQ3.L09.W119", "USE_TYPE": "Wall", "LEVEL_ID": "CQ3.L09", "FACILITY_ID": "CQ3", "ELEVATION_RELATIVE": 36.2}}, {"type": "Feature", "geometry": {"type": "LineString", "coordinates": [[-5.92059894, 54.60409067], [-5.92061069, 54.60408114]]}, "properties": {"DETAIL_ID": "CQ3.L10.W0", "USE_TYPE": "Wall", "LEVEL_ID": "CQ3.L10", "FACILITY_ID": "CQ3", "ELEVATION_RELATIVE": 40.1}}, {"type": "Feature", "geometry": {"type": "LineString", "coordinates": [[-5.9206355, 54.60410578], [-5.92064725, 54.60409624]]}, "properties": {"DETAIL_ID": "CQ3.L10.W1", "USE_TYPE": "Wall", "LEVEL_ID": "CQ3.L10", "FACILITY_ID": "CQ3", "ELEVATION_RELATIVE": 40.1}}, {"type": "Feature", "geometry": {"type": "LineString", "coordinates": [[-5.92061305, 54.60408931], [-5.92064141, 54.60406627]]}, "properties": {"DETAIL_ID": "CQ3.L10.W2", "USE_TYPE": "Wall", "LEVEL_ID": "CQ3.L10", "FACILITY_ID": "CQ3", "ELEVATION_RELATIVE": 40.1}}, {"type": "Feature", "geometry": {"type": "LineString", "coordinates": [[-5.92063325, 54.60409765], [-5.92064652, 54.60408688]]}, "properties": {"DETAIL_ID": "CQ3.L10.W3", "USE_TYPE": "Wall", "LEVEL_ID": "CQ3.L10", "FACILITY_ID": "CQ3", "ELEVATION_RELATIVE": 40.1}}, {"type": "Feature", "geometry": {"type": "LineString", "coordinates": [[-5.92031993, 54.6039754], [-5.92033168, 54.60396586]]}, "properties": {"DETAIL_ID": "CQ3.L10.W4", "USE_TYPE": "Wall", "LEVEL_ID": "CQ3.L10", "FACILITY_ID": "CQ3", "ELEVATION_RELATIVE": 40.1}}, {"type": "Feature", "geometry": {"type": "LineString", "coordinates": [[-5.92028327, 54.60396025], [-5.92029501, 54.60395071]]}, "properties": {"DETAIL_ID": "CQ3.L10.W5", "USE_TYPE": "Wall", "LEVEL_ID": "CQ3.L10", "FACILITY_ID": "CQ3", "ELEVATION_RELATIVE": 40.1}}, {"type": "Feature", "geometry": {"type": "LineString", "coordinates": [[-5.92031757, 54.60396723], [-5.92034594, 54.6039442]]}, "properties": {"DETAIL_ID": "CQ3.L10.W6", "USE_TYPE": "Wall", "LEVEL_ID": "CQ3.L10", "FACILITY_ID": "CQ3", "ELEVATION_RELATIVE": 40.1}}, {"type": "Feature", "geometry": {"type": "LineString", "coordinates": [[-5.92029737, 54.60395888], [-5.92031064, 54.60394811]]}, "properties": {"DETAIL_ID": "CQ3.L10.W7", "USE_TYPE": "Wall", "LEVEL_ID": "CQ3.L10", "FACILITY_ID": "CQ3", "ELEVATION_RELATIVE": 40.1}}, {"type": "Feature", "geometry": {"type": "LineString", "coordinates": [[-5.92063538, 54.60410515], [-5.92067411, 54.6040737]]}, "properties": {"DETAIL_ID": "CQ3.L10.W8", "USE_TYPE": "Wall", "LEVEL_ID": "CQ3.L10", "FACILITY_ID": "CQ3", "ELEVATION_RELATIVE": 40.1}}, {"type": "Feature", "geometry": {"type": "LineString", "coordinates": [[-5.92060003, 54.60409054], [-5.9206365, 54.60406092]]}, "properties": {"DETAIL_ID": "CQ3.L10.W9", "USE_TYPE": "Wall", "LEVEL_ID": "CQ3.L10", "FACILITY_ID": "CQ3", "ELEVATION_RELATIVE": 40.1}}, {"type": "Feature", "geometry": {"type": "LineString", "coordinates": [[-5.92060111, 54.60409044], [-5.92063713, 54.60406118]]}, "properties": {"DETAIL_ID": "CQ3.L10.W10", "USE_TYPE": "Wall", "LEVEL_ID": "CQ3.L10", "FACILITY_ID": "CQ3", "ELEVATION_RELATIVE": 40.1}}, {"type": "Feature", "geometry": {"type": "LineString", "coordinates": [[-5.9206352, 54.60410452], [-5.92067348, 54.60407344]]}, "properties": {"DETAIL_ID": "CQ3.L10.W11", "USE_TYPE": "Wall", "LEVEL_ID": "CQ3.L10", "FACILITY_ID": "CQ3", "ELEVATION_RELATIVE": 40.1}}, {"type": "Feature", "geometry": {"type": "LineString", "coordinates": [[-5.92028438, 54.60396013], [-5.9203231, 54.60392868]]}, "properties": {"DETAIL_ID": "CQ3.L10.W12", "USE_TYPE": "Wall", "LEVEL_ID": "CQ3.L10", "FACILITY_ID": "CQ3", "ELEVATION_RELATIVE": 40.1}}, {"type": "Feature", "geometry": {"type": "LineString", "coordinates": [[-5.92031973, 54.60397473], [-5.9203562, 54.60394511]]}, "properties": {"DETAIL_ID": "CQ3.L10.W13", "USE_TYPE": "Wall", "LEVEL_ID": "CQ3.L10", "FACILITY_ID": "CQ3", "ELEVATION_RELATIVE": 40.1}}, {"type": "Feature", "geometry": {"type": "LineString", "coordinates": [[-5.92031955, 54.60397411], [-5.92035557, 54.60394485]]}, "properties": {"DETAIL_ID": "CQ3.L10.W14", "USE_TYPE": "Wall", "LEVEL_ID": "CQ3.L10", "FACILITY_ID": "CQ3", "ELEVATION_RELATIVE": 40.1}}, {"type": "Feature", "geometry": {"type": "LineString", "coordinates": [[-5.92028546, 54.60396002], [-5.92032373, 54.60392894]]}, "properties": {"DETAIL_ID": "CQ3.L10.W15", "USE_TYPE": "Wall", "LEVEL_ID": "CQ3.L10", "FACILITY_ID": "CQ3", "ELEVATION_RELATIVE": 40.1}}, {"type": "Feature", "geometry": {"type": "LineString", "coordinates": [[-5.92027842, 54.60395881], [-5.92031861, 54.60392618]]}, "properties": {"DETAIL_ID": "CQ3.L10.W16", "USE_TYPE": "Wall", "LEVEL_ID": "CQ3.L10", "FACILITY_ID": "CQ3", "ELEVATION_RELATIVE": 40.1}}, {"type": "Feature", "geometry": {"type": "LineString", "coordinates": [[-5.92032044, 54.60392469], [-5.92036062, 54.60389206]]}, "properties": {"DETAIL_ID": "CQ3.L10.W17", "USE_TYPE": "Wall", "LEVEL_ID": "CQ3.L10", "FACILITY_ID": "CQ3", "ELEVATION_RELATIVE": 40.1}}, {"type": "Feature", "geometry": {"type": "LineString", "coordinates": [[-5.92028217, 54.60396036], [-5.92034317, 54.60391082]]}, "properties": {"DETAIL_ID": "CQ3.L10.W18", "USE_TYPE": "Wall", "LEVEL_ID": "CQ3.L10", "FACILITY_ID": "CQ3", "ELEVATION_RELATIVE": 40.1}}, {"type": "Feature", "geometry": {"type": "LineString", "coordinates": [[-5.92034591, 54.60390859], [-5.92036437, 54.60389361]]}, "properties": {"DETAIL_ID": "CQ3.L10.W19", "USE_TYPE": "Wall", "LEVEL_ID": "CQ3.L10", "FACILITY_ID": "CQ3", "ELEVATION_RELATIVE": 40.1}}, {"type": "Feature", "geometry": {"type": "LineString", "coordinates": [[-5.92068155, 54.60407389], [-5.92072174, 54.60404126]]}, "properties": {"DETAIL_ID": "CQ3.L10.W20", "USE_TYPE": "Wall", "LEVEL_ID": "CQ3.L10", "FACILITY_ID": "CQ3", "ELEVATION_RELATIVE": 40.1}}, {"type": "Feature", "geometry": {"type": "LineString", "coordinates": [[-5.92063954, 54.60410801], [-5.92067972, 54.60407537]]}, "properties": {"DETAIL_ID": "CQ3.L10.W21", "USE_TYPE": "Wall", "LEVEL_ID": "CQ3.L10", "FACILITY_ID": "CQ3", "ELEVATION_RELATIVE": 40.1}}, {"type": "Feature", "geometry": {"type": "LineString", "coordinates": [[-5.92069943, 54.60405465], [-5.92071789, 54.60403967]]}, "properties": {"DETAIL_ID": "CQ3.L10.W22", "USE_TYPE": "Wall", "LEVEL_ID": "CQ3.L10", "FACILITY_ID": "CQ3", "ELEVATION_RELATIVE": 40.1}}, {"type": "Feature", "geometry": {"type": "LineString", "coordinates": [[-5.92063569, 54.60410642], [-5.92069669, 54.60405688]]}, "properties": {"DETAIL_ID": "CQ3.L10.W23", "USE_TYPE": "Wall", "LEVEL_ID": "CQ3.L10", "FACILITY_ID": "CQ3", "ELEVATION_RELATIVE": 40.1}}, {"type": "Feature", "geometry": {"type": "LineString", "coordinates": [[-5.92032001, 54.60397599], [-5.92036629, 54.60393841]]}, "properties": {"DETAIL_ID": "CQ3.L10.W24", "USE_TYPE": "Wall", "LEVEL_ID": "CQ3.L10", "FACILITY_ID": "CQ3", "ELEVATION_RELATIVE": 40.1}}, {"type": "Feature", "geometry": {"type": "LineString", "coordinates": [[-5.92032119, 54.60397975], [-5.92037014, 54.60394]]}, "properties": {"DETAIL_ID": "CQ3.L10.W25", "USE_TYPE": "Wall", "LEVEL_ID": "CQ3.L10", "FACILITY_ID": "CQ3", "ELEVATION_RELATIVE": 40.1}}, {"type": "Feature", "geometry": {"type": "LineString", "coordinates": [[-5.92059133, 54.60409136], [-5.92064028, 54.60405161]]}, "properties": {"DETAIL_ID": "CQ3.L10.W26", "USE_TYPE": "Wall", "LEVEL_ID": "CQ3.L10", "FACILITY_ID": "CQ3", "ELEVATION_RELATIVE": 40.1}}, {"type": "Feature", "geometry": {"type": "LineString", "coordinates": [[-5.92059784, 54.60409078], [-5.92064413, 54.6040532]]}, "properties": {"DETAIL_ID": "CQ3.L10.W27", "USE_TYPE": "Wall", "LEVEL_ID": "CQ3.L10", "FACILITY_ID": "CQ3", "ELEVATION_RELATIVE": 40.1}}, {"type": "Feature", "geometry": {"type": "LineString", "coordinates": [[-5.92055261, 54.60398016], [-5.92056245, 54.60397218]]}, "properties": {"DETAIL_ID": "CQ3.L10.W28", "USE_TYPE": "Wall", "LEVEL_ID": "CQ3.L10", "FACILITY_ID": "CQ3", "ELEVATION_RELATIVE": 40.1}}, {"type": "Feature", "geometry": {"type": "LineString", "coordinates": [[-5.92052409, 54.60400332], [-5.92054095, 54.60398964]]}, "properties": {"DETAIL_ID": "CQ3.L10.W29", "USE_TYPE": "Wall", "LEVEL_ID": "CQ3.L10", "FACILITY_ID": "CQ3", "ELEVATION_RELATIVE": 40.1}}, {"type": "Feature", "geometry": {"type": "LineString", "coordinates": [[-5.92049596, 54.60402617], [-5.92051327, 54.60401211]]}, "properties": {"DETAIL_ID": "CQ3.L10.W30", "USE_TYPE": "Wall", "LEVEL_ID": "CQ3.L10", "FACILITY_ID": "CQ3", "ELEVATION_RELATIVE": 40.1}}, {"type": "Feature", "geometry": {"type": "LineString", "coordinates": [[-5.92047491, 54.60404326], [-5.92048521, 54.6040349]]}, "properties": {"DETAIL_ID": "CQ3.L10.W31", "USE_TYPE": "Wall", "LEVEL_ID": "CQ3.L10", "FACILITY_ID": "CQ3", "ELEVATION_RELATIVE": 40.1}}, {"type": "Feature", "geometry": {"type": "LineString", "coordinates": [[-5.9204376, 54.60402785], [-5.9204479, 54.60401949]]}, "properties": {"DETAIL_ID": "CQ3.L10.W32", "USE_TYPE": "Wall", "LEVEL_ID": "CQ3.L10", "FACILITY_ID": "CQ3", "ELEVATION_RELATIVE": 40.1}}, {"type": "Feature", "geometry": {"type": "LineString", "coordinates": [[-5.92045865, 54.60401076], [-5.92047596, 54.6039967]]}, "properties": {"DETAIL_ID": "CQ3.L10.W33", "USE_TYPE": "Wall", "LEVEL_ID": "CQ3.L10", "FACILITY_ID": "CQ3", "ELEVATION_RELATIVE": 40.1}}, {"type": "Feature", "geometry": {"type": "LineString", "coordinates": [[-5.92048679, 54.60398791], [-5.92050364, 54.60397422]]}, "properties": {"DETAIL_ID": "CQ3.L10.W34", "USE_TYPE": "Wall", "LEVEL_ID": "CQ3.L10", "FACILITY_ID": "CQ3", "ELEVATION_RELATIVE": 40.1}}, {"type": "Feature", "geometry": {"type": "LineString", "coordinates": [[-5.9205153, 54.60396475], [-5.92052514, 54.60395676]]}, "properties": {"DETAIL_ID": "CQ3.L10.W35", "USE_TYPE": "Wall", "LEVEL_ID": "CQ3.L10", "FACILITY_ID": "CQ3", "ELEVATION_RELATIVE": 40.1}}, {"type": "Feature", "geometry": {"type": "LineString", "coordinates": [[-5.92040104, 54.60400947], [-5.92046486, 54.60395764]]}, "properties": {"DETAIL_ID": "CQ3.L10.W36", "USE_TYPE": "Wall", "LEVEL_ID": "CQ3.L10", "FACILITY_ID": "CQ3", "ELEVATION_RELATIVE": 40.1}}, {"type": "Feature", "geometry": {"type": "LineString", "coordinates": [[-5.92040489, 54.60401106], [-5.92043104, 54.60398982]]}, "properties": {"DETAIL_ID": "CQ3.L10.W37", "USE_TYPE": "Wall", "LEVEL_ID": "CQ3.L10", "FACILITY_ID": "CQ3", "ELEVATION_RELATIVE": 40.1}}, {"type": "Feature", "geometry": {"type": "LineString", "coordinates": [[-5.92043287, 54.60398833], [-5.9204591, 54.60396703]]}, "properties": {"DETAIL_ID": "CQ3.L10.W38", "USE_TYPE": "Wall", "LEVEL_ID": "CQ3.L10", "FACILITY_ID": "CQ3", "ELEVATION_RELATIVE": 40.1}}, {"type": "Feature", "geometry": {"type": "LineString", "coordinates": [[-5.92051681, 54.6040573], [-5.92058064, 54.60400548]]}, "properties": {"DETAIL_ID": "CQ3.L10.W39", "USE_TYPE": "Wall", "LEVEL_ID": "CQ3.L10", "FACILITY_ID": "CQ3", "ELEVATION_RELATIVE": 40.1}}, {"type": "Feature", "geometry": {"type": "LineString", "coordinates": [[-5.92054106, 54.60403303], [-5.92056729, 54.60401173]]}, "properties": {"DETAIL_ID": "CQ3.L10.W40", "USE_TYPE": "Wall", "LEVEL_ID": "CQ3.L10", "FACILITY_ID": "CQ3", "ELEVATION_RELATIVE": 40.1}}, {"type": "Feature", "geometry": {"type": "LineString", "coordinates": [[-5.92051307, 54.60405576], [-5.92053923, 54.60403452]]}, "properties": {"DETAIL_ID": "CQ3.L10.W41", "USE_TYPE": "Wall", "LEVEL_ID": "CQ3.L10", "FACILITY_ID": "CQ3", "ELEVATION_RELATIVE": 40.1}}, {"type": "Feature", "geometry": {"type": "LineString", "coordinates": [[-5.92039577, 54.60377515], [-5.9203834, 54.60377004]]}, "properties": {"DETAIL_ID": "CQ3.L10.W42", "USE_TYPE": "Wall", "LEVEL_ID": "CQ3.L10", "FACILITY_ID": "CQ3", "ELEVATION_RELATIVE": 40.1}}, {"type": "Feature", "geometry": {"type": "LineString", "coordinates": [[-5.920396, 54.60377497], [-5.92038363, 54.60376985]]}, "properties": {"DETAIL_ID": "CQ3.L10.W43", "USE_TYPE": "Wall", "LEVEL_ID": "CQ3.L10", "FACILITY_ID": "CQ3", "ELEVATION_RELATIVE": 40.1}}, {"type": "Feature", "geometry": {"type": "LineString", "coordinates": [[-5.92046452, 54.60400141], [-5.92043287, 54.60398833]]}, "properties": {"DETAIL_ID": "CQ3.L10.W44", "USE_TYPE": "Wall", "LEVEL_ID": "CQ3.L10", "FACILITY_ID": "CQ3", "ELEVATION_RELATIVE": 40.1}}, {"type": "Feature", "geometry": {"type": "LineString", "coordinates": [[-5.92046269, 54.60400289], [-5.92043104, 54.60398982]]}, "properties": {"DETAIL_ID": "CQ3.L10.W45", "USE_TYPE": "Wall", "LEVEL_ID": "CQ3.L10", "FACILITY_ID": "CQ3", "ELEVATION_RELATIVE": 40.1}}, {"type": "Feature", "geometry": {"type": "LineString", "coordinates": [[-5.92049258, 54.60397862], [-5.92046093, 54.60396555]]}, "properties": {"DETAIL_ID": "CQ3.L10.W46", "USE_TYPE": "Wall", "LEVEL_ID": "CQ3.L10", "FACILITY_ID": "CQ3", "ELEVATION_RELATIVE": 40.1}}, {"type": "Feature", "geometry": {"type": "LineString", "coordinates": [[-5.92049075, 54.60398011], [-5.9204591, 54.60396703]]}, "properties": {"DETAIL_ID": "CQ3.L10.W47", "USE_TYPE": "Wall", "LEVEL_ID": "CQ3.L10", "FACILITY_ID": "CQ3", "ELEVATION_RELATIVE": 40.1}}, {"type": "Feature", "geometry": {"type": "LineString", "coordinates": [[-5.92056912, 54.60401025], [-5.92053737, 54.60399713]]}, "properties": {"DETAIL_ID": "CQ3.L10.W48", "USE_TYPE": "Wall", "LEVEL_ID": "CQ3.L10", "FACILITY_ID": "CQ3", "ELEVATION_RELATIVE": 40.1}}, {"type": "Feature", "geometry": {"type": "LineString", "coordinates": [[-5.92056729, 54.60401173], [-5.92053554, 54.60399861]]}, "properties": {"DETAIL_ID": "CQ3.L10.W49", "USE_TYPE": "Wall", "LEVEL_ID": "CQ3.L10", "FACILITY_ID": "CQ3", "ELEVATION_RELATIVE": 40.1}}, {"type": "Feature", "geometry": {"type": "LineString", "coordinates": [[-5.92054106, 54.60403303], [-5.92050931, 54.60401991]]}, "properties": {"DETAIL_ID": "CQ3.L10.W50", "USE_TYPE": "Wall", "LEVEL_ID": "CQ3.L10", "FACILITY_ID": "CQ3", "ELEVATION_RELATIVE": 40.1}}, {"type": "Feature", "geometry": {"type": "LineString", "coordinates": [[-5.92053923, 54.60403452], [-5.92050748, 54.6040214]]}, "properties": {"DETAIL_ID": "CQ3.L10.W51", "USE_TYPE": "Wall", "LEVEL_ID": "CQ3.L10", "FACILITY_ID": "CQ3", "ELEVATION_RELATIVE": 40.1}}, {"type": "Feature", "geometry": {"type": "LineString", "coordinates": [[-5.92031861, 54.60392618], [-5.92030097, 54.60391889]]}, "properties": {"DETAIL_ID": "CQ3.L10.W52", "USE_TYPE": "Wall", "LEVEL_ID": "CQ3.L10", "FACILITY_ID": "CQ3", "ELEVATION_RELATIVE": 40.1}}, {"type": "Feature", "geometry": {"type": "LineString", "coordinates": [[-5.92032044, 54.60392469], [-5.9203028, 54.6039174]]}, "properties": {"DETAIL_ID": "CQ3.L10.W53", "USE_TYPE": "Wall", "LEVEL_ID": "CQ3.L10", "FACILITY_ID": "CQ3", "ELEVATION_RELATIVE": 40.1}}, {"type": "Feature", "geometry": {"type": "LineString", "coordinates": [[-5.92069725, 54.60408262], [-5.92067972, 54.60407537]]}, "properties": {"DETAIL_ID": "CQ3.L10.W54", "USE_TYPE": "Wall", "LEVEL_ID": "CQ3.L10", "FACILITY_ID": "CQ3", "ELEVATION_RELATIVE": 40.1}}, {"type": "Feature", "geometry": {"type": "LineString", "coordinates": [[-5.92069908, 54.60408113], [-5.92068155, 54.60407389]]}, "properties": {"DETAIL_ID": "CQ3.L10.W55", "USE_TYPE": "Wall", "LEVEL_ID": "CQ3.L10", "FACILITY_ID": "CQ3", "ELEVATION_RELATIVE": 40.1}}, {"type": "Feature", "geometry": {"type": "LineString", "coordinates": [[-5.92064954, 54.60406963], [-5.92063318, 54.60406287]]}, "properties": {"DETAIL_ID": "CQ3.L10.W56", "USE_TYPE": "Wall", "LEVEL_ID": "CQ3.L10", "FACILITY_ID": "CQ3", "ELEVATION_RELATIVE": 40.1}}, {"type": "Feature", "geometry": {"type": "LineString", "coordinates": [[-5.92064733, 54.60407143], [-5.92063097, 54.60406467]]}, "properties": {"DETAIL_ID": "CQ3.L10.W57", "USE_TYPE": "Wall", "LEVEL_ID": "CQ3.L10", "FACILITY_ID": "CQ3", "ELEVATION_RELATIVE": 40.1}}, {"type": "Feature", "geometry": {"type": "LineString", "coordinates": [[-5.92064504, 54.60407328], [-5.92062868, 54.60406653]]}, "properties": {"DETAIL_ID": "CQ3.L10.W58", "USE_TYPE": "Wall", "LEVEL_ID": "CQ3.L10", "FACILITY_ID": "CQ3", "ELEVATION_RELATIVE": 40.1}}, {"type": "Feature", "geometry": {"type": "LineString", "coordinates": [[-5.92064283, 54.60407508], [-5.92062647, 54.60406832]]}, "properties": {"DETAIL_ID": "CQ3.L10.W59", "USE_TYPE": "Wall", "LEVEL_ID": "CQ3.L10", "FACILITY_ID": "CQ3", "ELEVATION_RELATIVE": 40.1}}, {"type": "Feature", "geometry": {"type": "LineString", "coordinates": [[-5.92064054, 54.60407694], [-5.92062418, 54.60407018]]}, "properties": {"DETAIL_ID": "CQ3.L10.W60", "USE_TYPE": "Wall", "LEVEL_ID": "CQ3.L10", "FACILITY_ID": "CQ3", "ELEVATION_RELATIVE": 40.1}}, {"type": "Feature", "geometry": {"type": "LineString", "coordinates": [[-5.92063833, 54.60407873], [-5.92062197, 54.60407197]]}, "properties": {"DETAIL_ID": "CQ3.L10.W61", "USE_TYPE": "Wall", "LEVEL_ID": "CQ3.L10", "FACILITY_ID": "CQ3", "ELEVATION_RELATIVE": 40.1}}, {"type": "Feature", "geometry": {"type": "LineString", "coordinates": [[-5.92063604, 54.60408059], [-5.92061968, 54.60407383]]}, "properties": {"DETAIL_ID": "CQ3.L10.W62", "USE_TYPE": "Wall", "LEVEL_ID": "CQ3.L10", "FACILITY_ID": "CQ3", "ELEVATION_RELATIVE": 40.1}}, {"type": "Feature", "geometry": {"type": "LineString", "coordinates": [[-5.92063375, 54.60408245], [-5.9206174, 54.60407569]]}, "properties": {"DETAIL_ID": "CQ3.L10.W63", "USE_TYPE": "Wall", "LEVEL_ID": "CQ3.L10", "FACILITY_ID": "CQ3", "ELEVATION_RELATIVE": 40.1}}, {"type": "Feature", "geometry": {"type": "LineString", "coordinates": [[-5.92063154, 54.60408424], [-5.92061519, 54.60407749]]}, "properties": {"DETAIL_ID": "CQ3.L10.W64", "USE_TYPE": "Wall", "LEVEL_ID": "CQ3.L10", "FACILITY_ID": "CQ3", "ELEVATION_RELATIVE": 40.1}}, {"type": "Feature", "geometry": {"type": "LineString", "coordinates": [[-5.92062925, 54.6040861], [-5.9206129, 54.60407934]]}, "properties": {"DETAIL_ID": "CQ3.L10.W65", "USE_TYPE": "Wall", "LEVEL_ID": "CQ3.L10", "FACILITY_ID": "CQ3", "ELEVATION_RELATIVE": 40.1}}, {"type": "Feature", "geometry": {"type": "LineString", "coordinates": [[-5.9206355, 54.60410578], [-5.92059894, 54.60409067]]}, "properties": {"DETAIL_ID": "CQ3.L10.W66", "USE_TYPE": "Wall", "LEVEL_ID": "CQ3.L10", "FACILITY_ID": "CQ3", "ELEVATION_RELATIVE": 40.1}}, {"type": "Feature", "geometry": {"type": "LineString", "coordinates": [[-5.92062704, 54.6040879], [-5.92061069, 54.60408114]]}, "properties": {"DETAIL_ID": "CQ3.L10.W67", "USE_TYPE": "Wall", "LEVEL_ID": "CQ3.L10", "FACILITY_ID": "CQ3", "ELEVATION_RELATIVE": 40.1}}, {"type": "Feature", "geometry": {"type": "LineString", "coordinates": [[-5.92064725, 54.60409624], [-5.92063089, 54.60408949]]}, "properties": {"DETAIL_ID": "CQ3.L10.W68", "USE_TYPE": "Wall", "LEVEL_ID": "CQ3.L10", "FACILITY_ID": "CQ3", "ELEVATION_RELATIVE": 40.1}}, {"type": "Feature", "geometry": {"type": "LineString", "coordinates": [[-5.92064946, 54.60409445], [-5.9206331, 54.60408769]]}, "properties": {"DETAIL_ID": "CQ3.L10.W69", "USE_TYPE": "Wall", "LEVEL_ID": "CQ3.L10", "FACILITY_ID": "CQ3", "ELEVATION_RELATIVE": 40.1}}, {"type": "Feature", "geometry": {"type": "LineString", "coordinates": [[-5.92065175, 54.60409259], [-5.92063539, 54.60408583]]}, "properties": {"DETAIL_ID": "CQ3.L10.W70", "USE_TYPE": "Wall", "LEVEL_ID": "CQ3.L10", "FACILITY_ID": "CQ3", "ELEVATION_RELATIVE": 40.1}}, {"type": "Feature", "geometry": {"type": "LineString", "coordinates": [[-5.92063325, 54.60409765], [-5.92061305, 54.60408931]]}, "properties": {"DETAIL_ID": "CQ3.L10.W71", "USE_TYPE": "Wall", "LEVEL_ID": "CQ3.L10", "FACILITY_ID": "CQ3", "ELEVATION_RELATIVE": 40.1}}, {"type": "Feature", "geometry": {"type": "LineString", "coordinates": [[-5.92035417, 54.6039476], [-5.92033771, 54.6039408]]}, "properties": {"DETAIL_ID": "CQ3.L10.W72", "USE_TYPE": "Wall", "LEVEL_ID": "CQ3.L10", "FACILITY_ID": "CQ3", "ELEVATION_RELATIVE": 40.1}}, {"type": "Feature", "geometry": {"type": "LineString", "coordinates": [[-5.92035196, 54.60394939], [-5.9203355, 54.60394259]]}, "properties": {"DETAIL_ID": "CQ3.L10.W73", "USE_TYPE": "Wall", "LEVEL_ID": "CQ3.L10", "FACILITY_ID": "CQ3", "ELEVATION_RELATIVE": 40.1}}, {"type": "Feature", "geometry": {"type": "LineString", "coordinates": [[-5.92034967, 54.60395125], [-5.92033321, 54.60394445]]}, "properties": {"DETAIL_ID": "CQ3.L10.W74", "USE_TYPE": "Wall", "LEVEL_ID": "CQ3.L10", "FACILITY_ID": "CQ3", "ELEVATION_RELATIVE": 40.1}}, {"type": "Feature", "geometry": {"type": "LineString", "coordinates": [[-5.92034746, 54.60395305], [-5.920331, 54.60394624]]}, "properties": {"DETAIL_ID": "CQ3.L10.W75", "USE_TYPE": "Wall", "LEVEL_ID": "CQ3.L10", "FACILITY_ID": "CQ3", "ELEVATION_RELATIVE": 40.1}}, {"type": "Feature", "geometry": {"type": "LineString", "coordinates": [[-5.92034517, 54.6039549], [-5.92032871, 54.6039481]]}, "properties": {"DETAIL_ID": "CQ3.L10.W76", "USE_TYPE": "Wall", "LEVEL_ID": "CQ3.L10", "FACILITY_ID": "CQ3", "ELEVATION_RELATIVE": 40.1}}, {"type": "Feature", "geometry": {"type": "LineString", "coordinates": [[-5.92034296, 54.6039567], [-5.9203265, 54.6039499]]}, "properties": {"DETAIL_ID": "CQ3.L10.W77", "USE_TYPE": "Wall", "LEVEL_ID": "CQ3.L10", "FACILITY_ID": "CQ3", "ELEVATION_RELATIVE": 40.1}}, {"type": "Feature", "geometry": {"type": "LineString", "coordinates": [[-5.92034067, 54.60395856], [-5.92032421, 54.60395175]]}, "properties": {"DETAIL_ID": "CQ3.L10.W78", "USE_TYPE": "Wall", "LEVEL_ID": "CQ3.L10", "FACILITY_ID": "CQ3", "ELEVATION_RELATIVE": 40.1}}, {"type": "Feature", "geometry": {"type": "LineString", "coordinates": [[-5.92033839, 54.60396041], [-5.92032192, 54.60395361]]}, "properties": {"DETAIL_ID": "CQ3.L10.W79", "USE_TYPE": "Wall", "LEVEL_ID": "CQ3.L10", "FACILITY_ID": "CQ3", "ELEVATION_RELATIVE": 40.1}}, {"type": "Feature", "geometry": {"type": "LineString", "coordinates": [[-5.92033617, 54.60396221], [-5.92031971, 54.60395541]]}, "properties": {"DETAIL_ID": "CQ3.L10.W80", "USE_TYPE": "Wall", "LEVEL_ID": "CQ3.L10", "FACILITY_ID": "CQ3", "ELEVATION_RELATIVE": 40.1}}, {"type": "Feature", "geometry": {"type": "LineString", "coordinates": [[-5.92033389, 54.60396407], [-5.92031742, 54.60395727]]}, "properties": {"DETAIL_ID": "CQ3.L10.W81", "USE_TYPE": "Wall", "LEVEL_ID": "CQ3.L10", "FACILITY_ID": "CQ3", "ELEVATION_RELATIVE": 40.1}}, {"type": "Feature", "geometry": {"type": "LineString", "coordinates": [[-5.92031993, 54.6039754], [-5.92028327, 54.60396025]]}, "properties": {"DETAIL_ID": "CQ3.L10.W82", "USE_TYPE": "Wall", "LEVEL_ID": "CQ3.L10", "FACILITY_ID": "CQ3", "ELEVATION_RELATIVE": 40.1}}, {"type": "Feature", "geometry": {"type": "LineString", "coordinates": [[-5.92033168, 54.60396586], [-5.92031521, 54.60395906]]}, "properties": {"DETAIL_ID": "CQ3.L10.W83", "USE_TYPE": "Wall", "LEVEL_ID": "CQ3.L10", "FACILITY_ID": "CQ3", "ELEVATION_RELATIVE": 40.1}}, {"type": "Feature", "geometry": {"type": "LineString", "coordinates": [[-5.92031147, 54.60395752], [-5.92029501, 54.60395071]]}, "properties": {"DETAIL_ID": "CQ3.L10.W84", "USE_TYPE": "Wall", "LEVEL_ID": "CQ3.L10", "FACILITY_ID": "CQ3", "ELEVATION_RELATIVE": 40.1}}, {"type": "Feature", "geometry": {"type": "LineString", "coordinates": [[-5.92031368, 54.60395572], [-5.92029722, 54.60394892]]}, "properties": {"DETAIL_ID": "CQ3.L10.W85", "USE_TYPE": "Wall", "LEVEL_ID": "CQ3.L10", "FACILITY_ID": "CQ3", "ELEVATION_RELATIVE": 40.1}}, {"type": "Feature", "geometry": {"type": "LineString", "coordinates": [[-5.92031597, 54.60395386], [-5.92029951, 54.60394706]]}, "properties": {"DETAIL_ID": "CQ3.L10.W86", "USE_TYPE": "Wall", "LEVEL_ID": "CQ3.L10", "FACILITY_ID": "CQ3", "ELEVATION_RELATIVE": 40.1}}, {"type": "Feature", "geometry": {"type": "LineString", "coordinates": [[-5.92031757, 54.60396723], [-5.92029737, 54.60395888]]}, "properties": {"DETAIL_ID": "CQ3.L10.W87", "USE_TYPE": "Wall", "LEVEL_ID": "CQ3.L10", "FACILITY_ID": "CQ3", "ELEVATION_RELATIVE": 40.1}}, {"type": "Feature", "geometry": {"type": "LineString", "coordinates": [[-5.92063538, 54.60410515], [-5.92060003, 54.60409054]]}, "properties": {"DETAIL_ID": "CQ3.L10.W88", "USE_TYPE": "Wall", "LEVEL_ID": "CQ3.L10", "FACILITY_ID": "CQ3", "ELEVATION_RELATIVE": 40.1}}, {"type": "Feature", "geometry": {"type": "LineString", "coordinates": [[-5.9206352, 54.60410452], [-5.92060111, 54.60409044]]}, "properties": {"DETAIL_ID": "CQ3.L10.W89", "USE_TYPE": "Wall", "LEVEL_ID": "CQ3.L10", "FACILITY_ID": "CQ3", "ELEVATION_RELATIVE": 40.1}}, {"type": "Feature", "geometry": {"type": "LineString", "coordinates": [[-5.92031973, 54.60397473], [-5.92028438, 54.60396013]]}, "properties": {"DETAIL_ID": "CQ3.L10.W90", "USE_TYPE": "Wall", "LEVEL_ID": "CQ3.L10", "FACILITY_ID": "CQ3", "ELEVATION_RELATIVE": 40.1}}, {"type": "Feature", "geometry": {"type": "LineString", "coordinates": [[-5.92031955, 54.60397411], [-5.92028546, 54.60396002]]}, "properties": {"DETAIL_ID": "CQ3.L10.W91", "USE_TYPE": "Wall", "LEVEL_ID": "CQ3.L10", "FACILITY_ID": "CQ3", "ELEVATION_RELATIVE": 40.1}}, {"type": "Feature", "geometry": {"type": "LineString", "coordinates": [[-5.92039387, 54.6039058], [-5.92036437, 54.60389361]]}, "properties": {"DETAIL_ID": "CQ3.L10.W92", "USE_TYPE": "Wall", "LEVEL_ID": "CQ3.L10", "FACILITY_ID": "CQ3", "ELEVATION_RELATIVE": 40.1}}, {"type": "Feature", "geometry": {"type": "LineString", "coordinates": [[-5.92036062, 54.60389206], [-5.92034544, 54.60388579]]}, "properties": {"DETAIL_ID": "CQ3.L10.W93", "USE_TYPE": "Wall", "LEVEL_ID": "CQ3.L10", "FACILITY_ID": "CQ3", "ELEVATION_RELATIVE": 40.1}}, {"type": "Feature", "geometry": {"type": "LineString", "coordinates": [[-5.92040937, 54.60390893], [-5.92034437, 54.60388208]]}, "properties": {"DETAIL_ID": "CQ3.L10.W94", "USE_TYPE": "Wall", "LEVEL_ID": "CQ3.L10", "FACILITY_ID": "CQ3", "ELEVATION_RELATIVE": 40.1}}, {"type": "Feature", "geometry": {"type": "LineString", "coordinates": [[-5.92051873, 54.60395738], [-5.92048709, 54.60394431]]}, "properties": {"DETAIL_ID": "CQ3.L10.W95", "USE_TYPE": "Wall", "LEVEL_ID": "CQ3.L10", "FACILITY_ID": "CQ3", "ELEVATION_RELATIVE": 40.1}}, {"type": "Feature", "geometry": {"type": "LineString", "coordinates": [[-5.92048324, 54.60394272], [-5.9204299, 54.60392068]]}, "properties": {"DETAIL_ID": "CQ3.L10.W96", "USE_TYPE": "Wall", "LEVEL_ID": "CQ3.L10", "FACILITY_ID": "CQ3", "ELEVATION_RELATIVE": 40.1}}, {"type": "Feature", "geometry": {"type": "LineString", "coordinates": [[-5.92052514, 54.60395676], [-5.92043256, 54.60391851]]}, "properties": {"DETAIL_ID": "CQ3.L10.W97", "USE_TYPE": "Wall", "LEVEL_ID": "CQ3.L10", "FACILITY_ID": "CQ3", "ELEVATION_RELATIVE": 40.1}}, {"type": "Feature", "geometry": {"type": "LineString", "coordinates": [[-5.92065236, 54.60401259], [-5.92059901, 54.60399055]]}, "properties": {"DETAIL_ID": "CQ3.L10.W98", "USE_TYPE": "Wall", "LEVEL_ID": "CQ3.L10", "FACILITY_ID": "CQ3", "ELEVATION_RELATIVE": 40.1}}, {"type": "Feature", "geometry": {"type": "LineString", "coordinates": [[-5.92059527, 54.60398901], [-5.92056352, 54.60397589]]}, "properties": {"DETAIL_ID": "CQ3.L10.W99", "USE_TYPE": "Wall", "LEVEL_ID": "CQ3.L10", "FACILITY_ID": "CQ3", "ELEVATION_RELATIVE": 40.1}}, {"type": "Feature", "geometry": {"type": "LineString", "coordinates": [[-5.92065503, 54.60401042], [-5.92056245, 54.60397218]]}, "properties": {"DETAIL_ID": "CQ3.L10.W100", "USE_TYPE": "Wall", "LEVEL_ID": "CQ3.L10", "FACILITY_ID": "CQ3", "ELEVATION_RELATIVE": 40.1}}, {"type": "Feature", "geometry": {"type": "LineString", "coordinates": [[-5.92073681, 54.60404748], [-5.92072174, 54.60404126]]}, "properties": {"DETAIL_ID": "CQ3.L10.W101", "USE_TYPE": "Wall", "LEVEL_ID": "CQ3.L10", "FACILITY_ID": "CQ3", "ELEVATION_RELATIVE": 40.1}}, {"type": "Feature", "geometry": {"type": "LineString", "coordinates": [[-5.92071789, 54.60403967], [-5.92067566, 54.60402222]]}, "properties": {"DETAIL_ID": "CQ3.L10.W102", "USE_TYPE": "Wall", "LEVEL_ID": "CQ3.L10", "FACILITY_ID": "CQ3", "ELEVATION_RELATIVE": 40.1}}, {"type": "Feature", "geometry": {"type": "LineString", "coordinates": [[-5.92074333, 54.60404691], [-5.92067833, 54.60402005]]}, "properties": {"DETAIL_ID": "CQ3.L10.W103", "USE_TYPE": "Wall", "LEVEL_ID": "CQ3.L10", "FACILITY_ID": "CQ3", "ELEVATION_RELATIVE": 40.1}}, {"type": "Feature", "geometry": {"type": "LineString", "coordinates": [[-5.92063569, 54.60410642], [-5.92059784, 54.60409078]]}, "properties": {"DETAIL_ID": "CQ3.L10.W104", "USE_TYPE": "Wall", "LEVEL_ID": "CQ3.L10", "FACILITY_ID": "CQ3", "ELEVATION_RELATIVE": 40.1}}, {"type": "Feature", "geometry": {"type": "LineString", "coordinates": [[-5.92065461, 54.60411423], [-5.92063954, 54.60410801]]}, "properties": {"DETAIL_ID": "CQ3.L10.W105", "USE_TYPE": "Wall", "LEVEL_ID": "CQ3.L10", "FACILITY_ID": "CQ3", "ELEVATION_RELATIVE": 40.1}}, {"type": "Feature", "geometry": {"type": "LineString", "coordinates": [[-5.92065579, 54.60411799], [-5.92059133, 54.60409136]]}, "properties": {"DETAIL_ID": "CQ3.L10.W106", "USE_TYPE": "Wall", "LEVEL_ID": "CQ3.L10", "FACILITY_ID": "CQ3", "ELEVATION_RELATIVE": 40.1}}, {"type": "Feature", "geometry": {"type": "LineString", "coordinates": [[-5.92040104, 54.60400947], [-5.92034834, 54.6039877]]}, "properties": {"DETAIL_ID": "CQ3.L10.W107", "USE_TYPE": "Wall", "LEVEL_ID": "CQ3.L10", "FACILITY_ID": "CQ3", "ELEVATION_RELATIVE": 40.1}}, {"type": "Feature", "geometry": {"type": "LineString", "coordinates": [[-5.92043653, 54.60402413], [-5.92040489, 54.60401106]]}, "properties": {"DETAIL_ID": "CQ3.L10.W108", "USE_TYPE": "Wall", "LEVEL_ID": "CQ3.L10", "FACILITY_ID": "CQ3", "ELEVATION_RELATIVE": 40.1}}, {"type": "Feature", "geometry": {"type": "LineString", "coordinates": [[-5.9204376, 54.60402785], [-5.92034567, 54.60398986]]}, "properties": {"DETAIL_ID": "CQ3.L10.W109", "USE_TYPE": "Wall", "LEVEL_ID": "CQ3.L10", "FACILITY_ID": "CQ3", "ELEVATION_RELATIVE": 40.1}}, {"type": "Feature", "geometry": {"type": "LineString", "coordinates": [[-5.92027842, 54.60395881], [-5.92026325, 54.60395254]]}, "properties": {"DETAIL_ID": "CQ3.L10.W110", "USE_TYPE": "Wall", "LEVEL_ID": "CQ3.L10", "FACILITY_ID": "CQ3", "ELEVATION_RELATIVE": 40.1}}, {"type": "Feature", "geometry": {"type": "LineString", "coordinates": [[-5.92032001, 54.60397599], [-5.92028217, 54.60396036]]}, "properties": {"DETAIL_ID": "CQ3.L10.W111", "USE_TYPE": "Wall", "LEVEL_ID": "CQ3.L10", "FACILITY_ID": "CQ3", "ELEVATION_RELATIVE": 40.1}}, {"type": "Feature", "geometry": {"type": "LineString", "coordinates": [[-5.92032119, 54.60397975], [-5.92025683, 54.60395316]]}, "properties": {"DETAIL_ID": "CQ3.L10.W112", "USE_TYPE": "Wall", "LEVEL_ID": "CQ3.L10", "FACILITY_ID": "CQ3", "ELEVATION_RELATIVE": 40.1}}, {"type": "Feature", "geometry": {"type": "LineString", "coordinates": [[-5.9203876, 54.60392582], [-5.92034591, 54.60390859]]}, "properties": {"DETAIL_ID": "CQ3.L10.W113", "USE_TYPE": "Wall", "LEVEL_ID": "CQ3.L10", "FACILITY_ID": "CQ3", "ELEVATION_RELATIVE": 40.1}}, {"type": "Feature", "geometry": {"type": "LineString", "coordinates": [[-5.92038101, 54.60392646], [-5.92034317, 54.60391082]]}, "properties": {"DETAIL_ID": "CQ3.L10.W114", "USE_TYPE": "Wall", "LEVEL_ID": "CQ3.L10", "FACILITY_ID": "CQ3", "ELEVATION_RELATIVE": 40.1}}, {"type": "Feature", "geometry": {"type": "LineString", "coordinates": [[-5.92069669, 54.60405688], [-5.92065885, 54.60404124]]}, "properties": {"DETAIL_ID": "CQ3.L10.W115", "USE_TYPE": "Wall", "LEVEL_ID": "CQ3.L10", "FACILITY_ID": "CQ3", "ELEVATION_RELATIVE": 40.1}}, {"type": "Feature", "geometry": {"type": "LineString", "coordinates": [[-5.92069943, 54.60405465], [-5.92065774, 54.60403743]]}, "properties": {"DETAIL_ID": "CQ3.L10.W116", "USE_TYPE": "Wall", "LEVEL_ID": "CQ3.L10", "FACILITY_ID": "CQ3", "ELEVATION_RELATIVE": 40.1}}, {"type": "Feature", "geometry": {"type": "LineString", "coordinates": [[-5.92051307, 54.60405576], [-5.92048132, 54.60404264]]}, "properties": {"DETAIL_ID": "CQ3.L10.W117", "USE_TYPE": "Wall", "LEVEL_ID": "CQ3.L10", "FACILITY_ID": "CQ3", "ELEVATION_RELATIVE": 40.1}}, {"type": "Feature", "geometry": {"type": "LineString", "coordinates": [[-5.92056952, 54.60407908], [-5.92051681, 54.6040573]]}, "properties": {"DETAIL_ID": "CQ3.L10.W118", "USE_TYPE": "Wall", "LEVEL_ID": "CQ3.L10", "FACILITY_ID": "CQ3", "ELEVATION_RELATIVE": 40.1}}, {"type": "Feature", "geometry": {"type": "LineString", "coordinates": [[-5.92056685, 54.60408124], [-5.92047491, 54.60404326]]}, "properties": {"DETAIL_ID": "CQ3.L10.W119", "USE_TYPE": "Wall", "LEVEL_ID": "CQ3.L10", "FACILITY_ID": "CQ3", "ELEVATION_RELATIVE": 40.1}}, {"type": "Feature", "geometry": {"type": "LineString", "coordinates": [[-5.92059894, 54.60409067], [-5.92061069, 54.60408114]]}, "properties": {"DETAIL_ID": "CQ3.L11.W0", "USE_TYPE": "Wall", "LEVEL_ID": "CQ3.L11", "FACILITY_ID": "CQ3", "ELEVATION_RELATIVE": 44.0}}, {"type": "Feature", "geometry": {"type": "LineString", "coordinates": [[-5.9206355, 54.60410578], [-5.92064725, 54.60409624]]}, "properties": {"DETAIL_ID": "CQ3.L11.W1", "USE_TYPE": "Wall", "LEVEL_ID": "CQ3.L11", "FACILITY_ID": "CQ3", "ELEVATION_RELATIVE": 44.0}}, {"type": "Feature", "geometry": {"type": "LineString", "coordinates": [[-5.92061305, 54.60408931], [-5.92064141, 54.60406627]]}, "properties": {"DETAIL_ID": "CQ3.L11.W2", "USE_TYPE": "Wall", "LEVEL_ID": "CQ3.L11", "FACILITY_ID": "CQ3", "ELEVATION_RELATIVE": 44.0}}, {"type": "Feature", "geometry": {"type": "LineString", "coordinates": [[-5.92063325, 54.60409765], [-5.92064652, 54.60408688]]}, "properties": {"DETAIL_ID": "CQ3.L11.W3", "USE_TYPE": "Wall", "LEVEL_ID": "CQ3.L11", "FACILITY_ID": "CQ3", "ELEVATION_RELATIVE": 44.0}}, {"type": "Feature", "geometry": {"type": "LineString", "coordinates": [[-5.92031993, 54.6039754], [-5.92033168, 54.60396586]]}, "properties": {"DETAIL_ID": "CQ3.L11.W4", "USE_TYPE": "Wall", "LEVEL_ID": "CQ3.L11", "FACILITY_ID": "CQ3", "ELEVATION_RELATIVE": 44.0}}, {"type": "Feature", "geometry": {"type": "LineString", "coordinates": [[-5.92028327, 54.60396025], [-5.92029501, 54.60395071]]}, "properties": {"DETAIL_ID": "CQ3.L11.W5", "USE_TYPE": "Wall", "LEVEL_ID": "CQ3.L11", "FACILITY_ID": "CQ3", "ELEVATION_RELATIVE": 44.0}}, {"type": "Feature", "geometry": {"type": "LineString", "coordinates": [[-5.92031757, 54.60396723], [-5.92034594, 54.6039442]]}, "properties": {"DETAIL_ID": "CQ3.L11.W6", "USE_TYPE": "Wall", "LEVEL_ID": "CQ3.L11", "FACILITY_ID": "CQ3", "ELEVATION_RELATIVE": 44.0}}, {"type": "Feature", "geometry": {"type": "LineString", "coordinates": [[-5.92029737, 54.60395888], [-5.92031064, 54.60394811]]}, "properties": {"DETAIL_ID": "CQ3.L11.W7", "USE_TYPE": "Wall", "LEVEL_ID": "CQ3.L11", "FACILITY_ID": "CQ3", "ELEVATION_RELATIVE": 44.0}}, {"type": "Feature", "geometry": {"type": "LineString", "coordinates": [[-5.92063538, 54.60410515], [-5.92067411, 54.6040737]]}, "properties": {"DETAIL_ID": "CQ3.L11.W8", "USE_TYPE": "Wall", "LEVEL_ID": "CQ3.L11", "FACILITY_ID": "CQ3", "ELEVATION_RELATIVE": 44.0}}, {"type": "Feature", "geometry": {"type": "LineString", "coordinates": [[-5.92060003, 54.60409054], [-5.9206365, 54.60406092]]}, "properties": {"DETAIL_ID": "CQ3.L11.W9", "USE_TYPE": "Wall", "LEVEL_ID": "CQ3.L11", "FACILITY_ID": "CQ3", "ELEVATION_RELATIVE": 44.0}}, {"type": "Feature", "geometry": {"type": "LineString", "coordinates": [[-5.92060111, 54.60409044], [-5.92063713, 54.60406118]]}, "properties": {"DETAIL_ID": "CQ3.L11.W10", "USE_TYPE": "Wall", "LEVEL_ID": "CQ3.L11", "FACILITY_ID": "CQ3", "ELEVATION_RELATIVE": 44.0}}, {"type": "Feature", "geometry": {"type": "LineString", "coordinates": [[-5.9206352, 54.60410452], [-5.92067348, 54.60407344]]}, "properties": {"DETAIL_ID": "CQ3.L11.W11", "USE_TYPE": "Wall", "LEVEL_ID": "CQ3.L11", "FACILITY_ID": "CQ3", "ELEVATION_RELATIVE": 44.0}}, {"type": "Feature", "geometry": {"type": "LineString", "coordinates": [[-5.92028438, 54.60396013], [-5.9203231, 54.60392868]]}, "properties": {"DETAIL_ID": "CQ3.L11.W12", "USE_TYPE": "Wall", "LEVEL_ID": "CQ3.L11", "FACILITY_ID": "CQ3", "ELEVATION_RELATIVE": 44.0}}, {"type": "Feature", "geometry": {"type": "LineString", "coordinates": [[-5.92031973, 54.60397473], [-5.9203562, 54.60394511]]}, "properties": {"DETAIL_ID": "CQ3.L11.W13", "USE_TYPE": "Wall", "LEVEL_ID": "CQ3.L11", "FACILITY_ID": "CQ3", "ELEVATION_RELATIVE": 44.0}}, {"type": "Feature", "geometry": {"type": "LineString", "coordinates": [[-5.92031955, 54.60397411], [-5.92035557, 54.60394485]]}, "properties": {"DETAIL_ID": "CQ3.L11.W14", "USE_TYPE": "Wall", "LEVEL_ID": "CQ3.L11", "FACILITY_ID": "CQ3", "ELEVATION_RELATIVE": 44.0}}, {"type": "Feature", "geometry": {"type": "LineString", "coordinates": [[-5.92028546, 54.60396002], [-5.92032373, 54.60392894]]}, "properties": {"DETAIL_ID": "CQ3.L11.W15", "USE_TYPE": "Wall", "LEVEL_ID": "CQ3.L11", "FACILITY_ID": "CQ3", "ELEVATION_RELATIVE": 44.0}}, {"type": "Feature", "geometry": {"type": "LineString", "coordinates": [[-5.92027842, 54.60395881], [-5.92031861, 54.60392618]]}, "properties": {"DETAIL_ID": "CQ3.L11.W16", "USE_TYPE": "Wall", "LEVEL_ID": "CQ3.L11", "FACILITY_ID": "CQ3", "ELEVATION_RELATIVE": 44.0}}, {"type": "Feature", "geometry": {"type": "LineString", "coordinates": [[-5.92032044, 54.60392469], [-5.92036062, 54.60389206]]}, "properties": {"DETAIL_ID": "CQ3.L11.W17", "USE_TYPE": "Wall", "LEVEL_ID": "CQ3.L11", "FACILITY_ID": "CQ3", "ELEVATION_RELATIVE": 44.0}}, {"type": "Feature", "geometry": {"type": "LineString", "coordinates": [[-5.92028217, 54.60396036], [-5.92034317, 54.60391082]]}, "properties": {"DETAIL_ID": "CQ3.L11.W18", "USE_TYPE": "Wall", "LEVEL_ID": "CQ3.L11", "FACILITY_ID": "CQ3", "ELEVATION_RELATIVE": 44.0}}, {"type": "Feature", "geometry": {"type": "LineString", "coordinates": [[-5.92034591, 54.60390859], [-5.92036437, 54.60389361]]}, "properties": {"DETAIL_ID": "CQ3.L11.W19", "USE_TYPE": "Wall", "LEVEL_ID": "CQ3.L11", "FACILITY_ID": "CQ3", "ELEVATION_RELATIVE": 44.0}}, {"type": "Feature", "geometry": {"type": "LineString", "coordinates": [[-5.92068155, 54.60407389], [-5.92072174, 54.60404126]]}, "properties": {"DETAIL_ID": "CQ3.L11.W20", "USE_TYPE": "Wall", "LEVEL_ID": "CQ3.L11", "FACILITY_ID": "CQ3", "ELEVATION_RELATIVE": 44.0}}, {"type": "Feature", "geometry": {"type": "LineString", "coordinates": [[-5.92063954, 54.60410801], [-5.92067972, 54.60407537]]}, "properties": {"DETAIL_ID": "CQ3.L11.W21", "USE_TYPE": "Wall", "LEVEL_ID": "CQ3.L11", "FACILITY_ID": "CQ3", "ELEVATION_RELATIVE": 44.0}}, {"type": "Feature", "geometry": {"type": "LineString", "coordinates": [[-5.92069943, 54.60405465], [-5.92071789, 54.60403967]]}, "properties": {"DETAIL_ID": "CQ3.L11.W22", "USE_TYPE": "Wall", "LEVEL_ID": "CQ3.L11", "FACILITY_ID": "CQ3", "ELEVATION_RELATIVE": 44.0}}, {"type": "Feature", "geometry": {"type": "LineString", "coordinates": [[-5.92063569, 54.60410642], [-5.92069669, 54.60405688]]}, "properties": {"DETAIL_ID": "CQ3.L11.W23", "USE_TYPE": "Wall", "LEVEL_ID": "CQ3.L11", "FACILITY_ID": "CQ3", "ELEVATION_RELATIVE": 44.0}}, {"type": "Feature", "geometry": {"type": "LineString", "coordinates": [[-5.92032001, 54.60397599], [-5.92036629, 54.60393841]]}, "properties": {"DETAIL_ID": "CQ3.L11.W24", "USE_TYPE": "Wall", "LEVEL_ID": "CQ3.L11", "FACILITY_ID": "CQ3", "ELEVATION_RELATIVE": 44.0}}, {"type": "Feature", "geometry": {"type": "LineString", "coordinates": [[-5.92032119, 54.60397975], [-5.92037014, 54.60394]]}, "properties": {"DETAIL_ID": "CQ3.L11.W25", "USE_TYPE": "Wall", "LEVEL_ID": "CQ3.L11", "FACILITY_ID": "CQ3", "ELEVATION_RELATIVE": 44.0}}, {"type": "Feature", "geometry": {"type": "LineString", "coordinates": [[-5.92059133, 54.60409136], [-5.92064028, 54.60405161]]}, "properties": {"DETAIL_ID": "CQ3.L11.W26", "USE_TYPE": "Wall", "LEVEL_ID": "CQ3.L11", "FACILITY_ID": "CQ3", "ELEVATION_RELATIVE": 44.0}}, {"type": "Feature", "geometry": {"type": "LineString", "coordinates": [[-5.92059784, 54.60409078], [-5.92064413, 54.6040532]]}, "properties": {"DETAIL_ID": "CQ3.L11.W27", "USE_TYPE": "Wall", "LEVEL_ID": "CQ3.L11", "FACILITY_ID": "CQ3", "ELEVATION_RELATIVE": 44.0}}, {"type": "Feature", "geometry": {"type": "LineString", "coordinates": [[-5.92055261, 54.60398016], [-5.92056245, 54.60397218]]}, "properties": {"DETAIL_ID": "CQ3.L11.W28", "USE_TYPE": "Wall", "LEVEL_ID": "CQ3.L11", "FACILITY_ID": "CQ3", "ELEVATION_RELATIVE": 44.0}}, {"type": "Feature", "geometry": {"type": "LineString", "coordinates": [[-5.92052409, 54.60400332], [-5.92054095, 54.60398964]]}, "properties": {"DETAIL_ID": "CQ3.L11.W29", "USE_TYPE": "Wall", "LEVEL_ID": "CQ3.L11", "FACILITY_ID": "CQ3", "ELEVATION_RELATIVE": 44.0}}, {"type": "Feature", "geometry": {"type": "LineString", "coordinates": [[-5.92049596, 54.60402617], [-5.92051327, 54.60401211]]}, "properties": {"DETAIL_ID": "CQ3.L11.W30", "USE_TYPE": "Wall", "LEVEL_ID": "CQ3.L11", "FACILITY_ID": "CQ3", "ELEVATION_RELATIVE": 44.0}}, {"type": "Feature", "geometry": {"type": "LineString", "coordinates": [[-5.92047491, 54.60404326], [-5.92048521, 54.6040349]]}, "properties": {"DETAIL_ID": "CQ3.L11.W31", "USE_TYPE": "Wall", "LEVEL_ID": "CQ3.L11", "FACILITY_ID": "CQ3", "ELEVATION_RELATIVE": 44.0}}, {"type": "Feature", "geometry": {"type": "LineString", "coordinates": [[-5.9204376, 54.60402785], [-5.9204479, 54.60401949]]}, "properties": {"DETAIL_ID": "CQ3.L11.W32", "USE_TYPE": "Wall", "LEVEL_ID": "CQ3.L11", "FACILITY_ID": "CQ3", "ELEVATION_RELATIVE": 44.0}}, {"type": "Feature", "geometry": {"type": "LineString", "coordinates": [[-5.92045865, 54.60401076], [-5.92047596, 54.6039967]]}, "properties": {"DETAIL_ID": "CQ3.L11.W33", "USE_TYPE": "Wall", "LEVEL_ID": "CQ3.L11", "FACILITY_ID": "CQ3", "ELEVATION_RELATIVE": 44.0}}, {"type": "Feature", "geometry": {"type": "LineString", "coordinates": [[-5.92048679, 54.60398791], [-5.92050364, 54.60397422]]}, "properties": {"DETAIL_ID": "CQ3.L11.W34", "USE_TYPE": "Wall", "LEVEL_ID": "CQ3.L11", "FACILITY_ID": "CQ3", "ELEVATION_RELATIVE": 44.0}}, {"type": "Feature", "geometry": {"type": "LineString", "coordinates": [[-5.9205153, 54.60396475], [-5.92052514, 54.60395676]]}, "properties": {"DETAIL_ID": "CQ3.L11.W35", "USE_TYPE": "Wall", "LEVEL_ID": "CQ3.L11", "FACILITY_ID": "CQ3", "ELEVATION_RELATIVE": 44.0}}, {"type": "Feature", "geometry": {"type": "LineString", "coordinates": [[-5.92040104, 54.60400947], [-5.92046486, 54.60395764]]}, "properties": {"DETAIL_ID": "CQ3.L11.W36", "USE_TYPE": "Wall", "LEVEL_ID": "CQ3.L11", "FACILITY_ID": "CQ3", "ELEVATION_RELATIVE": 44.0}}, {"type": "Feature", "geometry": {"type": "LineString", "coordinates": [[-5.92040489, 54.60401106], [-5.92043104, 54.60398982]]}, "properties": {"DETAIL_ID": "CQ3.L11.W37", "USE_TYPE": "Wall", "LEVEL_ID": "CQ3.L11", "FACILITY_ID": "CQ3", "ELEVATION_RELATIVE": 44.0}}, {"type": "Feature", "geometry": {"type": "LineString", "coordinates": [[-5.92043287, 54.60398833], [-5.9204591, 54.60396703]]}, "properties": {"DETAIL_ID": "CQ3.L11.W38", "USE_TYPE": "Wall", "LEVEL_ID": "CQ3.L11", "FACILITY_ID": "CQ3", "ELEVATION_RELATIVE": 44.0}}, {"type": "Feature", "geometry": {"type": "LineString", "coordinates": [[-5.92051681, 54.6040573], [-5.92058064, 54.60400548]]}, "properties": {"DETAIL_ID": "CQ3.L11.W39", "USE_TYPE": "Wall", "LEVEL_ID": "CQ3.L11", "FACILITY_ID": "CQ3", "ELEVATION_RELATIVE": 44.0}}, {"type": "Feature", "geometry": {"type": "LineString", "coordinates": [[-5.92054106, 54.60403303], [-5.92056729, 54.60401173]]}, "properties": {"DETAIL_ID": "CQ3.L11.W40", "USE_TYPE": "Wall", "LEVEL_ID": "CQ3.L11", "FACILITY_ID": "CQ3", "ELEVATION_RELATIVE": 44.0}}, {"type": "Feature", "geometry": {"type": "LineString", "coordinates": [[-5.92051307, 54.60405576], [-5.92053923, 54.60403452]]}, "properties": {"DETAIL_ID": "CQ3.L11.W41", "USE_TYPE": "Wall", "LEVEL_ID": "CQ3.L11", "FACILITY_ID": "CQ3", "ELEVATION_RELATIVE": 44.0}}, {"type": "Feature", "geometry": {"type": "LineString", "coordinates": [[-5.92039577, 54.60377515], [-5.9203834, 54.60377004]]}, "properties": {"DETAIL_ID": "CQ3.L11.W42", "USE_TYPE": "Wall", "LEVEL_ID": "CQ3.L11", "FACILITY_ID": "CQ3", "ELEVATION_RELATIVE": 44.0}}, {"type": "Feature", "geometry": {"type": "LineString", "coordinates": [[-5.920396, 54.60377497], [-5.92038363, 54.60376985]]}, "properties": {"DETAIL_ID": "CQ3.L11.W43", "USE_TYPE": "Wall", "LEVEL_ID": "CQ3.L11", "FACILITY_ID": "CQ3", "ELEVATION_RELATIVE": 44.0}}, {"type": "Feature", "geometry": {"type": "LineString", "coordinates": [[-5.92046452, 54.60400141], [-5.92043287, 54.60398833]]}, "properties": {"DETAIL_ID": "CQ3.L11.W44", "USE_TYPE": "Wall", "LEVEL_ID": "CQ3.L11", "FACILITY_ID": "CQ3", "ELEVATION_RELATIVE": 44.0}}, {"type": "Feature", "geometry": {"type": "LineString", "coordinates": [[-5.92046269, 54.60400289], [-5.92043104, 54.60398982]]}, "properties": {"DETAIL_ID": "CQ3.L11.W45", "USE_TYPE": "Wall", "LEVEL_ID": "CQ3.L11", "FACILITY_ID": "CQ3", "ELEVATION_RELATIVE": 44.0}}, {"type": "Feature", "geometry": {"type": "LineString", "coordinates": [[-5.92049258, 54.60397862], [-5.92046093, 54.60396555]]}, "properties": {"DETAIL_ID": "CQ3.L11.W46", "USE_TYPE": "Wall", "LEVEL_ID": "CQ3.L11", "FACILITY_ID": "CQ3", "ELEVATION_RELATIVE": 44.0}}, {"type": "Feature", "geometry": {"type": "LineString", "coordinates": [[-5.92049075, 54.60398011], [-5.9204591, 54.60396703]]}, "properties": {"DETAIL_ID": "CQ3.L11.W47", "USE_TYPE": "Wall", "LEVEL_ID": "CQ3.L11", "FACILITY_ID": "CQ3", "ELEVATION_RELATIVE": 44.0}}, {"type": "Feature", "geometry": {"type": "LineString", "coordinates": [[-5.92056912, 54.60401025], [-5.92053737, 54.60399713]]}, "properties": {"DETAIL_ID": "CQ3.L11.W48", "USE_TYPE": "Wall", "LEVEL_ID": "CQ3.L11", "FACILITY_ID": "CQ3", "ELEVATION_RELATIVE": 44.0}}, {"type": "Feature", "geometry": {"type": "LineString", "coordinates": [[-5.92056729, 54.60401173], [-5.92053554, 54.60399861]]}, "properties": {"DETAIL_ID": "CQ3.L11.W49", "USE_TYPE": "Wall", "LEVEL_ID": "CQ3.L11", "FACILITY_ID": "CQ3", "ELEVATION_RELATIVE": 44.0}}, {"type": "Feature", "geometry": {"type": "LineString", "coordinates": [[-5.92054106, 54.60403303], [-5.92050931, 54.60401991]]}, "properties": {"DETAIL_ID": "CQ3.L11.W50", "USE_TYPE": "Wall", "LEVEL_ID": "CQ3.L11", "FACILITY_ID": "CQ3", "ELEVATION_RELATIVE": 44.0}}, {"type": "Feature", "geometry": {"type": "LineString", "coordinates": [[-5.92053923, 54.60403452], [-5.92050748, 54.6040214]]}, "properties": {"DETAIL_ID": "CQ3.L11.W51", "USE_TYPE": "Wall", "LEVEL_ID": "CQ3.L11", "FACILITY_ID": "CQ3", "ELEVATION_RELATIVE": 44.0}}, {"type": "Feature", "geometry": {"type": "LineString", "coordinates": [[-5.92031861, 54.60392618], [-5.92030097, 54.60391889]]}, "properties": {"DETAIL_ID": "CQ3.L11.W52", "USE_TYPE": "Wall", "LEVEL_ID": "CQ3.L11", "FACILITY_ID": "CQ3", "ELEVATION_RELATIVE": 44.0}}, {"type": "Feature", "geometry": {"type": "LineString", "coordinates": [[-5.92032044, 54.60392469], [-5.9203028, 54.6039174]]}, "properties": {"DETAIL_ID": "CQ3.L11.W53", "USE_TYPE": "Wall", "LEVEL_ID": "CQ3.L11", "FACILITY_ID": "CQ3", "ELEVATION_RELATIVE": 44.0}}, {"type": "Feature", "geometry": {"type": "LineString", "coordinates": [[-5.92069725, 54.60408262], [-5.92067972, 54.60407537]]}, "properties": {"DETAIL_ID": "CQ3.L11.W54", "USE_TYPE": "Wall", "LEVEL_ID": "CQ3.L11", "FACILITY_ID": "CQ3", "ELEVATION_RELATIVE": 44.0}}, {"type": "Feature", "geometry": {"type": "LineString", "coordinates": [[-5.92069908, 54.60408113], [-5.92068155, 54.60407389]]}, "properties": {"DETAIL_ID": "CQ3.L11.W55", "USE_TYPE": "Wall", "LEVEL_ID": "CQ3.L11", "FACILITY_ID": "CQ3", "ELEVATION_RELATIVE": 44.0}}, {"type": "Feature", "geometry": {"type": "LineString", "coordinates": [[-5.92064954, 54.60406963], [-5.92063318, 54.60406287]]}, "properties": {"DETAIL_ID": "CQ3.L11.W56", "USE_TYPE": "Wall", "LEVEL_ID": "CQ3.L11", "FACILITY_ID": "CQ3", "ELEVATION_RELATIVE": 44.0}}, {"type": "Feature", "geometry": {"type": "LineString", "coordinates": [[-5.92064733, 54.60407143], [-5.92063097, 54.60406467]]}, "properties": {"DETAIL_ID": "CQ3.L11.W57", "USE_TYPE": "Wall", "LEVEL_ID": "CQ3.L11", "FACILITY_ID": "CQ3", "ELEVATION_RELATIVE": 44.0}}, {"type": "Feature", "geometry": {"type": "LineString", "coordinates": [[-5.92064504, 54.60407328], [-5.92062868, 54.60406653]]}, "properties": {"DETAIL_ID": "CQ3.L11.W58", "USE_TYPE": "Wall", "LEVEL_ID": "CQ3.L11", "FACILITY_ID": "CQ3", "ELEVATION_RELATIVE": 44.0}}, {"type": "Feature", "geometry": {"type": "LineString", "coordinates": [[-5.92064283, 54.60407508], [-5.92062647, 54.60406832]]}, "properties": {"DETAIL_ID": "CQ3.L11.W59", "USE_TYPE": "Wall", "LEVEL_ID": "CQ3.L11", "FACILITY_ID": "CQ3", "ELEVATION_RELATIVE": 44.0}}, {"type": "Feature", "geometry": {"type": "LineString", "coordinates": [[-5.92064054, 54.60407694], [-5.92062418, 54.60407018]]}, "properties": {"DETAIL_ID": "CQ3.L11.W60", "USE_TYPE": "Wall", "LEVEL_ID": "CQ3.L11", "FACILITY_ID": "CQ3", "ELEVATION_RELATIVE": 44.0}}, {"type": "Feature", "geometry": {"type": "LineString", "coordinates": [[-5.92063833, 54.60407873], [-5.92062197, 54.60407197]]}, "properties": {"DETAIL_ID": "CQ3.L11.W61", "USE_TYPE": "Wall", "LEVEL_ID": "CQ3.L11", "FACILITY_ID": "CQ3", "ELEVATION_RELATIVE": 44.0}}, {"type": "Feature", "geometry": {"type": "LineString", "coordinates": [[-5.92063604, 54.60408059], [-5.92061968, 54.60407383]]}, "properties": {"DETAIL_ID": "CQ3.L11.W62", "USE_TYPE": "Wall", "LEVEL_ID": "CQ3.L11", "FACILITY_ID": "CQ3", "ELEVATION_RELATIVE": 44.0}}, {"type": "Feature", "geometry": {"type": "LineString", "coordinates": [[-5.92063375, 54.60408245], [-5.9206174, 54.60407569]]}, "properties": {"DETAIL_ID": "CQ3.L11.W63", "USE_TYPE": "Wall", "LEVEL_ID": "CQ3.L11", "FACILITY_ID": "CQ3", "ELEVATION_RELATIVE": 44.0}}, {"type": "Feature", "geometry": {"type": "LineString", "coordinates": [[-5.92063154, 54.60408424], [-5.92061519, 54.60407749]]}, "properties": {"DETAIL_ID": "CQ3.L11.W64", "USE_TYPE": "Wall", "LEVEL_ID": "CQ3.L11", "FACILITY_ID": "CQ3", "ELEVATION_RELATIVE": 44.0}}, {"type": "Feature", "geometry": {"type": "LineString", "coordinates": [[-5.92062925, 54.6040861], [-5.9206129, 54.60407934]]}, "properties": {"DETAIL_ID": "CQ3.L11.W65", "USE_TYPE": "Wall", "LEVEL_ID": "CQ3.L11", "FACILITY_ID": "CQ3", "ELEVATION_RELATIVE": 44.0}}, {"type": "Feature", "geometry": {"type": "LineString", "coordinates": [[-5.9206355, 54.60410578], [-5.92059894, 54.60409067]]}, "properties": {"DETAIL_ID": "CQ3.L11.W66", "USE_TYPE": "Wall", "LEVEL_ID": "CQ3.L11", "FACILITY_ID": "CQ3", "ELEVATION_RELATIVE": 44.0}}, {"type": "Feature", "geometry": {"type": "LineString", "coordinates": [[-5.92062704, 54.6040879], [-5.92061069, 54.60408114]]}, "properties": {"DETAIL_ID": "CQ3.L11.W67", "USE_TYPE": "Wall", "LEVEL_ID": "CQ3.L11", "FACILITY_ID": "CQ3", "ELEVATION_RELATIVE": 44.0}}, {"type": "Feature", "geometry": {"type": "LineString", "coordinates": [[-5.92064725, 54.60409624], [-5.92063089, 54.60408949]]}, "properties": {"DETAIL_ID": "CQ3.L11.W68", "USE_TYPE": "Wall", "LEVEL_ID": "CQ3.L11", "FACILITY_ID": "CQ3", "ELEVATION_RELATIVE": 44.0}}, {"type": "Feature", "geometry": {"type": "LineString", "coordinates": [[-5.92064946, 54.60409445], [-5.9206331, 54.60408769]]}, "properties": {"DETAIL_ID": "CQ3.L11.W69", "USE_TYPE": "Wall", "LEVEL_ID": "CQ3.L11", "FACILITY_ID": "CQ3", "ELEVATION_RELATIVE": 44.0}}, {"type": "Feature", "geometry": {"type": "LineString", "coordinates": [[-5.92065175, 54.60409259], [-5.92063539, 54.60408583]]}, "properties": {"DETAIL_ID": "CQ3.L11.W70", "USE_TYPE": "Wall", "LEVEL_ID": "CQ3.L11", "FACILITY_ID": "CQ3", "ELEVATION_RELATIVE": 44.0}}, {"type": "Feature", "geometry": {"type": "LineString", "coordinates": [[-5.92063325, 54.60409765], [-5.92061305, 54.60408931]]}, "properties": {"DETAIL_ID": "CQ3.L11.W71", "USE_TYPE": "Wall", "LEVEL_ID": "CQ3.L11", "FACILITY_ID": "CQ3", "ELEVATION_RELATIVE": 44.0}}, {"type": "Feature", "geometry": {"type": "LineString", "coordinates": [[-5.92035417, 54.6039476], [-5.92033771, 54.6039408]]}, "properties": {"DETAIL_ID": "CQ3.L11.W72", "USE_TYPE": "Wall", "LEVEL_ID": "CQ3.L11", "FACILITY_ID": "CQ3", "ELEVATION_RELATIVE": 44.0}}, {"type": "Feature", "geometry": {"type": "LineString", "coordinates": [[-5.92035196, 54.60394939], [-5.9203355, 54.60394259]]}, "properties": {"DETAIL_ID": "CQ3.L11.W73", "USE_TYPE": "Wall", "LEVEL_ID": "CQ3.L11", "FACILITY_ID": "CQ3", "ELEVATION_RELATIVE": 44.0}}, {"type": "Feature", "geometry": {"type": "LineString", "coordinates": [[-5.92034967, 54.60395125], [-5.92033321, 54.60394445]]}, "properties": {"DETAIL_ID": "CQ3.L11.W74", "USE_TYPE": "Wall", "LEVEL_ID": "CQ3.L11", "FACILITY_ID": "CQ3", "ELEVATION_RELATIVE": 44.0}}, {"type": "Feature", "geometry": {"type": "LineString", "coordinates": [[-5.92034746, 54.60395305], [-5.920331, 54.60394624]]}, "properties": {"DETAIL_ID": "CQ3.L11.W75", "USE_TYPE": "Wall", "LEVEL_ID": "CQ3.L11", "FACILITY_ID": "CQ3", "ELEVATION_RELATIVE": 44.0}}, {"type": "Feature", "geometry": {"type": "LineString", "coordinates": [[-5.92034517, 54.6039549], [-5.92032871, 54.6039481]]}, "properties": {"DETAIL_ID": "CQ3.L11.W76", "USE_TYPE": "Wall", "LEVEL_ID": "CQ3.L11", "FACILITY_ID": "CQ3", "ELEVATION_RELATIVE": 44.0}}, {"type": "Feature", "geometry": {"type": "LineString", "coordinates": [[-5.92034296, 54.6039567], [-5.9203265, 54.6039499]]}, "properties": {"DETAIL_ID": "CQ3.L11.W77", "USE_TYPE": "Wall", "LEVEL_ID": "CQ3.L11", "FACILITY_ID": "CQ3", "ELEVATION_RELATIVE": 44.0}}, {"type": "Feature", "geometry": {"type": "LineString", "coordinates": [[-5.92034067, 54.60395856], [-5.92032421, 54.60395175]]}, "properties": {"DETAIL_ID": "CQ3.L11.W78", "USE_TYPE": "Wall", "LEVEL_ID": "CQ3.L11", "FACILITY_ID": "CQ3", "ELEVATION_RELATIVE": 44.0}}, {"type": "Feature", "geometry": {"type": "LineString", "coordinates": [[-5.92033839, 54.60396041], [-5.92032192, 54.60395361]]}, "properties": {"DETAIL_ID": "CQ3.L11.W79", "USE_TYPE": "Wall", "LEVEL_ID": "CQ3.L11", "FACILITY_ID": "CQ3", "ELEVATION_RELATIVE": 44.0}}, {"type": "Feature", "geometry": {"type": "LineString", "coordinates": [[-5.92033617, 54.60396221], [-5.92031971, 54.60395541]]}, "properties": {"DETAIL_ID": "CQ3.L11.W80", "USE_TYPE": "Wall", "LEVEL_ID": "CQ3.L11", "FACILITY_ID": "CQ3", "ELEVATION_RELATIVE": 44.0}}, {"type": "Feature", "geometry": {"type": "LineString", "coordinates": [[-5.92033389, 54.60396407], [-5.92031742, 54.60395727]]}, "properties": {"DETAIL_ID": "CQ3.L11.W81", "USE_TYPE": "Wall", "LEVEL_ID": "CQ3.L11", "FACILITY_ID": "CQ3", "ELEVATION_RELATIVE": 44.0}}, {"type": "Feature", "geometry": {"type": "LineString", "coordinates": [[-5.92031993, 54.6039754], [-5.92028327, 54.60396025]]}, "properties": {"DETAIL_ID": "CQ3.L11.W82", "USE_TYPE": "Wall", "LEVEL_ID": "CQ3.L11", "FACILITY_ID": "CQ3", "ELEVATION_RELATIVE": 44.0}}, {"type": "Feature", "geometry": {"type": "LineString", "coordinates": [[-5.92033168, 54.60396586], [-5.92031521, 54.60395906]]}, "properties": {"DETAIL_ID": "CQ3.L11.W83", "USE_TYPE": "Wall", "LEVEL_ID": "CQ3.L11", "FACILITY_ID": "CQ3", "ELEVATION_RELATIVE": 44.0}}, {"type": "Feature", "geometry": {"type": "LineString", "coordinates": [[-5.92031147, 54.60395752], [-5.92029501, 54.60395071]]}, "properties": {"DETAIL_ID": "CQ3.L11.W84", "USE_TYPE": "Wall", "LEVEL_ID": "CQ3.L11", "FACILITY_ID": "CQ3", "ELEVATION_RELATIVE": 44.0}}, {"type": "Feature", "geometry": {"type": "LineString", "coordinates": [[-5.92031368, 54.60395572], [-5.92029722, 54.60394892]]}, "properties": {"DETAIL_ID": "CQ3.L11.W85", "USE_TYPE": "Wall", "LEVEL_ID": "CQ3.L11", "FACILITY_ID": "CQ3", "ELEVATION_RELATIVE": 44.0}}, {"type": "Feature", "geometry": {"type": "LineString", "coordinates": [[-5.92031597, 54.60395386], [-5.92029951, 54.60394706]]}, "properties": {"DETAIL_ID": "CQ3.L11.W86", "USE_TYPE": "Wall", "LEVEL_ID": "CQ3.L11", "FACILITY_ID": "CQ3", "ELEVATION_RELATIVE": 44.0}}, {"type": "Feature", "geometry": {"type": "LineString", "coordinates": [[-5.92031757, 54.60396723], [-5.92029737, 54.60395888]]}, "properties": {"DETAIL_ID": "CQ3.L11.W87", "USE_TYPE": "Wall", "LEVEL_ID": "CQ3.L11", "FACILITY_ID": "CQ3", "ELEVATION_RELATIVE": 44.0}}, {"type": "Feature", "geometry": {"type": "LineString", "coordinates": [[-5.92063538, 54.60410515], [-5.92060003, 54.60409054]]}, "properties": {"DETAIL_ID": "CQ3.L11.W88", "USE_TYPE": "Wall", "LEVEL_ID": "CQ3.L11", "FACILITY_ID": "CQ3", "ELEVATION_RELATIVE": 44.0}}, {"type": "Feature", "geometry": {"type": "LineString", "coordinates": [[-5.9206352, 54.60410452], [-5.92060111, 54.60409044]]}, "properties": {"DETAIL_ID": "CQ3.L11.W89", "USE_TYPE": "Wall", "LEVEL_ID": "CQ3.L11", "FACILITY_ID": "CQ3", "ELEVATION_RELATIVE": 44.0}}, {"type": "Feature", "geometry": {"type": "LineString", "coordinates": [[-5.92031973, 54.60397473], [-5.92028438, 54.60396013]]}, "properties": {"DETAIL_ID": "CQ3.L11.W90", "USE_TYPE": "Wall", "LEVEL_ID": "CQ3.L11", "FACILITY_ID": "CQ3", "ELEVATION_RELATIVE": 44.0}}, {"type": "Feature", "geometry": {"type": "LineString", "coordinates": [[-5.92031955, 54.60397411], [-5.92028546, 54.60396002]]}, "properties": {"DETAIL_ID": "CQ3.L11.W91", "USE_TYPE": "Wall", "LEVEL_ID": "CQ3.L11", "FACILITY_ID": "CQ3", "ELEVATION_RELATIVE": 44.0}}, {"type": "Feature", "geometry": {"type": "LineString", "coordinates": [[-5.92039387, 54.6039058], [-5.92036437, 54.60389361]]}, "properties": {"DETAIL_ID": "CQ3.L11.W92", "USE_TYPE": "Wall", "LEVEL_ID": "CQ3.L11", "FACILITY_ID": "CQ3", "ELEVATION_RELATIVE": 44.0}}, {"type": "Feature", "geometry": {"type": "LineString", "coordinates": [[-5.92036062, 54.60389206], [-5.92034544, 54.60388579]]}, "properties": {"DETAIL_ID": "CQ3.L11.W93", "USE_TYPE": "Wall", "LEVEL_ID": "CQ3.L11", "FACILITY_ID": "CQ3", "ELEVATION_RELATIVE": 44.0}}, {"type": "Feature", "geometry": {"type": "LineString", "coordinates": [[-5.92040937, 54.60390893], [-5.92034437, 54.60388208]]}, "properties": {"DETAIL_ID": "CQ3.L11.W94", "USE_TYPE": "Wall", "LEVEL_ID": "CQ3.L11", "FACILITY_ID": "CQ3", "ELEVATION_RELATIVE": 44.0}}, {"type": "Feature", "geometry": {"type": "LineString", "coordinates": [[-5.92051873, 54.60395738], [-5.92048709, 54.60394431]]}, "properties": {"DETAIL_ID": "CQ3.L11.W95", "USE_TYPE": "Wall", "LEVEL_ID": "CQ3.L11", "FACILITY_ID": "CQ3", "ELEVATION_RELATIVE": 44.0}}, {"type": "Feature", "geometry": {"type": "LineString", "coordinates": [[-5.92048324, 54.60394272], [-5.9204299, 54.60392068]]}, "properties": {"DETAIL_ID": "CQ3.L11.W96", "USE_TYPE": "Wall", "LEVEL_ID": "CQ3.L11", "FACILITY_ID": "CQ3", "ELEVATION_RELATIVE": 44.0}}, {"type": "Feature", "geometry": {"type": "LineString", "coordinates": [[-5.92052514, 54.60395676], [-5.92043256, 54.60391851]]}, "properties": {"DETAIL_ID": "CQ3.L11.W97", "USE_TYPE": "Wall", "LEVEL_ID": "CQ3.L11", "FACILITY_ID": "CQ3", "ELEVATION_RELATIVE": 44.0}}, {"type": "Feature", "geometry": {"type": "LineString", "coordinates": [[-5.92065236, 54.60401259], [-5.92059901, 54.60399055]]}, "properties": {"DETAIL_ID": "CQ3.L11.W98", "USE_TYPE": "Wall", "LEVEL_ID": "CQ3.L11", "FACILITY_ID": "CQ3", "ELEVATION_RELATIVE": 44.0}}, {"type": "Feature", "geometry": {"type": "LineString", "coordinates": [[-5.92059527, 54.60398901], [-5.92056352, 54.60397589]]}, "properties": {"DETAIL_ID": "CQ3.L11.W99", "USE_TYPE": "Wall", "LEVEL_ID": "CQ3.L11", "FACILITY_ID": "CQ3", "ELEVATION_RELATIVE": 44.0}}, {"type": "Feature", "geometry": {"type": "LineString", "coordinates": [[-5.92065503, 54.60401042], [-5.92056245, 54.60397218]]}, "properties": {"DETAIL_ID": "CQ3.L11.W100", "USE_TYPE": "Wall", "LEVEL_ID": "CQ3.L11", "FACILITY_ID": "CQ3", "ELEVATION_RELATIVE": 44.0}}, {"type": "Feature", "geometry": {"type": "LineString", "coordinates": [[-5.92073681, 54.60404748], [-5.92072174, 54.60404126]]}, "properties": {"DETAIL_ID": "CQ3.L11.W101", "USE_TYPE": "Wall", "LEVEL_ID": "CQ3.L11", "FACILITY_ID": "CQ3", "ELEVATION_RELATIVE": 44.0}}, {"type": "Feature", "geometry": {"type": "LineString", "coordinates": [[-5.92071789, 54.60403967], [-5.92067566, 54.60402222]]}, "properties": {"DETAIL_ID": "CQ3.L11.W102", "USE_TYPE": "Wall", "LEVEL_ID": "CQ3.L11", "FACILITY_ID": "CQ3", "ELEVATION_RELATIVE": 44.0}}, {"type": "Feature", "geometry": {"type": "LineString", "coordinates": [[-5.92074333, 54.60404691], [-5.92067833, 54.60402005]]}, "properties": {"DETAIL_ID": "CQ3.L11.W103", "USE_TYPE": "Wall", "LEVEL_ID": "CQ3.L11", "FACILITY_ID": "CQ3", "ELEVATION_RELATIVE": 44.0}}, {"type": "Feature", "geometry": {"type": "LineString", "coordinates": [[-5.92063569, 54.60410642], [-5.92059784, 54.60409078]]}, "properties": {"DETAIL_ID": "CQ3.L11.W104", "USE_TYPE": "Wall", "LEVEL_ID": "CQ3.L11", "FACILITY_ID": "CQ3", "ELEVATION_RELATIVE": 44.0}}, {"type": "Feature", "geometry": {"type": "LineString", "coordinates": [[-5.92065461, 54.60411423], [-5.92063954, 54.60410801]]}, "properties": {"DETAIL_ID": "CQ3.L11.W105", "USE_TYPE": "Wall", "LEVEL_ID": "CQ3.L11", "FACILITY_ID": "CQ3", "ELEVATION_RELATIVE": 44.0}}, {"type": "Feature", "geometry": {"type": "LineString", "coordinates": [[-5.92065579, 54.60411799], [-5.92059133, 54.60409136]]}, "properties": {"DETAIL_ID": "CQ3.L11.W106", "USE_TYPE": "Wall", "LEVEL_ID": "CQ3.L11", "FACILITY_ID": "CQ3", "ELEVATION_RELATIVE": 44.0}}, {"type": "Feature", "geometry": {"type": "LineString", "coordinates": [[-5.92040104, 54.60400947], [-5.92034834, 54.6039877]]}, "properties": {"DETAIL_ID": "CQ3.L11.W107", "USE_TYPE": "Wall", "LEVEL_ID": "CQ3.L11", "FACILITY_ID": "CQ3", "ELEVATION_RELATIVE": 44.0}}, {"type": "Feature", "geometry": {"type": "LineString", "coordinates": [[-5.92043653, 54.60402413], [-5.92040489, 54.60401106]]}, "properties": {"DETAIL_ID": "CQ3.L11.W108", "USE_TYPE": "Wall", "LEVEL_ID": "CQ3.L11", "FACILITY_ID": "CQ3", "ELEVATION_RELATIVE": 44.0}}, {"type": "Feature", "geometry": {"type": "LineString", "coordinates": [[-5.9204376, 54.60402785], [-5.92034567, 54.60398986]]}, "properties": {"DETAIL_ID": "CQ3.L11.W109", "USE_TYPE": "Wall", "LEVEL_ID": "CQ3.L11", "FACILITY_ID": "CQ3", "ELEVATION_RELATIVE": 44.0}}, {"type": "Feature", "geometry": {"type": "LineString", "coordinates": [[-5.92027842, 54.60395881], [-5.92026325, 54.60395254]]}, "properties": {"DETAIL_ID": "CQ3.L11.W110", "USE_TYPE": "Wall", "LEVEL_ID": "CQ3.L11", "FACILITY_ID": "CQ3", "ELEVATION_RELATIVE": 44.0}}, {"type": "Feature", "geometry": {"type": "LineString", "coordinates": [[-5.92032001, 54.60397599], [-5.92028217, 54.60396036]]}, "properties": {"DETAIL_ID": "CQ3.L11.W111", "USE_TYPE": "Wall", "LEVEL_ID": "CQ3.L11", "FACILITY_ID": "CQ3", "ELEVATION_RELATIVE": 44.0}}, {"type": "Feature", "geometry": {"type": "LineString", "coordinates": [[-5.92032119, 54.60397975], [-5.92025683, 54.60395316]]}, "properties": {"DETAIL_ID": "CQ3.L11.W112", "USE_TYPE": "Wall", "LEVEL_ID": "CQ3.L11", "FACILITY_ID": "CQ3", "ELEVATION_RELATIVE": 44.0}}, {"type": "Feature", "geometry": {"type": "LineString", "coordinates": [[-5.9203876, 54.60392582], [-5.92034591, 54.60390859]]}, "properties": {"DETAIL_ID": "CQ3.L11.W113", "USE_TYPE": "Wall", "LEVEL_ID": "CQ3.L11", "FACILITY_ID": "CQ3", "ELEVATION_RELATIVE": 44.0}}, {"type": "Feature", "geometry": {"type": "LineString", "coordinates": [[-5.92038101, 54.60392646], [-5.92034317, 54.60391082]]}, "properties": {"DETAIL_ID": "CQ3.L11.W114", "USE_TYPE": "Wall", "LEVEL_ID": "CQ3.L11", "FACILITY_ID": "CQ3", "ELEVATION_RELATIVE": 44.0}}, {"type": "Feature", "geometry": {"type": "LineString", "coordinates": [[-5.92069669, 54.60405688], [-5.92065885, 54.60404124]]}, "properties": {"DETAIL_ID": "CQ3.L11.W115", "USE_TYPE": "Wall", "LEVEL_ID": "CQ3.L11", "FACILITY_ID": "CQ3", "ELEVATION_RELATIVE": 44.0}}, {"type": "Feature", "geometry": {"type": "LineString", "coordinates": [[-5.92069943, 54.60405465], [-5.92065774, 54.60403743]]}, "properties": {"DETAIL_ID": "CQ3.L11.W116", "USE_TYPE": "Wall", "LEVEL_ID": "CQ3.L11", "FACILITY_ID": "CQ3", "ELEVATION_RELATIVE": 44.0}}, {"type": "Feature", "geometry": {"type": "LineString", "coordinates": [[-5.92051307, 54.60405576], [-5.92048132, 54.60404264]]}, "properties": {"DETAIL_ID": "CQ3.L11.W117", "USE_TYPE": "Wall", "LEVEL_ID": "CQ3.L11", "FACILITY_ID": "CQ3", "ELEVATION_RELATIVE": 44.0}}, {"type": "Feature", "geometry": {"type": "LineString", "coordinates": [[-5.92056952, 54.60407908], [-5.92051681, 54.6040573]]}, "properties": {"DETAIL_ID": "CQ3.L11.W118", "USE_TYPE": "Wall", "LEVEL_ID": "CQ3.L11", "FACILITY_ID": "CQ3", "ELEVATION_RELATIVE": 44.0}}, {"type": "Feature", "geometry": {"type": "LineString", "coordinates": [[-5.92056685, 54.60408124], [-5.92047491, 54.60404326]]}, "properties": {"DETAIL_ID": "CQ3.L11.W119", "USE_TYPE": "Wall", "LEVEL_ID": "CQ3.L11", "FACILITY_ID": "CQ3", "ELEVATION_RELATIVE": 44.0}}, {"type": "Feature", "geometry": {"type": "LineString", "coordinates": [[-5.92059894, 54.60409067], [-5.92061069, 54.60408114]]}, "properties": {"DETAIL_ID": "CQ3.L12.W0", "USE_TYPE": "Wall", "LEVEL_ID": "CQ3.L12", "FACILITY_ID": "CQ3", "ELEVATION_RELATIVE": 47.9}}, {"type": "Feature", "geometry": {"type": "LineString", "coordinates": [[-5.9206355, 54.60410578], [-5.92064725, 54.60409624]]}, "properties": {"DETAIL_ID": "CQ3.L12.W1", "USE_TYPE": "Wall", "LEVEL_ID": "CQ3.L12", "FACILITY_ID": "CQ3", "ELEVATION_RELATIVE": 47.9}}, {"type": "Feature", "geometry": {"type": "LineString", "coordinates": [[-5.92061305, 54.60408931], [-5.92064141, 54.60406627]]}, "properties": {"DETAIL_ID": "CQ3.L12.W2", "USE_TYPE": "Wall", "LEVEL_ID": "CQ3.L12", "FACILITY_ID": "CQ3", "ELEVATION_RELATIVE": 47.9}}, {"type": "Feature", "geometry": {"type": "LineString", "coordinates": [[-5.92063325, 54.60409765], [-5.92064652, 54.60408688]]}, "properties": {"DETAIL_ID": "CQ3.L12.W3", "USE_TYPE": "Wall", "LEVEL_ID": "CQ3.L12", "FACILITY_ID": "CQ3", "ELEVATION_RELATIVE": 47.9}}, {"type": "Feature", "geometry": {"type": "LineString", "coordinates": [[-5.92031993, 54.6039754], [-5.92033168, 54.60396586]]}, "properties": {"DETAIL_ID": "CQ3.L12.W4", "USE_TYPE": "Wall", "LEVEL_ID": "CQ3.L12", "FACILITY_ID": "CQ3", "ELEVATION_RELATIVE": 47.9}}, {"type": "Feature", "geometry": {"type": "LineString", "coordinates": [[-5.92028327, 54.60396025], [-5.92029501, 54.60395071]]}, "properties": {"DETAIL_ID": "CQ3.L12.W5", "USE_TYPE": "Wall", "LEVEL_ID": "CQ3.L12", "FACILITY_ID": "CQ3", "ELEVATION_RELATIVE": 47.9}}, {"type": "Feature", "geometry": {"type": "LineString", "coordinates": [[-5.92031757, 54.60396723], [-5.92034594, 54.6039442]]}, "properties": {"DETAIL_ID": "CQ3.L12.W6", "USE_TYPE": "Wall", "LEVEL_ID": "CQ3.L12", "FACILITY_ID": "CQ3", "ELEVATION_RELATIVE": 47.9}}, {"type": "Feature", "geometry": {"type": "LineString", "coordinates": [[-5.92029737, 54.60395888], [-5.92031064, 54.60394811]]}, "properties": {"DETAIL_ID": "CQ3.L12.W7", "USE_TYPE": "Wall", "LEVEL_ID": "CQ3.L12", "FACILITY_ID": "CQ3", "ELEVATION_RELATIVE": 47.9}}, {"type": "Feature", "geometry": {"type": "LineString", "coordinates": [[-5.92063538, 54.60410515], [-5.92067411, 54.6040737]]}, "properties": {"DETAIL_ID": "CQ3.L12.W8", "USE_TYPE": "Wall", "LEVEL_ID": "CQ3.L12", "FACILITY_ID": "CQ3", "ELEVATION_RELATIVE": 47.9}}, {"type": "Feature", "geometry": {"type": "LineString", "coordinates": [[-5.92060003, 54.60409054], [-5.9206365, 54.60406092]]}, "properties": {"DETAIL_ID": "CQ3.L12.W9", "USE_TYPE": "Wall", "LEVEL_ID": "CQ3.L12", "FACILITY_ID": "CQ3", "ELEVATION_RELATIVE": 47.9}}, {"type": "Feature", "geometry": {"type": "LineString", "coordinates": [[-5.92060111, 54.60409044], [-5.92063713, 54.60406118]]}, "properties": {"DETAIL_ID": "CQ3.L12.W10", "USE_TYPE": "Wall", "LEVEL_ID": "CQ3.L12", "FACILITY_ID": "CQ3", "ELEVATION_RELATIVE": 47.9}}, {"type": "Feature", "geometry": {"type": "LineString", "coordinates": [[-5.9206352, 54.60410452], [-5.92067348, 54.60407344]]}, "properties": {"DETAIL_ID": "CQ3.L12.W11", "USE_TYPE": "Wall", "LEVEL_ID": "CQ3.L12", "FACILITY_ID": "CQ3", "ELEVATION_RELATIVE": 47.9}}, {"type": "Feature", "geometry": {"type": "LineString", "coordinates": [[-5.92028438, 54.60396013], [-5.9203231, 54.60392868]]}, "properties": {"DETAIL_ID": "CQ3.L12.W12", "USE_TYPE": "Wall", "LEVEL_ID": "CQ3.L12", "FACILITY_ID": "CQ3", "ELEVATION_RELATIVE": 47.9}}, {"type": "Feature", "geometry": {"type": "LineString", "coordinates": [[-5.92031973, 54.60397473], [-5.9203562, 54.60394511]]}, "properties": {"DETAIL_ID": "CQ3.L12.W13", "USE_TYPE": "Wall", "LEVEL_ID": "CQ3.L12", "FACILITY_ID": "CQ3", "ELEVATION_RELATIVE": 47.9}}, {"type": "Feature", "geometry": {"type": "LineString", "coordinates": [[-5.92031955, 54.60397411], [-5.92035557, 54.60394485]]}, "properties": {"DETAIL_ID": "CQ3.L12.W14", "USE_TYPE": "Wall", "LEVEL_ID": "CQ3.L12", "FACILITY_ID": "CQ3", "ELEVATION_RELATIVE": 47.9}}, {"type": "Feature", "geometry": {"type": "LineString", "coordinates": [[-5.92028546, 54.60396002], [-5.92032373, 54.60392894]]}, "properties": {"DETAIL_ID": "CQ3.L12.W15", "USE_TYPE": "Wall", "LEVEL_ID": "CQ3.L12", "FACILITY_ID": "CQ3", "ELEVATION_RELATIVE": 47.9}}, {"type": "Feature", "geometry": {"type": "LineString", "coordinates": [[-5.92027842, 54.60395881], [-5.92031861, 54.60392618]]}, "properties": {"DETAIL_ID": "CQ3.L12.W16", "USE_TYPE": "Wall", "LEVEL_ID": "CQ3.L12", "FACILITY_ID": "CQ3", "ELEVATION_RELATIVE": 47.9}}, {"type": "Feature", "geometry": {"type": "LineString", "coordinates": [[-5.92032044, 54.60392469], [-5.92036062, 54.60389206]]}, "properties": {"DETAIL_ID": "CQ3.L12.W17", "USE_TYPE": "Wall", "LEVEL_ID": "CQ3.L12", "FACILITY_ID": "CQ3", "ELEVATION_RELATIVE": 47.9}}, {"type": "Feature", "geometry": {"type": "LineString", "coordinates": [[-5.92028217, 54.60396036], [-5.92034317, 54.60391082]]}, "properties": {"DETAIL_ID": "CQ3.L12.W18", "USE_TYPE": "Wall", "LEVEL_ID": "CQ3.L12", "FACILITY_ID": "CQ3", "ELEVATION_RELATIVE": 47.9}}, {"type": "Feature", "geometry": {"type": "LineString", "coordinates": [[-5.92034591, 54.60390859], [-5.92036437, 54.60389361]]}, "properties": {"DETAIL_ID": "CQ3.L12.W19", "USE_TYPE": "Wall", "LEVEL_ID": "CQ3.L12", "FACILITY_ID": "CQ3", "ELEVATION_RELATIVE": 47.9}}, {"type": "Feature", "geometry": {"type": "LineString", "coordinates": [[-5.92068155, 54.60407389], [-5.92072174, 54.60404126]]}, "properties": {"DETAIL_ID": "CQ3.L12.W20", "USE_TYPE": "Wall", "LEVEL_ID": "CQ3.L12", "FACILITY_ID": "CQ3", "ELEVATION_RELATIVE": 47.9}}, {"type": "Feature", "geometry": {"type": "LineString", "coordinates": [[-5.92063954, 54.60410801], [-5.92067972, 54.60407537]]}, "properties": {"DETAIL_ID": "CQ3.L12.W21", "USE_TYPE": "Wall", "LEVEL_ID": "CQ3.L12", "FACILITY_ID": "CQ3", "ELEVATION_RELATIVE": 47.9}}, {"type": "Feature", "geometry": {"type": "LineString", "coordinates": [[-5.92069943, 54.60405465], [-5.92071789, 54.60403967]]}, "properties": {"DETAIL_ID": "CQ3.L12.W22", "USE_TYPE": "Wall", "LEVEL_ID": "CQ3.L12", "FACILITY_ID": "CQ3", "ELEVATION_RELATIVE": 47.9}}, {"type": "Feature", "geometry": {"type": "LineString", "coordinates": [[-5.92063569, 54.60410642], [-5.92069669, 54.60405688]]}, "properties": {"DETAIL_ID": "CQ3.L12.W23", "USE_TYPE": "Wall", "LEVEL_ID": "CQ3.L12", "FACILITY_ID": "CQ3", "ELEVATION_RELATIVE": 47.9}}, {"type": "Feature", "geometry": {"type": "LineString", "coordinates": [[-5.92032001, 54.60397599], [-5.92036629, 54.60393841]]}, "properties": {"DETAIL_ID": "CQ3.L12.W24", "USE_TYPE": "Wall", "LEVEL_ID": "CQ3.L12", "FACILITY_ID": "CQ3", "ELEVATION_RELATIVE": 47.9}}, {"type": "Feature", "geometry": {"type": "LineString", "coordinates": [[-5.92032119, 54.60397975], [-5.92037014, 54.60394]]}, "properties": {"DETAIL_ID": "CQ3.L12.W25", "USE_TYPE": "Wall", "LEVEL_ID": "CQ3.L12", "FACILITY_ID": "CQ3", "ELEVATION_RELATIVE": 47.9}}, {"type": "Feature", "geometry": {"type": "LineString", "coordinates": [[-5.92059133, 54.60409136], [-5.92064028, 54.60405161]]}, "properties": {"DETAIL_ID": "CQ3.L12.W26", "USE_TYPE": "Wall", "LEVEL_ID": "CQ3.L12", "FACILITY_ID": "CQ3", "ELEVATION_RELATIVE": 47.9}}, {"type": "Feature", "geometry": {"type": "LineString", "coordinates": [[-5.92059784, 54.60409078], [-5.92064413, 54.6040532]]}, "properties": {"DETAIL_ID": "CQ3.L12.W27", "USE_TYPE": "Wall", "LEVEL_ID": "CQ3.L12", "FACILITY_ID": "CQ3", "ELEVATION_RELATIVE": 47.9}}, {"type": "Feature", "geometry": {"type": "LineString", "coordinates": [[-5.92055261, 54.60398016], [-5.92056245, 54.60397218]]}, "properties": {"DETAIL_ID": "CQ3.L12.W28", "USE_TYPE": "Wall", "LEVEL_ID": "CQ3.L12", "FACILITY_ID": "CQ3", "ELEVATION_RELATIVE": 47.9}}, {"type": "Feature", "geometry": {"type": "LineString", "coordinates": [[-5.92052409, 54.60400332], [-5.92054095, 54.60398964]]}, "properties": {"DETAIL_ID": "CQ3.L12.W29", "USE_TYPE": "Wall", "LEVEL_ID": "CQ3.L12", "FACILITY_ID": "CQ3", "ELEVATION_RELATIVE": 47.9}}, {"type": "Feature", "geometry": {"type": "LineString", "coordinates": [[-5.92049596, 54.60402617], [-5.92051327, 54.60401211]]}, "properties": {"DETAIL_ID": "CQ3.L12.W30", "USE_TYPE": "Wall", "LEVEL_ID": "CQ3.L12", "FACILITY_ID": "CQ3", "ELEVATION_RELATIVE": 47.9}}, {"type": "Feature", "geometry": {"type": "LineString", "coordinates": [[-5.92047491, 54.60404326], [-5.92048521, 54.6040349]]}, "properties": {"DETAIL_ID": "CQ3.L12.W31", "USE_TYPE": "Wall", "LEVEL_ID": "CQ3.L12", "FACILITY_ID": "CQ3", "ELEVATION_RELATIVE": 47.9}}, {"type": "Feature", "geometry": {"type": "LineString", "coordinates": [[-5.9204376, 54.60402785], [-5.9204479, 54.60401949]]}, "properties": {"DETAIL_ID": "CQ3.L12.W32", "USE_TYPE": "Wall", "LEVEL_ID": "CQ3.L12", "FACILITY_ID": "CQ3", "ELEVATION_RELATIVE": 47.9}}, {"type": "Feature", "geometry": {"type": "LineString", "coordinates": [[-5.92045865, 54.60401076], [-5.92047596, 54.6039967]]}, "properties": {"DETAIL_ID": "CQ3.L12.W33", "USE_TYPE": "Wall", "LEVEL_ID": "CQ3.L12", "FACILITY_ID": "CQ3", "ELEVATION_RELATIVE": 47.9}}, {"type": "Feature", "geometry": {"type": "LineString", "coordinates": [[-5.92048679, 54.60398791], [-5.92050364, 54.60397422]]}, "properties": {"DETAIL_ID": "CQ3.L12.W34", "USE_TYPE": "Wall", "LEVEL_ID": "CQ3.L12", "FACILITY_ID": "CQ3", "ELEVATION_RELATIVE": 47.9}}, {"type": "Feature", "geometry": {"type": "LineString", "coordinates": [[-5.9205153, 54.60396475], [-5.92052514, 54.60395676]]}, "properties": {"DETAIL_ID": "CQ3.L12.W35", "USE_TYPE": "Wall", "LEVEL_ID": "CQ3.L12", "FACILITY_ID": "CQ3", "ELEVATION_RELATIVE": 47.9}}, {"type": "Feature", "geometry": {"type": "LineString", "coordinates": [[-5.92040104, 54.60400947], [-5.92046486, 54.60395764]]}, "properties": {"DETAIL_ID": "CQ3.L12.W36", "USE_TYPE": "Wall", "LEVEL_ID": "CQ3.L12", "FACILITY_ID": "CQ3", "ELEVATION_RELATIVE": 47.9}}, {"type": "Feature", "geometry": {"type": "LineString", "coordinates": [[-5.92040489, 54.60401106], [-5.92043104, 54.60398982]]}, "properties": {"DETAIL_ID": "CQ3.L12.W37", "USE_TYPE": "Wall", "LEVEL_ID": "CQ3.L12", "FACILITY_ID": "CQ3", "ELEVATION_RELATIVE": 47.9}}, {"type": "Feature", "geometry": {"type": "LineString", "coordinates": [[-5.92043287, 54.60398833], [-5.9204591, 54.60396703]]}, "properties": {"DETAIL_ID": "CQ3.L12.W38", "USE_TYPE": "Wall", "LEVEL_ID": "CQ3.L12", "FACILITY_ID": "CQ3", "ELEVATION_RELATIVE": 47.9}}, {"type": "Feature", "geometry": {"type": "LineString", "coordinates": [[-5.92051681, 54.6040573], [-5.92058064, 54.60400548]]}, "properties": {"DETAIL_ID": "CQ3.L12.W39", "USE_TYPE": "Wall", "LEVEL_ID": "CQ3.L12", "FACILITY_ID": "CQ3", "ELEVATION_RELATIVE": 47.9}}, {"type": "Feature", "geometry": {"type": "LineString", "coordinates": [[-5.92054106, 54.60403303], [-5.92056729, 54.60401173]]}, "properties": {"DETAIL_ID": "CQ3.L12.W40", "USE_TYPE": "Wall", "LEVEL_ID": "CQ3.L12", "FACILITY_ID": "CQ3", "ELEVATION_RELATIVE": 47.9}}, {"type": "Feature", "geometry": {"type": "LineString", "coordinates": [[-5.92051307, 54.60405576], [-5.92053923, 54.60403452]]}, "properties": {"DETAIL_ID": "CQ3.L12.W41", "USE_TYPE": "Wall", "LEVEL_ID": "CQ3.L12", "FACILITY_ID": "CQ3", "ELEVATION_RELATIVE": 47.9}}, {"type": "Feature", "geometry": {"type": "LineString", "coordinates": [[-5.92039577, 54.60377515], [-5.9203834, 54.60377004]]}, "properties": {"DETAIL_ID": "CQ3.L12.W42", "USE_TYPE": "Wall", "LEVEL_ID": "CQ3.L12", "FACILITY_ID": "CQ3", "ELEVATION_RELATIVE": 47.9}}, {"type": "Feature", "geometry": {"type": "LineString", "coordinates": [[-5.920396, 54.60377497], [-5.92038363, 54.60376985]]}, "properties": {"DETAIL_ID": "CQ3.L12.W43", "USE_TYPE": "Wall", "LEVEL_ID": "CQ3.L12", "FACILITY_ID": "CQ3", "ELEVATION_RELATIVE": 47.9}}, {"type": "Feature", "geometry": {"type": "LineString", "coordinates": [[-5.92046452, 54.60400141], [-5.92043287, 54.60398833]]}, "properties": {"DETAIL_ID": "CQ3.L12.W44", "USE_TYPE": "Wall", "LEVEL_ID": "CQ3.L12", "FACILITY_ID": "CQ3", "ELEVATION_RELATIVE": 47.9}}, {"type": "Feature", "geometry": {"type": "LineString", "coordinates": [[-5.92046269, 54.60400289], [-5.92043104, 54.60398982]]}, "properties": {"DETAIL_ID": "CQ3.L12.W45", "USE_TYPE": "Wall", "LEVEL_ID": "CQ3.L12", "FACILITY_ID": "CQ3", "ELEVATION_RELATIVE": 47.9}}, {"type": "Feature", "geometry": {"type": "LineString", "coordinates": [[-5.92049258, 54.60397862], [-5.92046093, 54.60396555]]}, "properties": {"DETAIL_ID": "CQ3.L12.W46", "USE_TYPE": "Wall", "LEVEL_ID": "CQ3.L12", "FACILITY_ID": "CQ3", "ELEVATION_RELATIVE": 47.9}}, {"type": "Feature", "geometry": {"type": "LineString", "coordinates": [[-5.92049075, 54.60398011], [-5.9204591, 54.60396703]]}, "properties": {"DETAIL_ID": "CQ3.L12.W47", "USE_TYPE": "Wall", "LEVEL_ID": "CQ3.L12", "FACILITY_ID": "CQ3", "ELEVATION_RELATIVE": 47.9}}, {"type": "Feature", "geometry": {"type": "LineString", "coordinates": [[-5.92056912, 54.60401025], [-5.92053737, 54.60399713]]}, "properties": {"DETAIL_ID": "CQ3.L12.W48", "USE_TYPE": "Wall", "LEVEL_ID": "CQ3.L12", "FACILITY_ID": "CQ3", "ELEVATION_RELATIVE": 47.9}}, {"type": "Feature", "geometry": {"type": "LineString", "coordinates": [[-5.92056729, 54.60401173], [-5.92053554, 54.60399861]]}, "properties": {"DETAIL_ID": "CQ3.L12.W49", "USE_TYPE": "Wall", "LEVEL_ID": "CQ3.L12", "FACILITY_ID": "CQ3", "ELEVATION_RELATIVE": 47.9}}, {"type": "Feature", "geometry": {"type": "LineString", "coordinates": [[-5.92054106, 54.60403303], [-5.92050931, 54.60401991]]}, "properties": {"DETAIL_ID": "CQ3.L12.W50", "USE_TYPE": "Wall", "LEVEL_ID": "CQ3.L12", "FACILITY_ID": "CQ3", "ELEVATION_RELATIVE": 47.9}}, {"type": "Feature", "geometry": {"type": "LineString", "coordinates": [[-5.92053923, 54.60403452], [-5.92050748, 54.6040214]]}, "properties": {"DETAIL_ID": "CQ3.L12.W51", "USE_TYPE": "Wall", "LEVEL_ID": "CQ3.L12", "FACILITY_ID": "CQ3", "ELEVATION_RELATIVE": 47.9}}, {"type": "Feature", "geometry": {"type": "LineString", "coordinates": [[-5.92031861, 54.60392618], [-5.92030097, 54.60391889]]}, "properties": {"DETAIL_ID": "CQ3.L12.W52", "USE_TYPE": "Wall", "LEVEL_ID": "CQ3.L12", "FACILITY_ID": "CQ3", "ELEVATION_RELATIVE": 47.9}}, {"type": "Feature", "geometry": {"type": "LineString", "coordinates": [[-5.92032044, 54.60392469], [-5.9203028, 54.6039174]]}, "properties": {"DETAIL_ID": "CQ3.L12.W53", "USE_TYPE": "Wall", "LEVEL_ID": "CQ3.L12", "FACILITY_ID": "CQ3", "ELEVATION_RELATIVE": 47.9}}, {"type": "Feature", "geometry": {"type": "LineString", "coordinates": [[-5.92069725, 54.60408262], [-5.92067972, 54.60407537]]}, "properties": {"DETAIL_ID": "CQ3.L12.W54", "USE_TYPE": "Wall", "LEVEL_ID": "CQ3.L12", "FACILITY_ID": "CQ3", "ELEVATION_RELATIVE": 47.9}}, {"type": "Feature", "geometry": {"type": "LineString", "coordinates": [[-5.92069908, 54.60408113], [-5.92068155, 54.60407389]]}, "properties": {"DETAIL_ID": "CQ3.L12.W55", "USE_TYPE": "Wall", "LEVEL_ID": "CQ3.L12", "FACILITY_ID": "CQ3", "ELEVATION_RELATIVE": 47.9}}, {"type": "Feature", "geometry": {"type": "LineString", "coordinates": [[-5.92064954, 54.60406963], [-5.92063318, 54.60406287]]}, "properties": {"DETAIL_ID": "CQ3.L12.W56", "USE_TYPE": "Wall", "LEVEL_ID": "CQ3.L12", "FACILITY_ID": "CQ3", "ELEVATION_RELATIVE": 47.9}}, {"type": "Feature", "geometry": {"type": "LineString", "coordinates": [[-5.92064733, 54.60407143], [-5.92063097, 54.60406467]]}, "properties": {"DETAIL_ID": "CQ3.L12.W57", "USE_TYPE": "Wall", "LEVEL_ID": "CQ3.L12", "FACILITY_ID": "CQ3", "ELEVATION_RELATIVE": 47.9}}, {"type": "Feature", "geometry": {"type": "LineString", "coordinates": [[-5.92064504, 54.60407328], [-5.92062868, 54.60406653]]}, "properties": {"DETAIL_ID": "CQ3.L12.W58", "USE_TYPE": "Wall", "LEVEL_ID": "CQ3.L12", "FACILITY_ID": "CQ3", "ELEVATION_RELATIVE": 47.9}}, {"type": "Feature", "geometry": {"type": "LineString", "coordinates": [[-5.92064283, 54.60407508], [-5.92062647, 54.60406832]]}, "properties": {"DETAIL_ID": "CQ3.L12.W59", "USE_TYPE": "Wall", "LEVEL_ID": "CQ3.L12", "FACILITY_ID": "CQ3", "ELEVATION_RELATIVE": 47.9}}, {"type": "Feature", "geometry": {"type": "LineString", "coordinates": [[-5.92064054, 54.60407694], [-5.92062418, 54.60407018]]}, "properties": {"DETAIL_ID": "CQ3.L12.W60", "USE_TYPE": "Wall", "LEVEL_ID": "CQ3.L12", "FACILITY_ID": "CQ3", "ELEVATION_RELATIVE": 47.9}}, {"type": "Feature", "geometry": {"type": "LineString", "coordinates": [[-5.92063833, 54.60407873], [-5.92062197, 54.60407197]]}, "properties": {"DETAIL_ID": "CQ3.L12.W61", "USE_TYPE": "Wall", "LEVEL_ID": "CQ3.L12", "FACILITY_ID": "CQ3", "ELEVATION_RELATIVE": 47.9}}, {"type": "Feature", "geometry": {"type": "LineString", "coordinates": [[-5.92063604, 54.60408059], [-5.92061968, 54.60407383]]}, "properties": {"DETAIL_ID": "CQ3.L12.W62", "USE_TYPE": "Wall", "LEVEL_ID": "CQ3.L12", "FACILITY_ID": "CQ3", "ELEVATION_RELATIVE": 47.9}}, {"type": "Feature", "geometry": {"type": "LineString", "coordinates": [[-5.92063375, 54.60408245], [-5.9206174, 54.60407569]]}, "properties": {"DETAIL_ID": "CQ3.L12.W63", "USE_TYPE": "Wall", "LEVEL_ID": "CQ3.L12", "FACILITY_ID": "CQ3", "ELEVATION_RELATIVE": 47.9}}, {"type": "Feature", "geometry": {"type": "LineString", "coordinates": [[-5.92063154, 54.60408424], [-5.92061519, 54.60407749]]}, "properties": {"DETAIL_ID": "CQ3.L12.W64", "USE_TYPE": "Wall", "LEVEL_ID": "CQ3.L12", "FACILITY_ID": "CQ3", "ELEVATION_RELATIVE": 47.9}}, {"type": "Feature", "geometry": {"type": "LineString", "coordinates": [[-5.92062925, 54.6040861], [-5.9206129, 54.60407934]]}, "properties": {"DETAIL_ID": "CQ3.L12.W65", "USE_TYPE": "Wall", "LEVEL_ID": "CQ3.L12", "FACILITY_ID": "CQ3", "ELEVATION_RELATIVE": 47.9}}, {"type": "Feature", "geometry": {"type": "LineString", "coordinates": [[-5.9206355, 54.60410578], [-5.92059894, 54.60409067]]}, "properties": {"DETAIL_ID": "CQ3.L12.W66", "USE_TYPE": "Wall", "LEVEL_ID": "CQ3.L12", "FACILITY_ID": "CQ3", "ELEVATION_RELATIVE": 47.9}}, {"type": "Feature", "geometry": {"type": "LineString", "coordinates": [[-5.92062704, 54.6040879], [-5.92061069, 54.60408114]]}, "properties": {"DETAIL_ID": "CQ3.L12.W67", "USE_TYPE": "Wall", "LEVEL_ID": "CQ3.L12", "FACILITY_ID": "CQ3", "ELEVATION_RELATIVE": 47.9}}, {"type": "Feature", "geometry": {"type": "LineString", "coordinates": [[-5.92064725, 54.60409624], [-5.92063089, 54.60408949]]}, "properties": {"DETAIL_ID": "CQ3.L12.W68", "USE_TYPE": "Wall", "LEVEL_ID": "CQ3.L12", "FACILITY_ID": "CQ3", "ELEVATION_RELATIVE": 47.9}}, {"type": "Feature", "geometry": {"type": "LineString", "coordinates": [[-5.92064946, 54.60409445], [-5.9206331, 54.60408769]]}, "properties": {"DETAIL_ID": "CQ3.L12.W69", "USE_TYPE": "Wall", "LEVEL_ID": "CQ3.L12", "FACILITY_ID": "CQ3", "ELEVATION_RELATIVE": 47.9}}, {"type": "Feature", "geometry": {"type": "LineString", "coordinates": [[-5.92065175, 54.60409259], [-5.92063539, 54.60408583]]}, "properties": {"DETAIL_ID": "CQ3.L12.W70", "USE_TYPE": "Wall", "LEVEL_ID": "CQ3.L12", "FACILITY_ID": "CQ3", "ELEVATION_RELATIVE": 47.9}}, {"type": "Feature", "geometry": {"type": "LineString", "coordinates": [[-5.92063325, 54.60409765], [-5.92061305, 54.60408931]]}, "properties": {"DETAIL_ID": "CQ3.L12.W71", "USE_TYPE": "Wall", "LEVEL_ID": "CQ3.L12", "FACILITY_ID": "CQ3", "ELEVATION_RELATIVE": 47.9}}, {"type": "Feature", "geometry": {"type": "LineString", "coordinates": [[-5.92035417, 54.6039476], [-5.92033771, 54.6039408]]}, "properties": {"DETAIL_ID": "CQ3.L12.W72", "USE_TYPE": "Wall", "LEVEL_ID": "CQ3.L12", "FACILITY_ID": "CQ3", "ELEVATION_RELATIVE": 47.9}}, {"type": "Feature", "geometry": {"type": "LineString", "coordinates": [[-5.92035196, 54.60394939], [-5.9203355, 54.60394259]]}, "properties": {"DETAIL_ID": "CQ3.L12.W73", "USE_TYPE": "Wall", "LEVEL_ID": "CQ3.L12", "FACILITY_ID": "CQ3", "ELEVATION_RELATIVE": 47.9}}, {"type": "Feature", "geometry": {"type": "LineString", "coordinates": [[-5.92034967, 54.60395125], [-5.92033321, 54.60394445]]}, "properties": {"DETAIL_ID": "CQ3.L12.W74", "USE_TYPE": "Wall", "LEVEL_ID": "CQ3.L12", "FACILITY_ID": "CQ3", "ELEVATION_RELATIVE": 47.9}}, {"type": "Feature", "geometry": {"type": "LineString", "coordinates": [[-5.92034746, 54.60395305], [-5.920331, 54.60394624]]}, "properties": {"DETAIL_ID": "CQ3.L12.W75", "USE_TYPE": "Wall", "LEVEL_ID": "CQ3.L12", "FACILITY_ID": "CQ3", "ELEVATION_RELATIVE": 47.9}}, {"type": "Feature", "geometry": {"type": "LineString", "coordinates": [[-5.92034517, 54.6039549], [-5.92032871, 54.6039481]]}, "properties": {"DETAIL_ID": "CQ3.L12.W76", "USE_TYPE": "Wall", "LEVEL_ID": "CQ3.L12", "FACILITY_ID": "CQ3", "ELEVATION_RELATIVE": 47.9}}, {"type": "Feature", "geometry": {"type": "LineString", "coordinates": [[-5.92034296, 54.6039567], [-5.9203265, 54.6039499]]}, "properties": {"DETAIL_ID": "CQ3.L12.W77", "USE_TYPE": "Wall", "LEVEL_ID": "CQ3.L12", "FACILITY_ID": "CQ3", "ELEVATION_RELATIVE": 47.9}}, {"type": "Feature", "geometry": {"type": "LineString", "coordinates": [[-5.92034067, 54.60395856], [-5.92032421, 54.60395175]]}, "properties": {"DETAIL_ID": "CQ3.L12.W78", "USE_TYPE": "Wall", "LEVEL_ID": "CQ3.L12", "FACILITY_ID": "CQ3", "ELEVATION_RELATIVE": 47.9}}, {"type": "Feature", "geometry": {"type": "LineString", "coordinates": [[-5.92033839, 54.60396041], [-5.92032192, 54.60395361]]}, "properties": {"DETAIL_ID": "CQ3.L12.W79", "USE_TYPE": "Wall", "LEVEL_ID": "CQ3.L12", "FACILITY_ID": "CQ3", "ELEVATION_RELATIVE": 47.9}}, {"type": "Feature", "geometry": {"type": "LineString", "coordinates": [[-5.92033617, 54.60396221], [-5.92031971, 54.60395541]]}, "properties": {"DETAIL_ID": "CQ3.L12.W80", "USE_TYPE": "Wall", "LEVEL_ID": "CQ3.L12", "FACILITY_ID": "CQ3", "ELEVATION_RELATIVE": 47.9}}, {"type": "Feature", "geometry": {"type": "LineString", "coordinates": [[-5.92033389, 54.60396407], [-5.92031742, 54.60395727]]}, "properties": {"DETAIL_ID": "CQ3.L12.W81", "USE_TYPE": "Wall", "LEVEL_ID": "CQ3.L12", "FACILITY_ID": "CQ3", "ELEVATION_RELATIVE": 47.9}}, {"type": "Feature", "geometry": {"type": "LineString", "coordinates": [[-5.92031993, 54.6039754], [-5.92028327, 54.60396025]]}, "properties": {"DETAIL_ID": "CQ3.L12.W82", "USE_TYPE": "Wall", "LEVEL_ID": "CQ3.L12", "FACILITY_ID": "CQ3", "ELEVATION_RELATIVE": 47.9}}, {"type": "Feature", "geometry": {"type": "LineString", "coordinates": [[-5.92033168, 54.60396586], [-5.92031521, 54.60395906]]}, "properties": {"DETAIL_ID": "CQ3.L12.W83", "USE_TYPE": "Wall", "LEVEL_ID": "CQ3.L12", "FACILITY_ID": "CQ3", "ELEVATION_RELATIVE": 47.9}}, {"type": "Feature", "geometry": {"type": "LineString", "coordinates": [[-5.92031147, 54.60395752], [-5.92029501, 54.60395071]]}, "properties": {"DETAIL_ID": "CQ3.L12.W84", "USE_TYPE": "Wall", "LEVEL_ID": "CQ3.L12", "FACILITY_ID": "CQ3", "ELEVATION_RELATIVE": 47.9}}, {"type": "Feature", "geometry": {"type": "LineString", "coordinates": [[-5.92031368, 54.60395572], [-5.92029722, 54.60394892]]}, "properties": {"DETAIL_ID": "CQ3.L12.W85", "USE_TYPE": "Wall", "LEVEL_ID": "CQ3.L12", "FACILITY_ID": "CQ3", "ELEVATION_RELATIVE": 47.9}}, {"type": "Feature", "geometry": {"type": "LineString", "coordinates": [[-5.92031597, 54.60395386], [-5.92029951, 54.60394706]]}, "properties": {"DETAIL_ID": "CQ3.L12.W86", "USE_TYPE": "Wall", "LEVEL_ID": "CQ3.L12", "FACILITY_ID": "CQ3", "ELEVATION_RELATIVE": 47.9}}, {"type": "Feature", "geometry": {"type": "LineString", "coordinates": [[-5.92031757, 54.60396723], [-5.92029737, 54.60395888]]}, "properties": {"DETAIL_ID": "CQ3.L12.W87", "USE_TYPE": "Wall", "LEVEL_ID": "CQ3.L12", "FACILITY_ID": "CQ3", "ELEVATION_RELATIVE": 47.9}}, {"type": "Feature", "geometry": {"type": "LineString", "coordinates": [[-5.92063538, 54.60410515], [-5.92060003, 54.60409054]]}, "properties": {"DETAIL_ID": "CQ3.L12.W88", "USE_TYPE": "Wall", "LEVEL_ID": "CQ3.L12", "FACILITY_ID": "CQ3", "ELEVATION_RELATIVE": 47.9}}, {"type": "Feature", "geometry": {"type": "LineString", "coordinates": [[-5.9206352, 54.60410452], [-5.92060111, 54.60409044]]}, "properties": {"DETAIL_ID": "CQ3.L12.W89", "USE_TYPE": "Wall", "LEVEL_ID": "CQ3.L12", "FACILITY_ID": "CQ3", "ELEVATION_RELATIVE": 47.9}}, {"type": "Feature", "geometry": {"type": "LineString", "coordinates": [[-5.92031973, 54.60397473], [-5.92028438, 54.60396013]]}, "properties": {"DETAIL_ID": "CQ3.L12.W90", "USE_TYPE": "Wall", "LEVEL_ID": "CQ3.L12", "FACILITY_ID": "CQ3", "ELEVATION_RELATIVE": 47.9}}, {"type": "Feature", "geometry": {"type": "LineString", "coordinates": [[-5.92031955, 54.60397411], [-5.92028546, 54.60396002]]}, "properties": {"DETAIL_ID": "CQ3.L12.W91", "USE_TYPE": "Wall", "LEVEL_ID": "CQ3.L12", "FACILITY_ID": "CQ3", "ELEVATION_RELATIVE": 47.9}}, {"type": "Feature", "geometry": {"type": "LineString", "coordinates": [[-5.92039387, 54.6039058], [-5.92036437, 54.60389361]]}, "properties": {"DETAIL_ID": "CQ3.L12.W92", "USE_TYPE": "Wall", "LEVEL_ID": "CQ3.L12", "FACILITY_ID": "CQ3", "ELEVATION_RELATIVE": 47.9}}, {"type": "Feature", "geometry": {"type": "LineString", "coordinates": [[-5.92036062, 54.60389206], [-5.92034544, 54.60388579]]}, "properties": {"DETAIL_ID": "CQ3.L12.W93", "USE_TYPE": "Wall", "LEVEL_ID": "CQ3.L12", "FACILITY_ID": "CQ3", "ELEVATION_RELATIVE": 47.9}}, {"type": "Feature", "geometry": {"type": "LineString", "coordinates": [[-5.92040937, 54.60390893], [-5.92034437, 54.60388208]]}, "properties": {"DETAIL_ID": "CQ3.L12.W94", "USE_TYPE": "Wall", "LEVEL_ID": "CQ3.L12", "FACILITY_ID": "CQ3", "ELEVATION_RELATIVE": 47.9}}, {"type": "Feature", "geometry": {"type": "LineString", "coordinates": [[-5.92051873, 54.60395738], [-5.92048709, 54.60394431]]}, "properties": {"DETAIL_ID": "CQ3.L12.W95", "USE_TYPE": "Wall", "LEVEL_ID": "CQ3.L12", "FACILITY_ID": "CQ3", "ELEVATION_RELATIVE": 47.9}}, {"type": "Feature", "geometry": {"type": "LineString", "coordinates": [[-5.92048324, 54.60394272], [-5.9204299, 54.60392068]]}, "properties": {"DETAIL_ID": "CQ3.L12.W96", "USE_TYPE": "Wall", "LEVEL_ID": "CQ3.L12", "FACILITY_ID": "CQ3", "ELEVATION_RELATIVE": 47.9}}, {"type": "Feature", "geometry": {"type": "LineString", "coordinates": [[-5.92052514, 54.60395676], [-5.92043256, 54.60391851]]}, "properties": {"DETAIL_ID": "CQ3.L12.W97", "USE_TYPE": "Wall", "LEVEL_ID": "CQ3.L12", "FACILITY_ID": "CQ3", "ELEVATION_RELATIVE": 47.9}}, {"type": "Feature", "geometry": {"type": "LineString", "coordinates": [[-5.92065236, 54.60401259], [-5.92059901, 54.60399055]]}, "properties": {"DETAIL_ID": "CQ3.L12.W98", "USE_TYPE": "Wall", "LEVEL_ID": "CQ3.L12", "FACILITY_ID": "CQ3", "ELEVATION_RELATIVE": 47.9}}, {"type": "Feature", "geometry": {"type": "LineString", "coordinates": [[-5.92059527, 54.60398901], [-5.92056352, 54.60397589]]}, "properties": {"DETAIL_ID": "CQ3.L12.W99", "USE_TYPE": "Wall", "LEVEL_ID": "CQ3.L12", "FACILITY_ID": "CQ3", "ELEVATION_RELATIVE": 47.9}}, {"type": "Feature", "geometry": {"type": "LineString", "coordinates": [[-5.92065503, 54.60401042], [-5.92056245, 54.60397218]]}, "properties": {"DETAIL_ID": "CQ3.L12.W100", "USE_TYPE": "Wall", "LEVEL_ID": "CQ3.L12", "FACILITY_ID": "CQ3", "ELEVATION_RELATIVE": 47.9}}, {"type": "Feature", "geometry": {"type": "LineString", "coordinates": [[-5.92073681, 54.60404748], [-5.92072174, 54.60404126]]}, "properties": {"DETAIL_ID": "CQ3.L12.W101", "USE_TYPE": "Wall", "LEVEL_ID": "CQ3.L12", "FACILITY_ID": "CQ3", "ELEVATION_RELATIVE": 47.9}}, {"type": "Feature", "geometry": {"type": "LineString", "coordinates": [[-5.92071789, 54.60403967], [-5.92067566, 54.60402222]]}, "properties": {"DETAIL_ID": "CQ3.L12.W102", "USE_TYPE": "Wall", "LEVEL_ID": "CQ3.L12", "FACILITY_ID": "CQ3", "ELEVATION_RELATIVE": 47.9}}, {"type": "Feature", "geometry": {"type": "LineString", "coordinates": [[-5.92074333, 54.60404691], [-5.92067833, 54.60402005]]}, "properties": {"DETAIL_ID": "CQ3.L12.W103", "USE_TYPE": "Wall", "LEVEL_ID": "CQ3.L12", "FACILITY_ID": "CQ3", "ELEVATION_RELATIVE": 47.9}}, {"type": "Feature", "geometry": {"type": "LineString", "coordinates": [[-5.92063569, 54.60410642], [-5.92059784, 54.60409078]]}, "properties": {"DETAIL_ID": "CQ3.L12.W104", "USE_TYPE": "Wall", "LEVEL_ID": "CQ3.L12", "FACILITY_ID": "CQ3", "ELEVATION_RELATIVE": 47.9}}, {"type": "Feature", "geometry": {"type": "LineString", "coordinates": [[-5.92065461, 54.60411423], [-5.92063954, 54.60410801]]}, "properties": {"DETAIL_ID": "CQ3.L12.W105", "USE_TYPE": "Wall", "LEVEL_ID": "CQ3.L12", "FACILITY_ID": "CQ3", "ELEVATION_RELATIVE": 47.9}}, {"type": "Feature", "geometry": {"type": "LineString", "coordinates": [[-5.92065579, 54.60411799], [-5.92059133, 54.60409136]]}, "properties": {"DETAIL_ID": "CQ3.L12.W106", "USE_TYPE": "Wall", "LEVEL_ID": "CQ3.L12", "FACILITY_ID": "CQ3", "ELEVATION_RELATIVE": 47.9}}, {"type": "Feature", "geometry": {"type": "LineString", "coordinates": [[-5.92040104, 54.60400947], [-5.92034834, 54.6039877]]}, "properties": {"DETAIL_ID": "CQ3.L12.W107", "USE_TYPE": "Wall", "LEVEL_ID": "CQ3.L12", "FACILITY_ID": "CQ3", "ELEVATION_RELATIVE": 47.9}}, {"type": "Feature", "geometry": {"type": "LineString", "coordinates": [[-5.92043653, 54.60402413], [-5.92040489, 54.60401106]]}, "properties": {"DETAIL_ID": "CQ3.L12.W108", "USE_TYPE": "Wall", "LEVEL_ID": "CQ3.L12", "FACILITY_ID": "CQ3", "ELEVATION_RELATIVE": 47.9}}, {"type": "Feature", "geometry": {"type": "LineString", "coordinates": [[-5.9204376, 54.60402785], [-5.92034567, 54.60398986]]}, "properties": {"DETAIL_ID": "CQ3.L12.W109", "USE_TYPE": "Wall", "LEVEL_ID": "CQ3.L12", "FACILITY_ID": "CQ3", "ELEVATION_RELATIVE": 47.9}}, {"type": "Feature", "geometry": {"type": "LineString", "coordinates": [[-5.92027842, 54.60395881], [-5.92026325, 54.60395254]]}, "properties": {"DETAIL_ID": "CQ3.L12.W110", "USE_TYPE": "Wall", "LEVEL_ID": "CQ3.L12", "FACILITY_ID": "CQ3", "ELEVATION_RELATIVE": 47.9}}, {"type": "Feature", "geometry": {"type": "LineString", "coordinates": [[-5.92032001, 54.60397599], [-5.92028217, 54.60396036]]}, "properties": {"DETAIL_ID": "CQ3.L12.W111", "USE_TYPE": "Wall", "LEVEL_ID": "CQ3.L12", "FACILITY_ID": "CQ3", "ELEVATION_RELATIVE": 47.9}}, {"type": "Feature", "geometry": {"type": "LineString", "coordinates": [[-5.92032119, 54.60397975], [-5.92025683, 54.60395316]]}, "properties": {"DETAIL_ID": "CQ3.L12.W112", "USE_TYPE": "Wall", "LEVEL_ID": "CQ3.L12", "FACILITY_ID": "CQ3", "ELEVATION_RELATIVE": 47.9}}, {"type": "Feature", "geometry": {"type": "LineString", "coordinates": [[-5.9203876, 54.60392582], [-5.92034591, 54.60390859]]}, "properties": {"DETAIL_ID": "CQ3.L12.W113", "USE_TYPE": "Wall", "LEVEL_ID": "CQ3.L12", "FACILITY_ID": "CQ3", "ELEVATION_RELATIVE": 47.9}}, {"type": "Feature", "geometry": {"type": "LineString", "coordinates": [[-5.92038101, 54.60392646], [-5.92034317, 54.60391082]]}, "properties": {"DETAIL_ID": "CQ3.L12.W114", "USE_TYPE": "Wall", "LEVEL_ID": "CQ3.L12", "FACILITY_ID": "CQ3", "ELEVATION_RELATIVE": 47.9}}, {"type": "Feature", "geometry": {"type": "LineString", "coordinates": [[-5.92069669, 54.60405688], [-5.92065885, 54.60404124]]}, "properties": {"DETAIL_ID": "CQ3.L12.W115", "USE_TYPE": "Wall", "LEVEL_ID": "CQ3.L12", "FACILITY_ID": "CQ3", "ELEVATION_RELATIVE": 47.9}}, {"type": "Feature", "geometry": {"type": "LineString", "coordinates": [[-5.92069943, 54.60405465], [-5.92065774, 54.60403743]]}, "properties": {"DETAIL_ID": "CQ3.L12.W116", "USE_TYPE": "Wall", "LEVEL_ID": "CQ3.L12", "FACILITY_ID": "CQ3", "ELEVATION_RELATIVE": 47.9}}, {"type": "Feature", "geometry": {"type": "LineString", "coordinates": [[-5.92051307, 54.60405576], [-5.92048132, 54.60404264]]}, "properties": {"DETAIL_ID": "CQ3.L12.W117", "USE_TYPE": "Wall", "LEVEL_ID": "CQ3.L12", "FACILITY_ID": "CQ3", "ELEVATION_RELATIVE": 47.9}}, {"type": "Feature", "geometry": {"type": "LineString", "coordinates": [[-5.92056952, 54.60407908], [-5.92051681, 54.6040573]]}, "properties": {"DETAIL_ID": "CQ3.L12.W118", "USE_TYPE": "Wall", "LEVEL_ID": "CQ3.L12", "FACILITY_ID": "CQ3", "ELEVATION_RELATIVE": 47.9}}, {"type": "Feature", "geometry": {"type": "LineString", "coordinates": [[-5.92056685, 54.60408124], [-5.92047491, 54.60404326]]}, "properties": {"DETAIL_ID": "CQ3.L12.W119", "USE_TYPE": "Wall", "LEVEL_ID": "CQ3.L12", "FACILITY_ID": "CQ3", "ELEVATION_RELATIVE": 47.9}}, {"type": "Feature", "geometry": {"type": "LineString", "coordinates": [[-5.92059894, 54.60409067], [-5.92061069, 54.60408114]]}, "properties": {"DETAIL_ID": "CQ3.L13.W0", "USE_TYPE": "Wall", "LEVEL_ID": "CQ3.L13", "FACILITY_ID": "CQ3", "ELEVATION_RELATIVE": 51.8}}, {"type": "Feature", "geometry": {"type": "LineString", "coordinates": [[-5.9206355, 54.60410578], [-5.92064725, 54.60409624]]}, "properties": {"DETAIL_ID": "CQ3.L13.W1", "USE_TYPE": "Wall", "LEVEL_ID": "CQ3.L13", "FACILITY_ID": "CQ3", "ELEVATION_RELATIVE": 51.8}}, {"type": "Feature", "geometry": {"type": "LineString", "coordinates": [[-5.92061305, 54.60408931], [-5.92064141, 54.60406627]]}, "properties": {"DETAIL_ID": "CQ3.L13.W2", "USE_TYPE": "Wall", "LEVEL_ID": "CQ3.L13", "FACILITY_ID": "CQ3", "ELEVATION_RELATIVE": 51.8}}, {"type": "Feature", "geometry": {"type": "LineString", "coordinates": [[-5.92063325, 54.60409765], [-5.92064652, 54.60408688]]}, "properties": {"DETAIL_ID": "CQ3.L13.W3", "USE_TYPE": "Wall", "LEVEL_ID": "CQ3.L13", "FACILITY_ID": "CQ3", "ELEVATION_RELATIVE": 51.8}}, {"type": "Feature", "geometry": {"type": "LineString", "coordinates": [[-5.92031993, 54.6039754], [-5.92033168, 54.60396586]]}, "properties": {"DETAIL_ID": "CQ3.L13.W4", "USE_TYPE": "Wall", "LEVEL_ID": "CQ3.L13", "FACILITY_ID": "CQ3", "ELEVATION_RELATIVE": 51.8}}, {"type": "Feature", "geometry": {"type": "LineString", "coordinates": [[-5.92028327, 54.60396025], [-5.92029501, 54.60395071]]}, "properties": {"DETAIL_ID": "CQ3.L13.W5", "USE_TYPE": "Wall", "LEVEL_ID": "CQ3.L13", "FACILITY_ID": "CQ3", "ELEVATION_RELATIVE": 51.8}}, {"type": "Feature", "geometry": {"type": "LineString", "coordinates": [[-5.92031757, 54.60396723], [-5.92034594, 54.6039442]]}, "properties": {"DETAIL_ID": "CQ3.L13.W6", "USE_TYPE": "Wall", "LEVEL_ID": "CQ3.L13", "FACILITY_ID": "CQ3", "ELEVATION_RELATIVE": 51.8}}, {"type": "Feature", "geometry": {"type": "LineString", "coordinates": [[-5.92029737, 54.60395888], [-5.92031064, 54.60394811]]}, "properties": {"DETAIL_ID": "CQ3.L13.W7", "USE_TYPE": "Wall", "LEVEL_ID": "CQ3.L13", "FACILITY_ID": "CQ3", "ELEVATION_RELATIVE": 51.8}}, {"type": "Feature", "geometry": {"type": "LineString", "coordinates": [[-5.92063538, 54.60410515], [-5.92067411, 54.6040737]]}, "properties": {"DETAIL_ID": "CQ3.L13.W8", "USE_TYPE": "Wall", "LEVEL_ID": "CQ3.L13", "FACILITY_ID": "CQ3", "ELEVATION_RELATIVE": 51.8}}, {"type": "Feature", "geometry": {"type": "LineString", "coordinates": [[-5.92060003, 54.60409054], [-5.9206365, 54.60406092]]}, "properties": {"DETAIL_ID": "CQ3.L13.W9", "USE_TYPE": "Wall", "LEVEL_ID": "CQ3.L13", "FACILITY_ID": "CQ3", "ELEVATION_RELATIVE": 51.8}}, {"type": "Feature", "geometry": {"type": "LineString", "coordinates": [[-5.92060111, 54.60409044], [-5.92063713, 54.60406118]]}, "properties": {"DETAIL_ID": "CQ3.L13.W10", "USE_TYPE": "Wall", "LEVEL_ID": "CQ3.L13", "FACILITY_ID": "CQ3", "ELEVATION_RELATIVE": 51.8}}, {"type": "Feature", "geometry": {"type": "LineString", "coordinates": [[-5.9206352, 54.60410452], [-5.92067348, 54.60407344]]}, "properties": {"DETAIL_ID": "CQ3.L13.W11", "USE_TYPE": "Wall", "LEVEL_ID": "CQ3.L13", "FACILITY_ID": "CQ3", "ELEVATION_RELATIVE": 51.8}}, {"type": "Feature", "geometry": {"type": "LineString", "coordinates": [[-5.92028438, 54.60396013], [-5.9203231, 54.60392868]]}, "properties": {"DETAIL_ID": "CQ3.L13.W12", "USE_TYPE": "Wall", "LEVEL_ID": "CQ3.L13", "FACILITY_ID": "CQ3", "ELEVATION_RELATIVE": 51.8}}, {"type": "Feature", "geometry": {"type": "LineString", "coordinates": [[-5.92031973, 54.60397473], [-5.9203562, 54.60394511]]}, "properties": {"DETAIL_ID": "CQ3.L13.W13", "USE_TYPE": "Wall", "LEVEL_ID": "CQ3.L13", "FACILITY_ID": "CQ3", "ELEVATION_RELATIVE": 51.8}}, {"type": "Feature", "geometry": {"type": "LineString", "coordinates": [[-5.92031955, 54.60397411], [-5.92035557, 54.60394485]]}, "properties": {"DETAIL_ID": "CQ3.L13.W14", "USE_TYPE": "Wall", "LEVEL_ID": "CQ3.L13", "FACILITY_ID": "CQ3", "ELEVATION_RELATIVE": 51.8}}, {"type": "Feature", "geometry": {"type": "LineString", "coordinates": [[-5.92028546, 54.60396002], [-5.92032373, 54.60392894]]}, "properties": {"DETAIL_ID": "CQ3.L13.W15", "USE_TYPE": "Wall", "LEVEL_ID": "CQ3.L13", "FACILITY_ID": "CQ3", "ELEVATION_RELATIVE": 51.8}}, {"type": "Feature", "geometry": {"type": "LineString", "coordinates": [[-5.92027842, 54.60395881], [-5.92031861, 54.60392618]]}, "properties": {"DETAIL_ID": "CQ3.L13.W16", "USE_TYPE": "Wall", "LEVEL_ID": "CQ3.L13", "FACILITY_ID": "CQ3", "ELEVATION_RELATIVE": 51.8}}, {"type": "Feature", "geometry": {"type": "LineString", "coordinates": [[-5.92032044, 54.60392469], [-5.92036062, 54.60389206]]}, "properties": {"DETAIL_ID": "CQ3.L13.W17", "USE_TYPE": "Wall", "LEVEL_ID": "CQ3.L13", "FACILITY_ID": "CQ3", "ELEVATION_RELATIVE": 51.8}}, {"type": "Feature", "geometry": {"type": "LineString", "coordinates": [[-5.92028217, 54.60396036], [-5.92034317, 54.60391082]]}, "properties": {"DETAIL_ID": "CQ3.L13.W18", "USE_TYPE": "Wall", "LEVEL_ID": "CQ3.L13", "FACILITY_ID": "CQ3", "ELEVATION_RELATIVE": 51.8}}, {"type": "Feature", "geometry": {"type": "LineString", "coordinates": [[-5.92034591, 54.60390859], [-5.92036437, 54.60389361]]}, "properties": {"DETAIL_ID": "CQ3.L13.W19", "USE_TYPE": "Wall", "LEVEL_ID": "CQ3.L13", "FACILITY_ID": "CQ3", "ELEVATION_RELATIVE": 51.8}}, {"type": "Feature", "geometry": {"type": "LineString", "coordinates": [[-5.92068155, 54.60407389], [-5.92072174, 54.60404126]]}, "properties": {"DETAIL_ID": "CQ3.L13.W20", "USE_TYPE": "Wall", "LEVEL_ID": "CQ3.L13", "FACILITY_ID": "CQ3", "ELEVATION_RELATIVE": 51.8}}, {"type": "Feature", "geometry": {"type": "LineString", "coordinates": [[-5.92063954, 54.60410801], [-5.92067972, 54.60407537]]}, "properties": {"DETAIL_ID": "CQ3.L13.W21", "USE_TYPE": "Wall", "LEVEL_ID": "CQ3.L13", "FACILITY_ID": "CQ3", "ELEVATION_RELATIVE": 51.8}}, {"type": "Feature", "geometry": {"type": "LineString", "coordinates": [[-5.92069943, 54.60405465], [-5.92071789, 54.60403967]]}, "properties": {"DETAIL_ID": "CQ3.L13.W22", "USE_TYPE": "Wall", "LEVEL_ID": "CQ3.L13", "FACILITY_ID": "CQ3", "ELEVATION_RELATIVE": 51.8}}, {"type": "Feature", "geometry": {"type": "LineString", "coordinates": [[-5.92063569, 54.60410642], [-5.92069669, 54.60405688]]}, "properties": {"DETAIL_ID": "CQ3.L13.W23", "USE_TYPE": "Wall", "LEVEL_ID": "CQ3.L13", "FACILITY_ID": "CQ3", "ELEVATION_RELATIVE": 51.8}}, {"type": "Feature", "geometry": {"type": "LineString", "coordinates": [[-5.92032001, 54.60397599], [-5.92036629, 54.60393841]]}, "properties": {"DETAIL_ID": "CQ3.L13.W24", "USE_TYPE": "Wall", "LEVEL_ID": "CQ3.L13", "FACILITY_ID": "CQ3", "ELEVATION_RELATIVE": 51.8}}, {"type": "Feature", "geometry": {"type": "LineString", "coordinates": [[-5.92032119, 54.60397975], [-5.92037014, 54.60394]]}, "properties": {"DETAIL_ID": "CQ3.L13.W25", "USE_TYPE": "Wall", "LEVEL_ID": "CQ3.L13", "FACILITY_ID": "CQ3", "ELEVATION_RELATIVE": 51.8}}, {"type": "Feature", "geometry": {"type": "LineString", "coordinates": [[-5.92059133, 54.60409136], [-5.92064028, 54.60405161]]}, "properties": {"DETAIL_ID": "CQ3.L13.W26", "USE_TYPE": "Wall", "LEVEL_ID": "CQ3.L13", "FACILITY_ID": "CQ3", "ELEVATION_RELATIVE": 51.8}}, {"type": "Feature", "geometry": {"type": "LineString", "coordinates": [[-5.92059784, 54.60409078], [-5.92064413, 54.6040532]]}, "properties": {"DETAIL_ID": "CQ3.L13.W27", "USE_TYPE": "Wall", "LEVEL_ID": "CQ3.L13", "FACILITY_ID": "CQ3", "ELEVATION_RELATIVE": 51.8}}, {"type": "Feature", "geometry": {"type": "LineString", "coordinates": [[-5.92055261, 54.60398016], [-5.92056245, 54.60397218]]}, "properties": {"DETAIL_ID": "CQ3.L13.W28", "USE_TYPE": "Wall", "LEVEL_ID": "CQ3.L13", "FACILITY_ID": "CQ3", "ELEVATION_RELATIVE": 51.8}}, {"type": "Feature", "geometry": {"type": "LineString", "coordinates": [[-5.92052409, 54.60400332], [-5.92054095, 54.60398964]]}, "properties": {"DETAIL_ID": "CQ3.L13.W29", "USE_TYPE": "Wall", "LEVEL_ID": "CQ3.L13", "FACILITY_ID": "CQ3", "ELEVATION_RELATIVE": 51.8}}, {"type": "Feature", "geometry": {"type": "LineString", "coordinates": [[-5.92049596, 54.60402617], [-5.92051327, 54.60401211]]}, "properties": {"DETAIL_ID": "CQ3.L13.W30", "USE_TYPE": "Wall", "LEVEL_ID": "CQ3.L13", "FACILITY_ID": "CQ3", "ELEVATION_RELATIVE": 51.8}}, {"type": "Feature", "geometry": {"type": "LineString", "coordinates": [[-5.92047491, 54.60404326], [-5.92048521, 54.6040349]]}, "properties": {"DETAIL_ID": "CQ3.L13.W31", "USE_TYPE": "Wall", "LEVEL_ID": "CQ3.L13", "FACILITY_ID": "CQ3", "ELEVATION_RELATIVE": 51.8}}, {"type": "Feature", "geometry": {"type": "LineString", "coordinates": [[-5.9204376, 54.60402785], [-5.9204479, 54.60401949]]}, "properties": {"DETAIL_ID": "CQ3.L13.W32", "USE_TYPE": "Wall", "LEVEL_ID": "CQ3.L13", "FACILITY_ID": "CQ3", "ELEVATION_RELATIVE": 51.8}}, {"type": "Feature", "geometry": {"type": "LineString", "coordinates": [[-5.92045865, 54.60401076], [-5.92047596, 54.6039967]]}, "properties": {"DETAIL_ID": "CQ3.L13.W33", "USE_TYPE": "Wall", "LEVEL_ID": "CQ3.L13", "FACILITY_ID": "CQ3", "ELEVATION_RELATIVE": 51.8}}, {"type": "Feature", "geometry": {"type": "LineString", "coordinates": [[-5.92048679, 54.60398791], [-5.92050364, 54.60397422]]}, "properties": {"DETAIL_ID": "CQ3.L13.W34", "USE_TYPE": "Wall", "LEVEL_ID": "CQ3.L13", "FACILITY_ID": "CQ3", "ELEVATION_RELATIVE": 51.8}}, {"type": "Feature", "geometry": {"type": "LineString", "coordinates": [[-5.9205153, 54.60396475], [-5.92052514, 54.60395676]]}, "properties": {"DETAIL_ID": "CQ3.L13.W35", "USE_TYPE": "Wall", "LEVEL_ID": "CQ3.L13", "FACILITY_ID": "CQ3", "ELEVATION_RELATIVE": 51.8}}, {"type": "Feature", "geometry": {"type": "LineString", "coordinates": [[-5.92040104, 54.60400947], [-5.92046486, 54.60395764]]}, "properties": {"DETAIL_ID": "CQ3.L13.W36", "USE_TYPE": "Wall", "LEVEL_ID": "CQ3.L13", "FACILITY_ID": "CQ3", "ELEVATION_RELATIVE": 51.8}}, {"type": "Feature", "geometry": {"type": "LineString", "coordinates": [[-5.92040489, 54.60401106], [-5.92043104, 54.60398982]]}, "properties": {"DETAIL_ID": "CQ3.L13.W37", "USE_TYPE": "Wall", "LEVEL_ID": "CQ3.L13", "FACILITY_ID": "CQ3", "ELEVATION_RELATIVE": 51.8}}, {"type": "Feature", "geometry": {"type": "LineString", "coordinates": [[-5.92043287, 54.60398833], [-5.9204591, 54.60396703]]}, "properties": {"DETAIL_ID": "CQ3.L13.W38", "USE_TYPE": "Wall", "LEVEL_ID": "CQ3.L13", "FACILITY_ID": "CQ3", "ELEVATION_RELATIVE": 51.8}}, {"type": "Feature", "geometry": {"type": "LineString", "coordinates": [[-5.92051681, 54.6040573], [-5.92058064, 54.60400548]]}, "properties": {"DETAIL_ID": "CQ3.L13.W39", "USE_TYPE": "Wall", "LEVEL_ID": "CQ3.L13", "FACILITY_ID": "CQ3", "ELEVATION_RELATIVE": 51.8}}, {"type": "Feature", "geometry": {"type": "LineString", "coordinates": [[-5.92054106, 54.60403303], [-5.92056729, 54.60401173]]}, "properties": {"DETAIL_ID": "CQ3.L13.W40", "USE_TYPE": "Wall", "LEVEL_ID": "CQ3.L13", "FACILITY_ID": "CQ3", "ELEVATION_RELATIVE": 51.8}}, {"type": "Feature", "geometry": {"type": "LineString", "coordinates": [[-5.92051307, 54.60405576], [-5.92053923, 54.60403452]]}, "properties": {"DETAIL_ID": "CQ3.L13.W41", "USE_TYPE": "Wall", "LEVEL_ID": "CQ3.L13", "FACILITY_ID": "CQ3", "ELEVATION_RELATIVE": 51.8}}, {"type": "Feature", "geometry": {"type": "LineString", "coordinates": [[-5.92046452, 54.60400141], [-5.92043287, 54.60398833]]}, "properties": {"DETAIL_ID": "CQ3.L13.W42", "USE_TYPE": "Wall", "LEVEL_ID": "CQ3.L13", "FACILITY_ID": "CQ3", "ELEVATION_RELATIVE": 51.8}}, {"type": "Feature", "geometry": {"type": "LineString", "coordinates": [[-5.92046269, 54.60400289], [-5.92043104, 54.60398982]]}, "properties": {"DETAIL_ID": "CQ3.L13.W43", "USE_TYPE": "Wall", "LEVEL_ID": "CQ3.L13", "FACILITY_ID": "CQ3", "ELEVATION_RELATIVE": 51.8}}, {"type": "Feature", "geometry": {"type": "LineString", "coordinates": [[-5.92049258, 54.60397862], [-5.92046093, 54.60396555]]}, "properties": {"DETAIL_ID": "CQ3.L13.W44", "USE_TYPE": "Wall", "LEVEL_ID": "CQ3.L13", "FACILITY_ID": "CQ3", "ELEVATION_RELATIVE": 51.8}}, {"type": "Feature", "geometry": {"type": "LineString", "coordinates": [[-5.92049075, 54.60398011], [-5.9204591, 54.60396703]]}, "properties": {"DETAIL_ID": "CQ3.L13.W45", "USE_TYPE": "Wall", "LEVEL_ID": "CQ3.L13", "FACILITY_ID": "CQ3", "ELEVATION_RELATIVE": 51.8}}, {"type": "Feature", "geometry": {"type": "LineString", "coordinates": [[-5.92056912, 54.60401025], [-5.92053737, 54.60399713]]}, "properties": {"DETAIL_ID": "CQ3.L13.W46", "USE_TYPE": "Wall", "LEVEL_ID": "CQ3.L13", "FACILITY_ID": "CQ3", "ELEVATION_RELATIVE": 51.8}}, {"type": "Feature", "geometry": {"type": "LineString", "coordinates": [[-5.92056729, 54.60401173], [-5.92053554, 54.60399861]]}, "properties": {"DETAIL_ID": "CQ3.L13.W47", "USE_TYPE": "Wall", "LEVEL_ID": "CQ3.L13", "FACILITY_ID": "CQ3", "ELEVATION_RELATIVE": 51.8}}, {"type": "Feature", "geometry": {"type": "LineString", "coordinates": [[-5.92054106, 54.60403303], [-5.92050931, 54.60401991]]}, "properties": {"DETAIL_ID": "CQ3.L13.W48", "USE_TYPE": "Wall", "LEVEL_ID": "CQ3.L13", "FACILITY_ID": "CQ3", "ELEVATION_RELATIVE": 51.8}}, {"type": "Feature", "geometry": {"type": "LineString", "coordinates": [[-5.92053923, 54.60403452], [-5.92050748, 54.6040214]]}, "properties": {"DETAIL_ID": "CQ3.L13.W49", "USE_TYPE": "Wall", "LEVEL_ID": "CQ3.L13", "FACILITY_ID": "CQ3", "ELEVATION_RELATIVE": 51.8}}, {"type": "Feature", "geometry": {"type": "LineString", "coordinates": [[-5.92031861, 54.60392618], [-5.92030097, 54.60391889]]}, "properties": {"DETAIL_ID": "CQ3.L13.W50", "USE_TYPE": "Wall", "LEVEL_ID": "CQ3.L13", "FACILITY_ID": "CQ3", "ELEVATION_RELATIVE": 51.8}}, {"type": "Feature", "geometry": {"type": "LineString", "coordinates": [[-5.92032044, 54.60392469], [-5.9203028, 54.6039174]]}, "properties": {"DETAIL_ID": "CQ3.L13.W51", "USE_TYPE": "Wall", "LEVEL_ID": "CQ3.L13", "FACILITY_ID": "CQ3", "ELEVATION_RELATIVE": 51.8}}, {"type": "Feature", "geometry": {"type": "LineString", "coordinates": [[-5.92069725, 54.60408262], [-5.92067972, 54.60407537]]}, "properties": {"DETAIL_ID": "CQ3.L13.W52", "USE_TYPE": "Wall", "LEVEL_ID": "CQ3.L13", "FACILITY_ID": "CQ3", "ELEVATION_RELATIVE": 51.8}}, {"type": "Feature", "geometry": {"type": "LineString", "coordinates": [[-5.92069908, 54.60408113], [-5.92068155, 54.60407389]]}, "properties": {"DETAIL_ID": "CQ3.L13.W53", "USE_TYPE": "Wall", "LEVEL_ID": "CQ3.L13", "FACILITY_ID": "CQ3", "ELEVATION_RELATIVE": 51.8}}, {"type": "Feature", "geometry": {"type": "LineString", "coordinates": [[-5.92064954, 54.60406963], [-5.92063318, 54.60406287]]}, "properties": {"DETAIL_ID": "CQ3.L13.W54", "USE_TYPE": "Wall", "LEVEL_ID": "CQ3.L13", "FACILITY_ID": "CQ3", "ELEVATION_RELATIVE": 51.8}}, {"type": "Feature", "geometry": {"type": "LineString", "coordinates": [[-5.92064733, 54.60407143], [-5.92063097, 54.60406467]]}, "properties": {"DETAIL_ID": "CQ3.L13.W55", "USE_TYPE": "Wall", "LEVEL_ID": "CQ3.L13", "FACILITY_ID": "CQ3", "ELEVATION_RELATIVE": 51.8}}, {"type": "Feature", "geometry": {"type": "LineString", "coordinates": [[-5.92064504, 54.60407328], [-5.92062868, 54.60406653]]}, "properties": {"DETAIL_ID": "CQ3.L13.W56", "USE_TYPE": "Wall", "LEVEL_ID": "CQ3.L13", "FACILITY_ID": "CQ3", "ELEVATION_RELATIVE": 51.8}}, {"type": "Feature", "geometry": {"type": "LineString", "coordinates": [[-5.92064283, 54.60407508], [-5.92062647, 54.60406832]]}, "properties": {"DETAIL_ID": "CQ3.L13.W57", "USE_TYPE": "Wall", "LEVEL_ID": "CQ3.L13", "FACILITY_ID": "CQ3", "ELEVATION_RELATIVE": 51.8}}, {"type": "Feature", "geometry": {"type": "LineString", "coordinates": [[-5.92064054, 54.60407694], [-5.92062418, 54.60407018]]}, "properties": {"DETAIL_ID": "CQ3.L13.W58", "USE_TYPE": "Wall", "LEVEL_ID": "CQ3.L13", "FACILITY_ID": "CQ3", "ELEVATION_RELATIVE": 51.8}}, {"type": "Feature", "geometry": {"type": "LineString", "coordinates": [[-5.92063833, 54.60407873], [-5.92062197, 54.60407197]]}, "properties": {"DETAIL_ID": "CQ3.L13.W59", "USE_TYPE": "Wall", "LEVEL_ID": "CQ3.L13", "FACILITY_ID": "CQ3", "ELEVATION_RELATIVE": 51.8}}, {"type": "Feature", "geometry": {"type": "LineString", "coordinates": [[-5.92063604, 54.60408059], [-5.92061968, 54.60407383]]}, "properties": {"DETAIL_ID": "CQ3.L13.W60", "USE_TYPE": "Wall", "LEVEL_ID": "CQ3.L13", "FACILITY_ID": "CQ3", "ELEVATION_RELATIVE": 51.8}}, {"type": "Feature", "geometry": {"type": "LineString", "coordinates": [[-5.92063375, 54.60408245], [-5.9206174, 54.60407569]]}, "properties": {"DETAIL_ID": "CQ3.L13.W61", "USE_TYPE": "Wall", "LEVEL_ID": "CQ3.L13", "FACILITY_ID": "CQ3", "ELEVATION_RELATIVE": 51.8}}, {"type": "Feature", "geometry": {"type": "LineString", "coordinates": [[-5.92063154, 54.60408424], [-5.92061519, 54.60407749]]}, "properties": {"DETAIL_ID": "CQ3.L13.W62", "USE_TYPE": "Wall", "LEVEL_ID": "CQ3.L13", "FACILITY_ID": "CQ3", "ELEVATION_RELATIVE": 51.8}}, {"type": "Feature", "geometry": {"type": "LineString", "coordinates": [[-5.92062925, 54.6040861], [-5.9206129, 54.60407934]]}, "properties": {"DETAIL_ID": "CQ3.L13.W63", "USE_TYPE": "Wall", "LEVEL_ID": "CQ3.L13", "FACILITY_ID": "CQ3", "ELEVATION_RELATIVE": 51.8}}, {"type": "Feature", "geometry": {"type": "LineString", "coordinates": [[-5.9206355, 54.60410578], [-5.92059894, 54.60409067]]}, "properties": {"DETAIL_ID": "CQ3.L13.W64", "USE_TYPE": "Wall", "LEVEL_ID": "CQ3.L13", "FACILITY_ID": "CQ3", "ELEVATION_RELATIVE": 51.8}}, {"type": "Feature", "geometry": {"type": "LineString", "coordinates": [[-5.92062704, 54.6040879], [-5.92061069, 54.60408114]]}, "properties": {"DETAIL_ID": "CQ3.L13.W65", "USE_TYPE": "Wall", "LEVEL_ID": "CQ3.L13", "FACILITY_ID": "CQ3", "ELEVATION_RELATIVE": 51.8}}, {"type": "Feature", "geometry": {"type": "LineString", "coordinates": [[-5.92064725, 54.60409624], [-5.92063089, 54.60408949]]}, "properties": {"DETAIL_ID": "CQ3.L13.W66", "USE_TYPE": "Wall", "LEVEL_ID": "CQ3.L13", "FACILITY_ID": "CQ3", "ELEVATION_RELATIVE": 51.8}}, {"type": "Feature", "geometry": {"type": "LineString", "coordinates": [[-5.92064946, 54.60409445], [-5.9206331, 54.60408769]]}, "properties": {"DETAIL_ID": "CQ3.L13.W67", "USE_TYPE": "Wall", "LEVEL_ID": "CQ3.L13", "FACILITY_ID": "CQ3", "ELEVATION_RELATIVE": 51.8}}, {"type": "Feature", "geometry": {"type": "LineString", "coordinates": [[-5.92065175, 54.60409259], [-5.92063539, 54.60408583]]}, "properties": {"DETAIL_ID": "CQ3.L13.W68", "USE_TYPE": "Wall", "LEVEL_ID": "CQ3.L13", "FACILITY_ID": "CQ3", "ELEVATION_RELATIVE": 51.8}}, {"type": "Feature", "geometry": {"type": "LineString", "coordinates": [[-5.92063325, 54.60409765], [-5.92061305, 54.60408931]]}, "properties": {"DETAIL_ID": "CQ3.L13.W69", "USE_TYPE": "Wall", "LEVEL_ID": "CQ3.L13", "FACILITY_ID": "CQ3", "ELEVATION_RELATIVE": 51.8}}, {"type": "Feature", "geometry": {"type": "LineString", "coordinates": [[-5.92035417, 54.6039476], [-5.92033771, 54.6039408]]}, "properties": {"DETAIL_ID": "CQ3.L13.W70", "USE_TYPE": "Wall", "LEVEL_ID": "CQ3.L13", "FACILITY_ID": "CQ3", "ELEVATION_RELATIVE": 51.8}}, {"type": "Feature", "geometry": {"type": "LineString", "coordinates": [[-5.92035196, 54.60394939], [-5.9203355, 54.60394259]]}, "properties": {"DETAIL_ID": "CQ3.L13.W71", "USE_TYPE": "Wall", "LEVEL_ID": "CQ3.L13", "FACILITY_ID": "CQ3", "ELEVATION_RELATIVE": 51.8}}, {"type": "Feature", "geometry": {"type": "LineString", "coordinates": [[-5.92034967, 54.60395125], [-5.92033321, 54.60394445]]}, "properties": {"DETAIL_ID": "CQ3.L13.W72", "USE_TYPE": "Wall", "LEVEL_ID": "CQ3.L13", "FACILITY_ID": "CQ3", "ELEVATION_RELATIVE": 51.8}}, {"type": "Feature", "geometry": {"type": "LineString", "coordinates": [[-5.92034746, 54.60395305], [-5.920331, 54.60394624]]}, "properties": {"DETAIL_ID": "CQ3.L13.W73", "USE_TYPE": "Wall", "LEVEL_ID": "CQ3.L13", "FACILITY_ID": "CQ3", "ELEVATION_RELATIVE": 51.8}}, {"type": "Feature", "geometry": {"type": "LineString", "coordinates": [[-5.92034517, 54.6039549], [-5.92032871, 54.6039481]]}, "properties": {"DETAIL_ID": "CQ3.L13.W74", "USE_TYPE": "Wall", "LEVEL_ID": "CQ3.L13", "FACILITY_ID": "CQ3", "ELEVATION_RELATIVE": 51.8}}, {"type": "Feature", "geometry": {"type": "LineString", "coordinates": [[-5.92034296, 54.6039567], [-5.9203265, 54.6039499]]}, "properties": {"DETAIL_ID": "CQ3.L13.W75", "USE_TYPE": "Wall", "LEVEL_ID": "CQ3.L13", "FACILITY_ID": "CQ3", "ELEVATION_RELATIVE": 51.8}}, {"type": "Feature", "geometry": {"type": "LineString", "coordinates": [[-5.92034067, 54.60395856], [-5.92032421, 54.60395175]]}, "properties": {"DETAIL_ID": "CQ3.L13.W76", "USE_TYPE": "Wall", "LEVEL_ID": "CQ3.L13", "FACILITY_ID": "CQ3", "ELEVATION_RELATIVE": 51.8}}, {"type": "Feature", "geometry": {"type": "LineString", "coordinates": [[-5.92033839, 54.60396041], [-5.92032192, 54.60395361]]}, "properties": {"DETAIL_ID": "CQ3.L13.W77", "USE_TYPE": "Wall", "LEVEL_ID": "CQ3.L13", "FACILITY_ID": "CQ3", "ELEVATION_RELATIVE": 51.8}}, {"type": "Feature", "geometry": {"type": "LineString", "coordinates": [[-5.92033617, 54.60396221], [-5.92031971, 54.60395541]]}, "properties": {"DETAIL_ID": "CQ3.L13.W78", "USE_TYPE": "Wall", "LEVEL_ID": "CQ3.L13", "FACILITY_ID": "CQ3", "ELEVATION_RELATIVE": 51.8}}, {"type": "Feature", "geometry": {"type": "LineString", "coordinates": [[-5.92033389, 54.60396407], [-5.92031742, 54.60395727]]}, "properties": {"DETAIL_ID": "CQ3.L13.W79", "USE_TYPE": "Wall", "LEVEL_ID": "CQ3.L13", "FACILITY_ID": "CQ3", "ELEVATION_RELATIVE": 51.8}}, {"type": "Feature", "geometry": {"type": "LineString", "coordinates": [[-5.92031993, 54.6039754], [-5.92028327, 54.60396025]]}, "properties": {"DETAIL_ID": "CQ3.L13.W80", "USE_TYPE": "Wall", "LEVEL_ID": "CQ3.L13", "FACILITY_ID": "CQ3", "ELEVATION_RELATIVE": 51.8}}, {"type": "Feature", "geometry": {"type": "LineString", "coordinates": [[-5.92033168, 54.60396586], [-5.92031521, 54.60395906]]}, "properties": {"DETAIL_ID": "CQ3.L13.W81", "USE_TYPE": "Wall", "LEVEL_ID": "CQ3.L13", "FACILITY_ID": "CQ3", "ELEVATION_RELATIVE": 51.8}}, {"type": "Feature", "geometry": {"type": "LineString", "coordinates": [[-5.92031147, 54.60395752], [-5.92029501, 54.60395071]]}, "properties": {"DETAIL_ID": "CQ3.L13.W82", "USE_TYPE": "Wall", "LEVEL_ID": "CQ3.L13", "FACILITY_ID": "CQ3", "ELEVATION_RELATIVE": 51.8}}, {"type": "Feature", "geometry": {"type": "LineString", "coordinates": [[-5.92031368, 54.60395572], [-5.92029722, 54.60394892]]}, "properties": {"DETAIL_ID": "CQ3.L13.W83", "USE_TYPE": "Wall", "LEVEL_ID": "CQ3.L13", "FACILITY_ID": "CQ3", "ELEVATION_RELATIVE": 51.8}}, {"type": "Feature", "geometry": {"type": "LineString", "coordinates": [[-5.92031597, 54.60395386], [-5.92029951, 54.60394706]]}, "properties": {"DETAIL_ID": "CQ3.L13.W84", "USE_TYPE": "Wall", "LEVEL_ID": "CQ3.L13", "FACILITY_ID": "CQ3", "ELEVATION_RELATIVE": 51.8}}, {"type": "Feature", "geometry": {"type": "LineString", "coordinates": [[-5.92031757, 54.60396723], [-5.92029737, 54.60395888]]}, "properties": {"DETAIL_ID": "CQ3.L13.W85", "USE_TYPE": "Wall", "LEVEL_ID": "CQ3.L13", "FACILITY_ID": "CQ3", "ELEVATION_RELATIVE": 51.8}}, {"type": "Feature", "geometry": {"type": "LineString", "coordinates": [[-5.92063538, 54.60410515], [-5.92060003, 54.60409054]]}, "properties": {"DETAIL_ID": "CQ3.L13.W86", "USE_TYPE": "Wall", "LEVEL_ID": "CQ3.L13", "FACILITY_ID": "CQ3", "ELEVATION_RELATIVE": 51.8}}, {"type": "Feature", "geometry": {"type": "LineString", "coordinates": [[-5.9206352, 54.60410452], [-5.92060111, 54.60409044]]}, "properties": {"DETAIL_ID": "CQ3.L13.W87", "USE_TYPE": "Wall", "LEVEL_ID": "CQ3.L13", "FACILITY_ID": "CQ3", "ELEVATION_RELATIVE": 51.8}}, {"type": "Feature", "geometry": {"type": "LineString", "coordinates": [[-5.92031973, 54.60397473], [-5.92028438, 54.60396013]]}, "properties": {"DETAIL_ID": "CQ3.L13.W88", "USE_TYPE": "Wall", "LEVEL_ID": "CQ3.L13", "FACILITY_ID": "CQ3", "ELEVATION_RELATIVE": 51.8}}, {"type": "Feature", "geometry": {"type": "LineString", "coordinates": [[-5.92031955, 54.60397411], [-5.92028546, 54.60396002]]}, "properties": {"DETAIL_ID": "CQ3.L13.W89", "USE_TYPE": "Wall", "LEVEL_ID": "CQ3.L13", "FACILITY_ID": "CQ3", "ELEVATION_RELATIVE": 51.8}}, {"type": "Feature", "geometry": {"type": "LineString", "coordinates": [[-5.92039387, 54.6039058], [-5.92036437, 54.60389361]]}, "properties": {"DETAIL_ID": "CQ3.L13.W90", "USE_TYPE": "Wall", "LEVEL_ID": "CQ3.L13", "FACILITY_ID": "CQ3", "ELEVATION_RELATIVE": 51.8}}, {"type": "Feature", "geometry": {"type": "LineString", "coordinates": [[-5.92036062, 54.60389206], [-5.92034544, 54.60388579]]}, "properties": {"DETAIL_ID": "CQ3.L13.W91", "USE_TYPE": "Wall", "LEVEL_ID": "CQ3.L13", "FACILITY_ID": "CQ3", "ELEVATION_RELATIVE": 51.8}}, {"type": "Feature", "geometry": {"type": "LineString", "coordinates": [[-5.92040937, 54.60390893], [-5.92034437, 54.60388208]]}, "properties": {"DETAIL_ID": "CQ3.L13.W92", "USE_TYPE": "Wall", "LEVEL_ID": "CQ3.L13", "FACILITY_ID": "CQ3", "ELEVATION_RELATIVE": 51.8}}, {"type": "Feature", "geometry": {"type": "LineString", "coordinates": [[-5.92051873, 54.60395738], [-5.92048709, 54.60394431]]}, "properties": {"DETAIL_ID": "CQ3.L13.W93", "USE_TYPE": "Wall", "LEVEL_ID": "CQ3.L13", "FACILITY_ID": "CQ3", "ELEVATION_RELATIVE": 51.8}}, {"type": "Feature", "geometry": {"type": "LineString", "coordinates": [[-5.92048324, 54.60394272], [-5.9204299, 54.60392068]]}, "properties": {"DETAIL_ID": "CQ3.L13.W94", "USE_TYPE": "Wall", "LEVEL_ID": "CQ3.L13", "FACILITY_ID": "CQ3", "ELEVATION_RELATIVE": 51.8}}, {"type": "Feature", "geometry": {"type": "LineString", "coordinates": [[-5.92052514, 54.60395676], [-5.92043256, 54.60391851]]}, "properties": {"DETAIL_ID": "CQ3.L13.W95", "USE_TYPE": "Wall", "LEVEL_ID": "CQ3.L13", "FACILITY_ID": "CQ3", "ELEVATION_RELATIVE": 51.8}}, {"type": "Feature", "geometry": {"type": "LineString", "coordinates": [[-5.92065236, 54.60401259], [-5.92059901, 54.60399055]]}, "properties": {"DETAIL_ID": "CQ3.L13.W96", "USE_TYPE": "Wall", "LEVEL_ID": "CQ3.L13", "FACILITY_ID": "CQ3", "ELEVATION_RELATIVE": 51.8}}, {"type": "Feature", "geometry": {"type": "LineString", "coordinates": [[-5.92059527, 54.60398901], [-5.92056352, 54.60397589]]}, "properties": {"DETAIL_ID": "CQ3.L13.W97", "USE_TYPE": "Wall", "LEVEL_ID": "CQ3.L13", "FACILITY_ID": "CQ3", "ELEVATION_RELATIVE": 51.8}}, {"type": "Feature", "geometry": {"type": "LineString", "coordinates": [[-5.92065503, 54.60401042], [-5.92056245, 54.60397218]]}, "properties": {"DETAIL_ID": "CQ3.L13.W98", "USE_TYPE": "Wall", "LEVEL_ID": "CQ3.L13", "FACILITY_ID": "CQ3", "ELEVATION_RELATIVE": 51.8}}, {"type": "Feature", "geometry": {"type": "LineString", "coordinates": [[-5.92073681, 54.60404748], [-5.92072174, 54.60404126]]}, "properties": {"DETAIL_ID": "CQ3.L13.W99", "USE_TYPE": "Wall", "LEVEL_ID": "CQ3.L13", "FACILITY_ID": "CQ3", "ELEVATION_RELATIVE": 51.8}}, {"type": "Feature", "geometry": {"type": "LineString", "coordinates": [[-5.92071789, 54.60403967], [-5.92067566, 54.60402222]]}, "properties": {"DETAIL_ID": "CQ3.L13.W100", "USE_TYPE": "Wall", "LEVEL_ID": "CQ3.L13", "FACILITY_ID": "CQ3", "ELEVATION_RELATIVE": 51.8}}, {"type": "Feature", "geometry": {"type": "LineString", "coordinates": [[-5.92074333, 54.60404691], [-5.92067833, 54.60402005]]}, "properties": {"DETAIL_ID": "CQ3.L13.W101", "USE_TYPE": "Wall", "LEVEL_ID": "CQ3.L13", "FACILITY_ID": "CQ3", "ELEVATION_RELATIVE": 51.8}}, {"type": "Feature", "geometry": {"type": "LineString", "coordinates": [[-5.92063569, 54.60410642], [-5.92059784, 54.60409078]]}, "properties": {"DETAIL_ID": "CQ3.L13.W102", "USE_TYPE": "Wall", "LEVEL_ID": "CQ3.L13", "FACILITY_ID": "CQ3", "ELEVATION_RELATIVE": 51.8}}, {"type": "Feature", "geometry": {"type": "LineString", "coordinates": [[-5.92065461, 54.60411423], [-5.92063954, 54.60410801]]}, "properties": {"DETAIL_ID": "CQ3.L13.W103", "USE_TYPE": "Wall", "LEVEL_ID": "CQ3.L13", "FACILITY_ID": "CQ3", "ELEVATION_RELATIVE": 51.8}}, {"type": "Feature", "geometry": {"type": "LineString", "coordinates": [[-5.92065579, 54.60411799], [-5.92059133, 54.60409136]]}, "properties": {"DETAIL_ID": "CQ3.L13.W104", "USE_TYPE": "Wall", "LEVEL_ID": "CQ3.L13", "FACILITY_ID": "CQ3", "ELEVATION_RELATIVE": 51.8}}, {"type": "Feature", "geometry": {"type": "LineString", "coordinates": [[-5.92040104, 54.60400947], [-5.92034834, 54.6039877]]}, "properties": {"DETAIL_ID": "CQ3.L13.W105", "USE_TYPE": "Wall", "LEVEL_ID": "CQ3.L13", "FACILITY_ID": "CQ3", "ELEVATION_RELATIVE": 51.8}}, {"type": "Feature", "geometry": {"type": "LineString", "coordinates": [[-5.92043653, 54.60402413], [-5.92040489, 54.60401106]]}, "properties": {"DETAIL_ID": "CQ3.L13.W106", "USE_TYPE": "Wall", "LEVEL_ID": "CQ3.L13", "FACILITY_ID": "CQ3", "ELEVATION_RELATIVE": 51.8}}, {"type": "Feature", "geometry": {"type": "LineString", "coordinates": [[-5.9204376, 54.60402785], [-5.92034567, 54.60398986]]}, "properties": {"DETAIL_ID": "CQ3.L13.W107", "USE_TYPE": "Wall", "LEVEL_ID": "CQ3.L13", "FACILITY_ID": "CQ3", "ELEVATION_RELATIVE": 51.8}}, {"type": "Feature", "geometry": {"type": "LineString", "coordinates": [[-5.92027842, 54.60395881], [-5.92026325, 54.60395254]]}, "properties": {"DETAIL_ID": "CQ3.L13.W108", "USE_TYPE": "Wall", "LEVEL_ID": "CQ3.L13", "FACILITY_ID": "CQ3", "ELEVATION_RELATIVE": 51.8}}, {"type": "Feature", "geometry": {"type": "LineString", "coordinates": [[-5.92032001, 54.60397599], [-5.92028217, 54.60396036]]}, "properties": {"DETAIL_ID": "CQ3.L13.W109", "USE_TYPE": "Wall", "LEVEL_ID": "CQ3.L13", "FACILITY_ID": "CQ3", "ELEVATION_RELATIVE": 51.8}}, {"type": "Feature", "geometry": {"type": "LineString", "coordinates": [[-5.92032119, 54.60397975], [-5.92025683, 54.60395316]]}, "properties": {"DETAIL_ID": "CQ3.L13.W110", "USE_TYPE": "Wall", "LEVEL_ID": "CQ3.L13", "FACILITY_ID": "CQ3", "ELEVATION_RELATIVE": 51.8}}, {"type": "Feature", "geometry": {"type": "LineString", "coordinates": [[-5.9203876, 54.60392582], [-5.92034591, 54.60390859]]}, "properties": {"DETAIL_ID": "CQ3.L13.W111", "USE_TYPE": "Wall", "LEVEL_ID": "CQ3.L13", "FACILITY_ID": "CQ3", "ELEVATION_RELATIVE": 51.8}}, {"type": "Feature", "geometry": {"type": "LineString", "coordinates": [[-5.92038101, 54.60392646], [-5.92034317, 54.60391082]]}, "properties": {"DETAIL_ID": "CQ3.L13.W112", "USE_TYPE": "Wall", "LEVEL_ID": "CQ3.L13", "FACILITY_ID": "CQ3", "ELEVATION_RELATIVE": 51.8}}, {"type": "Feature", "geometry": {"type": "LineString", "coordinates": [[-5.92069669, 54.60405688], [-5.92065885, 54.60404124]]}, "properties": {"DETAIL_ID": "CQ3.L13.W113", "USE_TYPE": "Wall", "LEVEL_ID": "CQ3.L13", "FACILITY_ID": "CQ3", "ELEVATION_RELATIVE": 51.8}}, {"type": "Feature", "geometry": {"type": "LineString", "coordinates": [[-5.92069943, 54.60405465], [-5.92065774, 54.60403743]]}, "properties": {"DETAIL_ID": "CQ3.L13.W114", "USE_TYPE": "Wall", "LEVEL_ID": "CQ3.L13", "FACILITY_ID": "CQ3", "ELEVATION_RELATIVE": 51.8}}, {"type": "Feature", "geometry": {"type": "LineString", "coordinates": [[-5.92051307, 54.60405576], [-5.92048132, 54.60404264]]}, "properties": {"DETAIL_ID": "CQ3.L13.W115", "USE_TYPE": "Wall", "LEVEL_ID": "CQ3.L13", "FACILITY_ID": "CQ3", "ELEVATION_RELATIVE": 51.8}}, {"type": "Feature", "geometry": {"type": "LineString", "coordinates": [[-5.92056952, 54.60407908], [-5.92051681, 54.6040573]]}, "properties": {"DETAIL_ID": "CQ3.L13.W116", "USE_TYPE": "Wall", "LEVEL_ID": "CQ3.L13", "FACILITY_ID": "CQ3", "ELEVATION_RELATIVE": 51.8}}, {"type": "Feature", "geometry": {"type": "LineString", "coordinates": [[-5.92056685, 54.60408124], [-5.92047491, 54.60404326]]}, "properties": {"DETAIL_ID": "CQ3.L13.W117", "USE_TYPE": "Wall", "LEVEL_ID": "CQ3.L13", "FACILITY_ID": "CQ3", "ELEVATION_RELATIVE": 51.8}}, {"type": "Feature", "geometry": {"type": "LineString", "coordinates": [[-5.92069536, 54.60413726], [-5.92068129, 54.60413145]]}, "properties": {"DETAIL_ID": "CQ3.L13.W118", "USE_TYPE": "Wall", "LEVEL_ID": "CQ3.L13", "FACILITY_ID": "CQ3", "ELEVATION_RELATIVE": 51.8}}, {"type": "Feature", "geometry": {"type": "LineString", "coordinates": [[-5.92069527, 54.60413695], [-5.92068151, 54.60413127]]}, "properties": {"DETAIL_ID": "CQ3.L13.W119", "USE_TYPE": "Wall", "LEVEL_ID": "CQ3.L13", "FACILITY_ID": "CQ3", "ELEVATION_RELATIVE": 51.8}}, {"type": "Feature", "geometry": {"type": "LineString", "coordinates": [[-5.92022672, 54.60394337], [-5.92021296, 54.60393768]]}, "properties": {"DETAIL_ID": "CQ3.L13.W120", "USE_TYPE": "Wall", "LEVEL_ID": "CQ3.L13", "FACILITY_ID": "CQ3", "ELEVATION_RELATIVE": 51.8}}, {"type": "Feature", "geometry": {"type": "LineString", "coordinates": [[-5.92022649, 54.60394355], [-5.92021242, 54.60393773]]}, "properties": {"DETAIL_ID": "CQ3.L13.W121", "USE_TYPE": "Wall", "LEVEL_ID": "CQ3.L13", "FACILITY_ID": "CQ3", "ELEVATION_RELATIVE": 51.8}}, {"type": "Feature", "geometry": {"type": "LineString", "coordinates": [[-5.92028613, 54.60387826], [-5.92027174, 54.60387231]]}, "properties": {"DETAIL_ID": "CQ3.L13.W122", "USE_TYPE": "Wall", "LEVEL_ID": "CQ3.L13", "FACILITY_ID": "CQ3", "ELEVATION_RELATIVE": 51.8}}, {"type": "Feature", "geometry": {"type": "LineString", "coordinates": [[-5.92028559, 54.60387831], [-5.92027151, 54.6038725]]}, "properties": {"DETAIL_ID": "CQ3.L13.W123", "USE_TYPE": "Wall", "LEVEL_ID": "CQ3.L13", "FACILITY_ID": "CQ3", "ELEVATION_RELATIVE": 51.8}}, {"type": "Feature", "geometry": {"type": "LineString", "coordinates": [[-5.92059894, 54.60409067], [-5.92061069, 54.60408114]]}, "properties": {"DETAIL_ID": "CQ3.L14.W0", "USE_TYPE": "Wall", "LEVEL_ID": "CQ3.L14", "FACILITY_ID": "CQ3", "ELEVATION_RELATIVE": 55.7}}, {"type": "Feature", "geometry": {"type": "LineString", "coordinates": [[-5.9206355, 54.60410578], [-5.92064725, 54.60409624]]}, "properties": {"DETAIL_ID": "CQ3.L14.W1", "USE_TYPE": "Wall", "LEVEL_ID": "CQ3.L14", "FACILITY_ID": "CQ3", "ELEVATION_RELATIVE": 55.7}}, {"type": "Feature", "geometry": {"type": "LineString", "coordinates": [[-5.92061305, 54.60408931], [-5.92064141, 54.60406627]]}, "properties": {"DETAIL_ID": "CQ3.L14.W2", "USE_TYPE": "Wall", "LEVEL_ID": "CQ3.L14", "FACILITY_ID": "CQ3", "ELEVATION_RELATIVE": 55.7}}, {"type": "Feature", "geometry": {"type": "LineString", "coordinates": [[-5.92063325, 54.60409765], [-5.92064652, 54.60408688]]}, "properties": {"DETAIL_ID": "CQ3.L14.W3", "USE_TYPE": "Wall", "LEVEL_ID": "CQ3.L14", "FACILITY_ID": "CQ3", "ELEVATION_RELATIVE": 55.7}}, {"type": "Feature", "geometry": {"type": "LineString", "coordinates": [[-5.92063538, 54.60410515], [-5.92067411, 54.6040737]]}, "properties": {"DETAIL_ID": "CQ3.L14.W4", "USE_TYPE": "Wall", "LEVEL_ID": "CQ3.L14", "FACILITY_ID": "CQ3", "ELEVATION_RELATIVE": 55.7}}, {"type": "Feature", "geometry": {"type": "LineString", "coordinates": [[-5.92060003, 54.60409054], [-5.9206365, 54.60406092]]}, "properties": {"DETAIL_ID": "CQ3.L14.W5", "USE_TYPE": "Wall", "LEVEL_ID": "CQ3.L14", "FACILITY_ID": "CQ3", "ELEVATION_RELATIVE": 55.7}}, {"type": "Feature", "geometry": {"type": "LineString", "coordinates": [[-5.92060111, 54.60409044], [-5.92063713, 54.60406118]]}, "properties": {"DETAIL_ID": "CQ3.L14.W6", "USE_TYPE": "Wall", "LEVEL_ID": "CQ3.L14", "FACILITY_ID": "CQ3", "ELEVATION_RELATIVE": 55.7}}, {"type": "Feature", "geometry": {"type": "LineString", "coordinates": [[-5.9206352, 54.60410452], [-5.92067348, 54.60407344]]}, "properties": {"DETAIL_ID": "CQ3.L14.W7", "USE_TYPE": "Wall", "LEVEL_ID": "CQ3.L14", "FACILITY_ID": "CQ3", "ELEVATION_RELATIVE": 55.7}}, {"type": "Feature", "geometry": {"type": "LineString", "coordinates": [[-5.92031993, 54.6039754], [-5.92033168, 54.60396586]]}, "properties": {"DETAIL_ID": "CQ3.L14.W8", "USE_TYPE": "Wall", "LEVEL_ID": "CQ3.L14", "FACILITY_ID": "CQ3", "ELEVATION_RELATIVE": 55.7}}, {"type": "Feature", "geometry": {"type": "LineString", "coordinates": [[-5.92028327, 54.60396025], [-5.92029501, 54.60395071]]}, "properties": {"DETAIL_ID": "CQ3.L14.W9", "USE_TYPE": "Wall", "LEVEL_ID": "CQ3.L14", "FACILITY_ID": "CQ3", "ELEVATION_RELATIVE": 55.7}}, {"type": "Feature", "geometry": {"type": "LineString", "coordinates": [[-5.92031757, 54.60396723], [-5.92034594, 54.6039442]]}, "properties": {"DETAIL_ID": "CQ3.L14.W10", "USE_TYPE": "Wall", "LEVEL_ID": "CQ3.L14", "FACILITY_ID": "CQ3", "ELEVATION_RELATIVE": 55.7}}, {"type": "Feature", "geometry": {"type": "LineString", "coordinates": [[-5.92029737, 54.60395888], [-5.92031064, 54.60394811]]}, "properties": {"DETAIL_ID": "CQ3.L14.W11", "USE_TYPE": "Wall", "LEVEL_ID": "CQ3.L14", "FACILITY_ID": "CQ3", "ELEVATION_RELATIVE": 55.7}}, {"type": "Feature", "geometry": {"type": "LineString", "coordinates": [[-5.92028438, 54.60396013], [-5.9203231, 54.60392868]]}, "properties": {"DETAIL_ID": "CQ3.L14.W12", "USE_TYPE": "Wall", "LEVEL_ID": "CQ3.L14", "FACILITY_ID": "CQ3", "ELEVATION_RELATIVE": 55.7}}, {"type": "Feature", "geometry": {"type": "LineString", "coordinates": [[-5.92031973, 54.60397473], [-5.9203562, 54.60394511]]}, "properties": {"DETAIL_ID": "CQ3.L14.W13", "USE_TYPE": "Wall", "LEVEL_ID": "CQ3.L14", "FACILITY_ID": "CQ3", "ELEVATION_RELATIVE": 55.7}}, {"type": "Feature", "geometry": {"type": "LineString", "coordinates": [[-5.92031955, 54.60397411], [-5.92035557, 54.60394485]]}, "properties": {"DETAIL_ID": "CQ3.L14.W14", "USE_TYPE": "Wall", "LEVEL_ID": "CQ3.L14", "FACILITY_ID": "CQ3", "ELEVATION_RELATIVE": 55.7}}, {"type": "Feature", "geometry": {"type": "LineString", "coordinates": [[-5.92028546, 54.60396002], [-5.92032373, 54.60392894]]}, "properties": {"DETAIL_ID": "CQ3.L14.W15", "USE_TYPE": "Wall", "LEVEL_ID": "CQ3.L14", "FACILITY_ID": "CQ3", "ELEVATION_RELATIVE": 55.7}}, {"type": "Feature", "geometry": {"type": "LineString", "coordinates": [[-5.92027842, 54.60395881], [-5.92031861, 54.60392618]]}, "properties": {"DETAIL_ID": "CQ3.L14.W16", "USE_TYPE": "Wall", "LEVEL_ID": "CQ3.L14", "FACILITY_ID": "CQ3", "ELEVATION_RELATIVE": 55.7}}, {"type": "Feature", "geometry": {"type": "LineString", "coordinates": [[-5.92032044, 54.60392469], [-5.92036062, 54.60389206]]}, "properties": {"DETAIL_ID": "CQ3.L14.W17", "USE_TYPE": "Wall", "LEVEL_ID": "CQ3.L14", "FACILITY_ID": "CQ3", "ELEVATION_RELATIVE": 55.7}}, {"type": "Feature", "geometry": {"type": "LineString", "coordinates": [[-5.92028217, 54.60396036], [-5.92034317, 54.60391082]]}, "properties": {"DETAIL_ID": "CQ3.L14.W18", "USE_TYPE": "Wall", "LEVEL_ID": "CQ3.L14", "FACILITY_ID": "CQ3", "ELEVATION_RELATIVE": 55.7}}, {"type": "Feature", "geometry": {"type": "LineString", "coordinates": [[-5.92034591, 54.60390859], [-5.92036437, 54.60389361]]}, "properties": {"DETAIL_ID": "CQ3.L14.W19", "USE_TYPE": "Wall", "LEVEL_ID": "CQ3.L14", "FACILITY_ID": "CQ3", "ELEVATION_RELATIVE": 55.7}}, {"type": "Feature", "geometry": {"type": "LineString", "coordinates": [[-5.92068155, 54.60407389], [-5.92072174, 54.60404126]]}, "properties": {"DETAIL_ID": "CQ3.L14.W20", "USE_TYPE": "Wall", "LEVEL_ID": "CQ3.L14", "FACILITY_ID": "CQ3", "ELEVATION_RELATIVE": 55.7}}, {"type": "Feature", "geometry": {"type": "LineString", "coordinates": [[-5.92063954, 54.60410801], [-5.92067972, 54.60407537]]}, "properties": {"DETAIL_ID": "CQ3.L14.W21", "USE_TYPE": "Wall", "LEVEL_ID": "CQ3.L14", "FACILITY_ID": "CQ3", "ELEVATION_RELATIVE": 55.7}}, {"type": "Feature", "geometry": {"type": "LineString", "coordinates": [[-5.92069943, 54.60405465], [-5.92071789, 54.60403967]]}, "properties": {"DETAIL_ID": "CQ3.L14.W22", "USE_TYPE": "Wall", "LEVEL_ID": "CQ3.L14", "FACILITY_ID": "CQ3", "ELEVATION_RELATIVE": 55.7}}, {"type": "Feature", "geometry": {"type": "LineString", "coordinates": [[-5.92063569, 54.60410642], [-5.92069669, 54.60405688]]}, "properties": {"DETAIL_ID": "CQ3.L14.W23", "USE_TYPE": "Wall", "LEVEL_ID": "CQ3.L14", "FACILITY_ID": "CQ3", "ELEVATION_RELATIVE": 55.7}}, {"type": "Feature", "geometry": {"type": "LineString", "coordinates": [[-5.92032001, 54.60397599], [-5.92036629, 54.60393841]]}, "properties": {"DETAIL_ID": "CQ3.L14.W24", "USE_TYPE": "Wall", "LEVEL_ID": "CQ3.L14", "FACILITY_ID": "CQ3", "ELEVATION_RELATIVE": 55.7}}, {"type": "Feature", "geometry": {"type": "LineString", "coordinates": [[-5.92032119, 54.60397975], [-5.92037014, 54.60394]]}, "properties": {"DETAIL_ID": "CQ3.L14.W25", "USE_TYPE": "Wall", "LEVEL_ID": "CQ3.L14", "FACILITY_ID": "CQ3", "ELEVATION_RELATIVE": 55.7}}, {"type": "Feature", "geometry": {"type": "LineString", "coordinates": [[-5.92055261, 54.60398016], [-5.92056245, 54.60397218]]}, "properties": {"DETAIL_ID": "CQ3.L14.W26", "USE_TYPE": "Wall", "LEVEL_ID": "CQ3.L14", "FACILITY_ID": "CQ3", "ELEVATION_RELATIVE": 55.7}}, {"type": "Feature", "geometry": {"type": "LineString", "coordinates": [[-5.92052409, 54.60400332], [-5.92054095, 54.60398964]]}, "properties": {"DETAIL_ID": "CQ3.L14.W27", "USE_TYPE": "Wall", "LEVEL_ID": "CQ3.L14", "FACILITY_ID": "CQ3", "ELEVATION_RELATIVE": 55.7}}, {"type": "Feature", "geometry": {"type": "LineString", "coordinates": [[-5.92049596, 54.60402617], [-5.92051327, 54.60401211]]}, "properties": {"DETAIL_ID": "CQ3.L14.W28", "USE_TYPE": "Wall", "LEVEL_ID": "CQ3.L14", "FACILITY_ID": "CQ3", "ELEVATION_RELATIVE": 55.7}}, {"type": "Feature", "geometry": {"type": "LineString", "coordinates": [[-5.92047491, 54.60404326], [-5.92048521, 54.6040349]]}, "properties": {"DETAIL_ID": "CQ3.L14.W29", "USE_TYPE": "Wall", "LEVEL_ID": "CQ3.L14", "FACILITY_ID": "CQ3", "ELEVATION_RELATIVE": 55.7}}, {"type": "Feature", "geometry": {"type": "LineString", "coordinates": [[-5.92059133, 54.60409136], [-5.92064028, 54.60405161]]}, "properties": {"DETAIL_ID": "CQ3.L14.W30", "USE_TYPE": "Wall", "LEVEL_ID": "CQ3.L14", "FACILITY_ID": "CQ3", "ELEVATION_RELATIVE": 55.7}}, {"type": "Feature", "geometry": {"type": "LineString", "coordinates": [[-5.92059784, 54.60409078], [-5.92064413, 54.6040532]]}, "properties": {"DETAIL_ID": "CQ3.L14.W31", "USE_TYPE": "Wall", "LEVEL_ID": "CQ3.L14", "FACILITY_ID": "CQ3", "ELEVATION_RELATIVE": 55.7}}, {"type": "Feature", "geometry": {"type": "LineString", "coordinates": [[-5.9204376, 54.60402785], [-5.9204479, 54.60401949]]}, "properties": {"DETAIL_ID": "CQ3.L14.W32", "USE_TYPE": "Wall", "LEVEL_ID": "CQ3.L14", "FACILITY_ID": "CQ3", "ELEVATION_RELATIVE": 55.7}}, {"type": "Feature", "geometry": {"type": "LineString", "coordinates": [[-5.92045865, 54.60401076], [-5.92047596, 54.6039967]]}, "properties": {"DETAIL_ID": "CQ3.L14.W33", "USE_TYPE": "Wall", "LEVEL_ID": "CQ3.L14", "FACILITY_ID": "CQ3", "ELEVATION_RELATIVE": 55.7}}, {"type": "Feature", "geometry": {"type": "LineString", "coordinates": [[-5.92048679, 54.60398791], [-5.92050364, 54.60397422]]}, "properties": {"DETAIL_ID": "CQ3.L14.W34", "USE_TYPE": "Wall", "LEVEL_ID": "CQ3.L14", "FACILITY_ID": "CQ3", "ELEVATION_RELATIVE": 55.7}}, {"type": "Feature", "geometry": {"type": "LineString", "coordinates": [[-5.9205153, 54.60396475], [-5.92052514, 54.60395676]]}, "properties": {"DETAIL_ID": "CQ3.L14.W35", "USE_TYPE": "Wall", "LEVEL_ID": "CQ3.L14", "FACILITY_ID": "CQ3", "ELEVATION_RELATIVE": 55.7}}, {"type": "Feature", "geometry": {"type": "LineString", "coordinates": [[-5.92040104, 54.60400947], [-5.92046486, 54.60395764]]}, "properties": {"DETAIL_ID": "CQ3.L14.W36", "USE_TYPE": "Wall", "LEVEL_ID": "CQ3.L14", "FACILITY_ID": "CQ3", "ELEVATION_RELATIVE": 55.7}}, {"type": "Feature", "geometry": {"type": "LineString", "coordinates": [[-5.92040489, 54.60401106], [-5.92043104, 54.60398982]]}, "properties": {"DETAIL_ID": "CQ3.L14.W37", "USE_TYPE": "Wall", "LEVEL_ID": "CQ3.L14", "FACILITY_ID": "CQ3", "ELEVATION_RELATIVE": 55.7}}, {"type": "Feature", "geometry": {"type": "LineString", "coordinates": [[-5.92043287, 54.60398833], [-5.9204591, 54.60396703]]}, "properties": {"DETAIL_ID": "CQ3.L14.W38", "USE_TYPE": "Wall", "LEVEL_ID": "CQ3.L14", "FACILITY_ID": "CQ3", "ELEVATION_RELATIVE": 55.7}}, {"type": "Feature", "geometry": {"type": "LineString", "coordinates": [[-5.92051681, 54.6040573], [-5.92058064, 54.60400548]]}, "properties": {"DETAIL_ID": "CQ3.L14.W39", "USE_TYPE": "Wall", "LEVEL_ID": "CQ3.L14", "FACILITY_ID": "CQ3", "ELEVATION_RELATIVE": 55.7}}, {"type": "Feature", "geometry": {"type": "LineString", "coordinates": [[-5.92054106, 54.60403303], [-5.92056729, 54.60401173]]}, "properties": {"DETAIL_ID": "CQ3.L14.W40", "USE_TYPE": "Wall", "LEVEL_ID": "CQ3.L14", "FACILITY_ID": "CQ3", "ELEVATION_RELATIVE": 55.7}}, {"type": "Feature", "geometry": {"type": "LineString", "coordinates": [[-5.92051307, 54.60405576], [-5.92053923, 54.60403452]]}, "properties": {"DETAIL_ID": "CQ3.L14.W41", "USE_TYPE": "Wall", "LEVEL_ID": "CQ3.L14", "FACILITY_ID": "CQ3", "ELEVATION_RELATIVE": 55.7}}, {"type": "Feature", "geometry": {"type": "LineString", "coordinates": [[-5.92047153, 54.60380645], [-5.92045916, 54.60380134]]}, "properties": {"DETAIL_ID": "CQ3.L14.W42", "USE_TYPE": "Wall", "LEVEL_ID": "CQ3.L14", "FACILITY_ID": "CQ3", "ELEVATION_RELATIVE": 55.7}}, {"type": "Feature", "geometry": {"type": "LineString", "coordinates": [[-5.92047176, 54.60380627], [-5.92045938, 54.60380115]]}, "properties": {"DETAIL_ID": "CQ3.L14.W43", "USE_TYPE": "Wall", "LEVEL_ID": "CQ3.L14", "FACILITY_ID": "CQ3", "ELEVATION_RELATIVE": 55.7}}, {"type": "Feature", "geometry": {"type": "LineString", "coordinates": [[-5.92041471, 54.60378297], [-5.92040234, 54.60377786]]}, "properties": {"DETAIL_ID": "CQ3.L14.W44", "USE_TYPE": "Wall", "LEVEL_ID": "CQ3.L14", "FACILITY_ID": "CQ3", "ELEVATION_RELATIVE": 55.7}}, {"type": "Feature", "geometry": {"type": "LineString", "coordinates": [[-5.92041494, 54.60378279], [-5.92040256, 54.60377768]]}, "properties": {"DETAIL_ID": "CQ3.L14.W45", "USE_TYPE": "Wall", "LEVEL_ID": "CQ3.L14", "FACILITY_ID": "CQ3", "ELEVATION_RELATIVE": 55.7}}, {"type": "Feature", "geometry": {"type": "LineString", "coordinates": [[-5.92028613, 54.60387826], [-5.92027174, 54.60387231]]}, "properties": {"DETAIL_ID": "CQ3.L14.W46", "USE_TYPE": "Wall", "LEVEL_ID": "CQ3.L14", "FACILITY_ID": "CQ3", "ELEVATION_RELATIVE": 55.7}}, {"type": "Feature", "geometry": {"type": "LineString", "coordinates": [[-5.92028559, 54.60387831], [-5.92027151, 54.6038725]]}, "properties": {"DETAIL_ID": "CQ3.L14.W47", "USE_TYPE": "Wall", "LEVEL_ID": "CQ3.L14", "FACILITY_ID": "CQ3", "ELEVATION_RELATIVE": 55.7}}, {"type": "Feature", "geometry": {"type": "LineString", "coordinates": [[-5.92022672, 54.60394337], [-5.92021296, 54.60393768]]}, "properties": {"DETAIL_ID": "CQ3.L14.W48", "USE_TYPE": "Wall", "LEVEL_ID": "CQ3.L14", "FACILITY_ID": "CQ3", "ELEVATION_RELATIVE": 55.7}}, {"type": "Feature", "geometry": {"type": "LineString", "coordinates": [[-5.92022649, 54.60394355], [-5.92021242, 54.60393773]]}, "properties": {"DETAIL_ID": "CQ3.L14.W49", "USE_TYPE": "Wall", "LEVEL_ID": "CQ3.L14", "FACILITY_ID": "CQ3", "ELEVATION_RELATIVE": 55.7}}, {"type": "Feature", "geometry": {"type": "LineString", "coordinates": [[-5.92046452, 54.60400141], [-5.92043287, 54.60398833]]}, "properties": {"DETAIL_ID": "CQ3.L14.W50", "USE_TYPE": "Wall", "LEVEL_ID": "CQ3.L14", "FACILITY_ID": "CQ3", "ELEVATION_RELATIVE": 55.7}}, {"type": "Feature", "geometry": {"type": "LineString", "coordinates": [[-5.92046269, 54.60400289], [-5.92043104, 54.60398982]]}, "properties": {"DETAIL_ID": "CQ3.L14.W51", "USE_TYPE": "Wall", "LEVEL_ID": "CQ3.L14", "FACILITY_ID": "CQ3", "ELEVATION_RELATIVE": 55.7}}, {"type": "Feature", "geometry": {"type": "LineString", "coordinates": [[-5.92049258, 54.60397862], [-5.92046093, 54.60396555]]}, "properties": {"DETAIL_ID": "CQ3.L14.W52", "USE_TYPE": "Wall", "LEVEL_ID": "CQ3.L14", "FACILITY_ID": "CQ3", "ELEVATION_RELATIVE": 55.7}}, {"type": "Feature", "geometry": {"type": "LineString", "coordinates": [[-5.92049075, 54.60398011], [-5.9204591, 54.60396703]]}, "properties": {"DETAIL_ID": "CQ3.L14.W53", "USE_TYPE": "Wall", "LEVEL_ID": "CQ3.L14", "FACILITY_ID": "CQ3", "ELEVATION_RELATIVE": 55.7}}, {"type": "Feature", "geometry": {"type": "LineString", "coordinates": [[-5.92056912, 54.60401025], [-5.92053737, 54.60399713]]}, "properties": {"DETAIL_ID": "CQ3.L14.W54", "USE_TYPE": "Wall", "LEVEL_ID": "CQ3.L14", "FACILITY_ID": "CQ3", "ELEVATION_RELATIVE": 55.7}}, {"type": "Feature", "geometry": {"type": "LineString", "coordinates": [[-5.92056729, 54.60401173], [-5.92053554, 54.60399861]]}, "properties": {"DETAIL_ID": "CQ3.L14.W55", "USE_TYPE": "Wall", "LEVEL_ID": "CQ3.L14", "FACILITY_ID": "CQ3", "ELEVATION_RELATIVE": 55.7}}, {"type": "Feature", "geometry": {"type": "LineString", "coordinates": [[-5.92054106, 54.60403303], [-5.92050931, 54.60401991]]}, "properties": {"DETAIL_ID": "CQ3.L14.W56", "USE_TYPE": "Wall", "LEVEL_ID": "CQ3.L14", "FACILITY_ID": "CQ3", "ELEVATION_RELATIVE": 55.7}}, {"type": "Feature", "geometry": {"type": "LineString", "coordinates": [[-5.92053923, 54.60403452], [-5.92050748, 54.6040214]]}, "properties": {"DETAIL_ID": "CQ3.L14.W57", "USE_TYPE": "Wall", "LEVEL_ID": "CQ3.L14", "FACILITY_ID": "CQ3", "ELEVATION_RELATIVE": 55.7}}, {"type": "Feature", "geometry": {"type": "LineString", "coordinates": [[-5.92031861, 54.60392618], [-5.92030097, 54.60391889]]}, "properties": {"DETAIL_ID": "CQ3.L14.W58", "USE_TYPE": "Wall", "LEVEL_ID": "CQ3.L14", "FACILITY_ID": "CQ3", "ELEVATION_RELATIVE": 55.7}}, {"type": "Feature", "geometry": {"type": "LineString", "coordinates": [[-5.92032044, 54.60392469], [-5.9203028, 54.6039174]]}, "properties": {"DETAIL_ID": "CQ3.L14.W59", "USE_TYPE": "Wall", "LEVEL_ID": "CQ3.L14", "FACILITY_ID": "CQ3", "ELEVATION_RELATIVE": 55.7}}, {"type": "Feature", "geometry": {"type": "LineString", "coordinates": [[-5.92069725, 54.60408262], [-5.92067972, 54.60407537]]}, "properties": {"DETAIL_ID": "CQ3.L14.W60", "USE_TYPE": "Wall", "LEVEL_ID": "CQ3.L14", "FACILITY_ID": "CQ3", "ELEVATION_RELATIVE": 55.7}}, {"type": "Feature", "geometry": {"type": "LineString", "coordinates": [[-5.92069908, 54.60408113], [-5.92068155, 54.60407389]]}, "properties": {"DETAIL_ID": "CQ3.L14.W61", "USE_TYPE": "Wall", "LEVEL_ID": "CQ3.L14", "FACILITY_ID": "CQ3", "ELEVATION_RELATIVE": 55.7}}, {"type": "Feature", "geometry": {"type": "LineString", "coordinates": [[-5.92064954, 54.60406963], [-5.92063318, 54.60406287]]}, "properties": {"DETAIL_ID": "CQ3.L14.W62", "USE_TYPE": "Wall", "LEVEL_ID": "CQ3.L14", "FACILITY_ID": "CQ3", "ELEVATION_RELATIVE": 55.7}}, {"type": "Feature", "geometry": {"type": "LineString", "coordinates": [[-5.92064733, 54.60407143], [-5.92063097, 54.60406467]]}, "properties": {"DETAIL_ID": "CQ3.L14.W63", "USE_TYPE": "Wall", "LEVEL_ID": "CQ3.L14", "FACILITY_ID": "CQ3", "ELEVATION_RELATIVE": 55.7}}, {"type": "Feature", "geometry": {"type": "LineString", "coordinates": [[-5.92064504, 54.60407328], [-5.92062868, 54.60406653]]}, "properties": {"DETAIL_ID": "CQ3.L14.W64", "USE_TYPE": "Wall", "LEVEL_ID": "CQ3.L14", "FACILITY_ID": "CQ3", "ELEVATION_RELATIVE": 55.7}}, {"type": "Feature", "geometry": {"type": "LineString", "coordinates": [[-5.92064283, 54.60407508], [-5.92062647, 54.60406832]]}, "properties": {"DETAIL_ID": "CQ3.L14.W65", "USE_TYPE": "Wall", "LEVEL_ID": "CQ3.L14", "FACILITY_ID": "CQ3", "ELEVATION_RELATIVE": 55.7}}, {"type": "Feature", "geometry": {"type": "LineString", "coordinates": [[-5.92064054, 54.60407694], [-5.92062418, 54.60407018]]}, "properties": {"DETAIL_ID": "CQ3.L14.W66", "USE_TYPE": "Wall", "LEVEL_ID": "CQ3.L14", "FACILITY_ID": "CQ3", "ELEVATION_RELATIVE": 55.7}}, {"type": "Feature", "geometry": {"type": "LineString", "coordinates": [[-5.92063833, 54.60407873], [-5.92062197, 54.60407197]]}, "properties": {"DETAIL_ID": "CQ3.L14.W67", "USE_TYPE": "Wall", "LEVEL_ID": "CQ3.L14", "FACILITY_ID": "CQ3", "ELEVATION_RELATIVE": 55.7}}, {"type": "Feature", "geometry": {"type": "LineString", "coordinates": [[-5.92063604, 54.60408059], [-5.92061968, 54.60407383]]}, "properties": {"DETAIL_ID": "CQ3.L14.W68", "USE_TYPE": "Wall", "LEVEL_ID": "CQ3.L14", "FACILITY_ID": "CQ3", "ELEVATION_RELATIVE": 55.7}}, {"type": "Feature", "geometry": {"type": "LineString", "coordinates": [[-5.92063375, 54.60408245], [-5.9206174, 54.60407569]]}, "properties": {"DETAIL_ID": "CQ3.L14.W69", "USE_TYPE": "Wall", "LEVEL_ID": "CQ3.L14", "FACILITY_ID": "CQ3", "ELEVATION_RELATIVE": 55.7}}, {"type": "Feature", "geometry": {"type": "LineString", "coordinates": [[-5.92063154, 54.60408424], [-5.92061519, 54.60407749]]}, "properties": {"DETAIL_ID": "CQ3.L14.W70", "USE_TYPE": "Wall", "LEVEL_ID": "CQ3.L14", "FACILITY_ID": "CQ3", "ELEVATION_RELATIVE": 55.7}}, {"type": "Feature", "geometry": {"type": "LineString", "coordinates": [[-5.92062925, 54.6040861], [-5.9206129, 54.60407934]]}, "properties": {"DETAIL_ID": "CQ3.L14.W71", "USE_TYPE": "Wall", "LEVEL_ID": "CQ3.L14", "FACILITY_ID": "CQ3", "ELEVATION_RELATIVE": 55.7}}, {"type": "Feature", "geometry": {"type": "LineString", "coordinates": [[-5.9206355, 54.60410578], [-5.92059894, 54.60409067]]}, "properties": {"DETAIL_ID": "CQ3.L14.W72", "USE_TYPE": "Wall", "LEVEL_ID": "CQ3.L14", "FACILITY_ID": "CQ3", "ELEVATION_RELATIVE": 55.7}}, {"type": "Feature", "geometry": {"type": "LineString", "coordinates": [[-5.92062704, 54.6040879], [-5.92061069, 54.60408114]]}, "properties": {"DETAIL_ID": "CQ3.L14.W73", "USE_TYPE": "Wall", "LEVEL_ID": "CQ3.L14", "FACILITY_ID": "CQ3", "ELEVATION_RELATIVE": 55.7}}, {"type": "Feature", "geometry": {"type": "LineString", "coordinates": [[-5.92064725, 54.60409624], [-5.92063089, 54.60408949]]}, "properties": {"DETAIL_ID": "CQ3.L14.W74", "USE_TYPE": "Wall", "LEVEL_ID": "CQ3.L14", "FACILITY_ID": "CQ3", "ELEVATION_RELATIVE": 55.7}}, {"type": "Feature", "geometry": {"type": "LineString", "coordinates": [[-5.92064946, 54.60409445], [-5.9206331, 54.60408769]]}, "properties": {"DETAIL_ID": "CQ3.L14.W75", "USE_TYPE": "Wall", "LEVEL_ID": "CQ3.L14", "FACILITY_ID": "CQ3", "ELEVATION_RELATIVE": 55.7}}, {"type": "Feature", "geometry": {"type": "LineString", "coordinates": [[-5.92065175, 54.60409259], [-5.92063539, 54.60408583]]}, "properties": {"DETAIL_ID": "CQ3.L14.W76", "USE_TYPE": "Wall", "LEVEL_ID": "CQ3.L14", "FACILITY_ID": "CQ3", "ELEVATION_RELATIVE": 55.7}}, {"type": "Feature", "geometry": {"type": "LineString", "coordinates": [[-5.92063325, 54.60409765], [-5.92061305, 54.60408931]]}, "properties": {"DETAIL_ID": "CQ3.L14.W77", "USE_TYPE": "Wall", "LEVEL_ID": "CQ3.L14", "FACILITY_ID": "CQ3", "ELEVATION_RELATIVE": 55.7}}, {"type": "Feature", "geometry": {"type": "LineString", "coordinates": [[-5.92063538, 54.60410515], [-5.92060003, 54.60409054]]}, "properties": {"DETAIL_ID": "CQ3.L14.W78", "USE_TYPE": "Wall", "LEVEL_ID": "CQ3.L14", "FACILITY_ID": "CQ3", "ELEVATION_RELATIVE": 55.7}}, {"type": "Feature", "geometry": {"type": "LineString", "coordinates": [[-5.9206352, 54.60410452], [-5.92060111, 54.60409044]]}, "properties": {"DETAIL_ID": "CQ3.L14.W79", "USE_TYPE": "Wall", "LEVEL_ID": "CQ3.L14", "FACILITY_ID": "CQ3", "ELEVATION_RELATIVE": 55.7}}, {"type": "Feature", "geometry": {"type": "LineString", "coordinates": [[-5.92035417, 54.6039476], [-5.92033771, 54.6039408]]}, "properties": {"DETAIL_ID": "CQ3.L14.W80", "USE_TYPE": "Wall", "LEVEL_ID": "CQ3.L14", "FACILITY_ID": "CQ3", "ELEVATION_RELATIVE": 55.7}}, {"type": "Feature", "geometry": {"type": "LineString", "coordinates": [[-5.92035196, 54.60394939], [-5.9203355, 54.60394259]]}, "properties": {"DETAIL_ID": "CQ3.L14.W81", "USE_TYPE": "Wall", "LEVEL_ID": "CQ3.L14", "FACILITY_ID": "CQ3", "ELEVATION_RELATIVE": 55.7}}, {"type": "Feature", "geometry": {"type": "LineString", "coordinates": [[-5.92034967, 54.60395125], [-5.92033321, 54.60394445]]}, "properties": {"DETAIL_ID": "CQ3.L14.W82", "USE_TYPE": "Wall", "LEVEL_ID": "CQ3.L14", "FACILITY_ID": "CQ3", "ELEVATION_RELATIVE": 55.7}}, {"type": "Feature", "geometry": {"type": "LineString", "coordinates": [[-5.92034746, 54.60395305], [-5.920331, 54.60394624]]}, "properties": {"DETAIL_ID": "CQ3.L14.W83", "USE_TYPE": "Wall", "LEVEL_ID": "CQ3.L14", "FACILITY_ID": "CQ3", "ELEVATION_RELATIVE": 55.7}}, {"type": "Feature", "geometry": {"type": "LineString", "coordinates": [[-5.92034517, 54.6039549], [-5.92032871, 54.6039481]]}, "properties": {"DETAIL_ID": "CQ3.L14.W84", "USE_TYPE": "Wall", "LEVEL_ID": "CQ3.L14", "FACILITY_ID": "CQ3", "ELEVATION_RELATIVE": 55.7}}, {"type": "Feature", "geometry": {"type": "LineString", "coordinates": [[-5.92034296, 54.6039567], [-5.9203265, 54.6039499]]}, "properties": {"DETAIL_ID": "CQ3.L14.W85", "USE_TYPE": "Wall", "LEVEL_ID": "CQ3.L14", "FACILITY_ID": "CQ3", "ELEVATION_RELATIVE": 55.7}}, {"type": "Feature", "geometry": {"type": "LineString", "coordinates": [[-5.92034067, 54.60395856], [-5.92032421, 54.60395175]]}, "properties": {"DETAIL_ID": "CQ3.L14.W86", "USE_TYPE": "Wall", "LEVEL_ID": "CQ3.L14", "FACILITY_ID": "CQ3", "ELEVATION_RELATIVE": 55.7}}, {"type": "Feature", "geometry": {"type": "LineString", "coordinates": [[-5.92033839, 54.60396041], [-5.92032192, 54.60395361]]}, "properties": {"DETAIL_ID": "CQ3.L14.W87", "USE_TYPE": "Wall", "LEVEL_ID": "CQ3.L14", "FACILITY_ID": "CQ3", "ELEVATION_RELATIVE": 55.7}}, {"type": "Feature", "geometry": {"type": "LineString", "coordinates": [[-5.92033617, 54.60396221], [-5.92031971, 54.60395541]]}, "properties": {"DETAIL_ID": "CQ3.L14.W88", "USE_TYPE": "Wall", "LEVEL_ID": "CQ3.L14", "FACILITY_ID": "CQ3", "ELEVATION_RELATIVE": 55.7}}, {"type": "Feature", "geometry": {"type": "LineString", "coordinates": [[-5.92033389, 54.60396407], [-5.92031742, 54.60395727]]}, "properties": {"DETAIL_ID": "CQ3.L14.W89", "USE_TYPE": "Wall", "LEVEL_ID": "CQ3.L14", "FACILITY_ID": "CQ3", "ELEVATION_RELATIVE": 55.7}}, {"type": "Feature", "geometry": {"type": "LineString", "coordinates": [[-5.92031993, 54.6039754], [-5.92028327, 54.60396025]]}, "properties": {"DETAIL_ID": "CQ3.L14.W90", "USE_TYPE": "Wall", "LEVEL_ID": "CQ3.L14", "FACILITY_ID": "CQ3", "ELEVATION_RELATIVE": 55.7}}, {"type": "Feature", "geometry": {"type": "LineString", "coordinates": [[-5.92033168, 54.60396586], [-5.92031521, 54.60395906]]}, "properties": {"DETAIL_ID": "CQ3.L14.W91", "USE_TYPE": "Wall", "LEVEL_ID": "CQ3.L14", "FACILITY_ID": "CQ3", "ELEVATION_RELATIVE": 55.7}}, {"type": "Feature", "geometry": {"type": "LineString", "coordinates": [[-5.92031147, 54.60395752], [-5.92029501, 54.60395071]]}, "properties": {"DETAIL_ID": "CQ3.L14.W92", "USE_TYPE": "Wall", "LEVEL_ID": "CQ3.L14", "FACILITY_ID": "CQ3", "ELEVATION_RELATIVE": 55.7}}, {"type": "Feature", "geometry": {"type": "LineString", "coordinates": [[-5.92031368, 54.60395572], [-5.92029722, 54.60394892]]}, "properties": {"DETAIL_ID": "CQ3.L14.W93", "USE_TYPE": "Wall", "LEVEL_ID": "CQ3.L14", "FACILITY_ID": "CQ3", "ELEVATION_RELATIVE": 55.7}}, {"type": "Feature", "geometry": {"type": "LineString", "coordinates": [[-5.92031597, 54.60395386], [-5.92029951, 54.60394706]]}, "properties": {"DETAIL_ID": "CQ3.L14.W94", "USE_TYPE": "Wall", "LEVEL_ID": "CQ3.L14", "FACILITY_ID": "CQ3", "ELEVATION_RELATIVE": 55.7}}, {"type": "Feature", "geometry": {"type": "LineString", "coordinates": [[-5.92031757, 54.60396723], [-5.92029737, 54.60395888]]}, "properties": {"DETAIL_ID": "CQ3.L14.W95", "USE_TYPE": "Wall", "LEVEL_ID": "CQ3.L14", "FACILITY_ID": "CQ3", "ELEVATION_RELATIVE": 55.7}}, {"type": "Feature", "geometry": {"type": "LineString", "coordinates": [[-5.92031973, 54.60397473], [-5.92028438, 54.60396013]]}, "properties": {"DETAIL_ID": "CQ3.L14.W96", "USE_TYPE": "Wall", "LEVEL_ID": "CQ3.L14", "FACILITY_ID": "CQ3", "ELEVATION_RELATIVE": 55.7}}, {"type": "Feature", "geometry": {"type": "LineString", "coordinates": [[-5.92031955, 54.60397411], [-5.92028546, 54.60396002]]}, "properties": {"DETAIL_ID": "CQ3.L14.W97", "USE_TYPE": "Wall", "LEVEL_ID": "CQ3.L14", "FACILITY_ID": "CQ3", "ELEVATION_RELATIVE": 55.7}}, {"type": "Feature", "geometry": {"type": "LineString", "coordinates": [[-5.92039387, 54.6039058], [-5.92036437, 54.60389361]]}, "properties": {"DETAIL_ID": "CQ3.L14.W98", "USE_TYPE": "Wall", "LEVEL_ID": "CQ3.L14", "FACILITY_ID": "CQ3", "ELEVATION_RELATIVE": 55.7}}, {"type": "Feature", "geometry": {"type": "LineString", "coordinates": [[-5.92036062, 54.60389206], [-5.92034544, 54.60388579]]}, "properties": {"DETAIL_ID": "CQ3.L14.W99", "USE_TYPE": "Wall", "LEVEL_ID": "CQ3.L14", "FACILITY_ID": "CQ3", "ELEVATION_RELATIVE": 55.7}}, {"type": "Feature", "geometry": {"type": "LineString", "coordinates": [[-5.92040937, 54.60390893], [-5.92034437, 54.60388208]]}, "properties": {"DETAIL_ID": "CQ3.L14.W100", "USE_TYPE": "Wall", "LEVEL_ID": "CQ3.L14", "FACILITY_ID": "CQ3", "ELEVATION_RELATIVE": 55.7}}, {"type": "Feature", "geometry": {"type": "LineString", "coordinates": [[-5.92051873, 54.60395738], [-5.92048709, 54.60394431]]}, "properties": {"DETAIL_ID": "CQ3.L14.W101", "USE_TYPE": "Wall", "LEVEL_ID": "CQ3.L14", "FACILITY_ID": "CQ3", "ELEVATION_RELATIVE": 55.7}}, {"type": "Feature", "geometry": {"type": "LineString", "coordinates": [[-5.92048324, 54.60394272], [-5.9204299, 54.60392068]]}, "properties": {"DETAIL_ID": "CQ3.L14.W102", "USE_TYPE": "Wall", "LEVEL_ID": "CQ3.L14", "FACILITY_ID": "CQ3", "ELEVATION_RELATIVE": 55.7}}, {"type": "Feature", "geometry": {"type": "LineString", "coordinates": [[-5.92052514, 54.60395676], [-5.92043256, 54.60391851]]}, "properties": {"DETAIL_ID": "CQ3.L14.W103", "USE_TYPE": "Wall", "LEVEL_ID": "CQ3.L14", "FACILITY_ID": "CQ3", "ELEVATION_RELATIVE": 55.7}}, {"type": "Feature", "geometry": {"type": "LineString", "coordinates": [[-5.92065236, 54.60401259], [-5.92059901, 54.60399055]]}, "properties": {"DETAIL_ID": "CQ3.L14.W104", "USE_TYPE": "Wall", "LEVEL_ID": "CQ3.L14", "FACILITY_ID": "CQ3", "ELEVATION_RELATIVE": 55.7}}, {"type": "Feature", "geometry": {"type": "LineString", "coordinates": [[-5.92059527, 54.60398901], [-5.92056352, 54.60397589]]}, "properties": {"DETAIL_ID": "CQ3.L14.W105", "USE_TYPE": "Wall", "LEVEL_ID": "CQ3.L14", "FACILITY_ID": "CQ3", "ELEVATION_RELATIVE": 55.7}}, {"type": "Feature", "geometry": {"type": "LineString", "coordinates": [[-5.92065503, 54.60401042], [-5.92056245, 54.60397218]]}, "properties": {"DETAIL_ID": "CQ3.L14.W106", "USE_TYPE": "Wall", "LEVEL_ID": "CQ3.L14", "FACILITY_ID": "CQ3", "ELEVATION_RELATIVE": 55.7}}, {"type": "Feature", "geometry": {"type": "LineString", "coordinates": [[-5.92073681, 54.60404748], [-5.92072174, 54.60404126]]}, "properties": {"DETAIL_ID": "CQ3.L14.W107", "USE_TYPE": "Wall", "LEVEL_ID": "CQ3.L14", "FACILITY_ID": "CQ3", "ELEVATION_RELATIVE": 55.7}}, {"type": "Feature", "geometry": {"type": "LineString", "coordinates": [[-5.92071789, 54.60403967], [-5.92067566, 54.60402222]]}, "properties": {"DETAIL_ID": "CQ3.L14.W108", "USE_TYPE": "Wall", "LEVEL_ID": "CQ3.L14", "FACILITY_ID": "CQ3", "ELEVATION_RELATIVE": 55.7}}, {"type": "Feature", "geometry": {"type": "LineString", "coordinates": [[-5.92074333, 54.60404691], [-5.92067833, 54.60402005]]}, "properties": {"DETAIL_ID": "CQ3.L14.W109", "USE_TYPE": "Wall", "LEVEL_ID": "CQ3.L14", "FACILITY_ID": "CQ3", "ELEVATION_RELATIVE": 55.7}}, {"type": "Feature", "geometry": {"type": "LineString", "coordinates": [[-5.92063569, 54.60410642], [-5.92059784, 54.60409078]]}, "properties": {"DETAIL_ID": "CQ3.L14.W110", "USE_TYPE": "Wall", "LEVEL_ID": "CQ3.L14", "FACILITY_ID": "CQ3", "ELEVATION_RELATIVE": 55.7}}, {"type": "Feature", "geometry": {"type": "LineString", "coordinates": [[-5.92065461, 54.60411423], [-5.92063954, 54.60410801]]}, "properties": {"DETAIL_ID": "CQ3.L14.W111", "USE_TYPE": "Wall", "LEVEL_ID": "CQ3.L14", "FACILITY_ID": "CQ3", "ELEVATION_RELATIVE": 55.7}}, {"type": "Feature", "geometry": {"type": "LineString", "coordinates": [[-5.92065579, 54.60411799], [-5.92059133, 54.60409136]]}, "properties": {"DETAIL_ID": "CQ3.L14.W112", "USE_TYPE": "Wall", "LEVEL_ID": "CQ3.L14", "FACILITY_ID": "CQ3", "ELEVATION_RELATIVE": 55.7}}, {"type": "Feature", "geometry": {"type": "LineString", "coordinates": [[-5.92027842, 54.60395881], [-5.92026325, 54.60395254]]}, "properties": {"DETAIL_ID": "CQ3.L14.W113", "USE_TYPE": "Wall", "LEVEL_ID": "CQ3.L14", "FACILITY_ID": "CQ3", "ELEVATION_RELATIVE": 55.7}}, {"type": "Feature", "geometry": {"type": "LineString", "coordinates": [[-5.92032001, 54.60397599], [-5.92028217, 54.60396036]]}, "properties": {"DETAIL_ID": "CQ3.L14.W114", "USE_TYPE": "Wall", "LEVEL_ID": "CQ3.L14", "FACILITY_ID": "CQ3", "ELEVATION_RELATIVE": 55.7}}, {"type": "Feature", "geometry": {"type": "LineString", "coordinates": [[-5.92032119, 54.60397975], [-5.92025683, 54.60395316]]}, "properties": {"DETAIL_ID": "CQ3.L14.W115", "USE_TYPE": "Wall", "LEVEL_ID": "CQ3.L14", "FACILITY_ID": "CQ3", "ELEVATION_RELATIVE": 55.7}}, {"type": "Feature", "geometry": {"type": "LineString", "coordinates": [[-5.9203876, 54.60392582], [-5.92034591, 54.60390859]]}, "properties": {"DETAIL_ID": "CQ3.L14.W116", "USE_TYPE": "Wall", "LEVEL_ID": "CQ3.L14", "FACILITY_ID": "CQ3", "ELEVATION_RELATIVE": 55.7}}, {"type": "Feature", "geometry": {"type": "LineString", "coordinates": [[-5.92038101, 54.60392646], [-5.92034317, 54.60391082]]}, "properties": {"DETAIL_ID": "CQ3.L14.W117", "USE_TYPE": "Wall", "LEVEL_ID": "CQ3.L14", "FACILITY_ID": "CQ3", "ELEVATION_RELATIVE": 55.7}}, {"type": "Feature", "geometry": {"type": "LineString", "coordinates": [[-5.92069669, 54.60405688], [-5.92065885, 54.60404124]]}, "properties": {"DETAIL_ID": "CQ3.L14.W118", "USE_TYPE": "Wall", "LEVEL_ID": "CQ3.L14", "FACILITY_ID": "CQ3", "ELEVATION_RELATIVE": 55.7}}, {"type": "Feature", "geometry": {"type": "LineString", "coordinates": [[-5.92069943, 54.60405465], [-5.92065774, 54.60403743]]}, "properties": {"DETAIL_ID": "CQ3.L14.W119", "USE_TYPE": "Wall", "LEVEL_ID": "CQ3.L14", "FACILITY_ID": "CQ3", "ELEVATION_RELATIVE": 55.7}}, {"type": "Feature", "geometry": {"type": "LineString", "coordinates": [[-5.92051307, 54.60405576], [-5.92048132, 54.60404264]]}, "properties": {"DETAIL_ID": "CQ3.L14.W120", "USE_TYPE": "Wall", "LEVEL_ID": "CQ3.L14", "FACILITY_ID": "CQ3", "ELEVATION_RELATIVE": 55.7}}, {"type": "Feature", "geometry": {"type": "LineString", "coordinates": [[-5.92056952, 54.60407908], [-5.92051681, 54.6040573]]}, "properties": {"DETAIL_ID": "CQ3.L14.W121", "USE_TYPE": "Wall", "LEVEL_ID": "CQ3.L14", "FACILITY_ID": "CQ3", "ELEVATION_RELATIVE": 55.7}}, {"type": "Feature", "geometry": {"type": "LineString", "coordinates": [[-5.92056685, 54.60408124], [-5.92047491, 54.60404326]]}, "properties": {"DETAIL_ID": "CQ3.L14.W122", "USE_TYPE": "Wall", "LEVEL_ID": "CQ3.L14", "FACILITY_ID": "CQ3", "ELEVATION_RELATIVE": 55.7}}, {"type": "Feature", "geometry": {"type": "LineString", "coordinates": [[-5.92040104, 54.60400947], [-5.92034834, 54.6039877]]}, "properties": {"DETAIL_ID": "CQ3.L14.W123", "USE_TYPE": "Wall", "LEVEL_ID": "CQ3.L14", "FACILITY_ID": "CQ3", "ELEVATION_RELATIVE": 55.7}}, {"type": "Feature", "geometry": {"type": "LineString", "coordinates": [[-5.92043653, 54.60402413], [-5.92040489, 54.60401106]]}, "properties": {"DETAIL_ID": "CQ3.L14.W124", "USE_TYPE": "Wall", "LEVEL_ID": "CQ3.L14", "FACILITY_ID": "CQ3", "ELEVATION_RELATIVE": 55.7}}, {"type": "Feature", "geometry": {"type": "LineString", "coordinates": [[-5.9204376, 54.60402785], [-5.92034567, 54.60398986]]}, "properties": {"DETAIL_ID": "CQ3.L14.W125", "USE_TYPE": "Wall", "LEVEL_ID": "CQ3.L14", "FACILITY_ID": "CQ3", "ELEVATION_RELATIVE": 55.7}}, {"type": "Feature", "geometry": {"type": "LineString", "coordinates": [[-5.92059894, 54.60409067], [-5.92061069, 54.60408114]]}, "properties": {"DETAIL_ID": "CQ3.L15.W0", "USE_TYPE": "Wall", "LEVEL_ID": "CQ3.L15", "FACILITY_ID": "CQ3", "ELEVATION_RELATIVE": 59.6}}, {"type": "Feature", "geometry": {"type": "LineString", "coordinates": [[-5.9206355, 54.60410578], [-5.92064725, 54.60409624]]}, "properties": {"DETAIL_ID": "CQ3.L15.W1", "USE_TYPE": "Wall", "LEVEL_ID": "CQ3.L15", "FACILITY_ID": "CQ3", "ELEVATION_RELATIVE": 59.6}}, {"type": "Feature", "geometry": {"type": "LineString", "coordinates": [[-5.92061305, 54.60408931], [-5.92064141, 54.60406627]]}, "properties": {"DETAIL_ID": "CQ3.L15.W2", "USE_TYPE": "Wall", "LEVEL_ID": "CQ3.L15", "FACILITY_ID": "CQ3", "ELEVATION_RELATIVE": 59.6}}, {"type": "Feature", "geometry": {"type": "LineString", "coordinates": [[-5.92063325, 54.60409765], [-5.92064652, 54.60408688]]}, "properties": {"DETAIL_ID": "CQ3.L15.W3", "USE_TYPE": "Wall", "LEVEL_ID": "CQ3.L15", "FACILITY_ID": "CQ3", "ELEVATION_RELATIVE": 59.6}}, {"type": "Feature", "geometry": {"type": "LineString", "coordinates": [[-5.92063538, 54.60410515], [-5.92067411, 54.6040737]]}, "properties": {"DETAIL_ID": "CQ3.L15.W4", "USE_TYPE": "Wall", "LEVEL_ID": "CQ3.L15", "FACILITY_ID": "CQ3", "ELEVATION_RELATIVE": 59.6}}, {"type": "Feature", "geometry": {"type": "LineString", "coordinates": [[-5.92060003, 54.60409054], [-5.9206365, 54.60406092]]}, "properties": {"DETAIL_ID": "CQ3.L15.W5", "USE_TYPE": "Wall", "LEVEL_ID": "CQ3.L15", "FACILITY_ID": "CQ3", "ELEVATION_RELATIVE": 59.6}}, {"type": "Feature", "geometry": {"type": "LineString", "coordinates": [[-5.92060111, 54.60409044], [-5.92063713, 54.60406118]]}, "properties": {"DETAIL_ID": "CQ3.L15.W6", "USE_TYPE": "Wall", "LEVEL_ID": "CQ3.L15", "FACILITY_ID": "CQ3", "ELEVATION_RELATIVE": 59.6}}, {"type": "Feature", "geometry": {"type": "LineString", "coordinates": [[-5.9206352, 54.60410452], [-5.92067348, 54.60407344]]}, "properties": {"DETAIL_ID": "CQ3.L15.W7", "USE_TYPE": "Wall", "LEVEL_ID": "CQ3.L15", "FACILITY_ID": "CQ3", "ELEVATION_RELATIVE": 59.6}}, {"type": "Feature", "geometry": {"type": "LineString", "coordinates": [[-5.92031993, 54.6039754], [-5.92033168, 54.60396586]]}, "properties": {"DETAIL_ID": "CQ3.L15.W8", "USE_TYPE": "Wall", "LEVEL_ID": "CQ3.L15", "FACILITY_ID": "CQ3", "ELEVATION_RELATIVE": 59.6}}, {"type": "Feature", "geometry": {"type": "LineString", "coordinates": [[-5.92028327, 54.60396025], [-5.92029501, 54.60395071]]}, "properties": {"DETAIL_ID": "CQ3.L15.W9", "USE_TYPE": "Wall", "LEVEL_ID": "CQ3.L15", "FACILITY_ID": "CQ3", "ELEVATION_RELATIVE": 59.6}}, {"type": "Feature", "geometry": {"type": "LineString", "coordinates": [[-5.92031757, 54.60396723], [-5.92034594, 54.6039442]]}, "properties": {"DETAIL_ID": "CQ3.L15.W10", "USE_TYPE": "Wall", "LEVEL_ID": "CQ3.L15", "FACILITY_ID": "CQ3", "ELEVATION_RELATIVE": 59.6}}, {"type": "Feature", "geometry": {"type": "LineString", "coordinates": [[-5.92029737, 54.60395888], [-5.92031064, 54.60394811]]}, "properties": {"DETAIL_ID": "CQ3.L15.W11", "USE_TYPE": "Wall", "LEVEL_ID": "CQ3.L15", "FACILITY_ID": "CQ3", "ELEVATION_RELATIVE": 59.6}}, {"type": "Feature", "geometry": {"type": "LineString", "coordinates": [[-5.92028438, 54.60396013], [-5.9203231, 54.60392868]]}, "properties": {"DETAIL_ID": "CQ3.L15.W12", "USE_TYPE": "Wall", "LEVEL_ID": "CQ3.L15", "FACILITY_ID": "CQ3", "ELEVATION_RELATIVE": 59.6}}, {"type": "Feature", "geometry": {"type": "LineString", "coordinates": [[-5.92031973, 54.60397473], [-5.9203562, 54.60394511]]}, "properties": {"DETAIL_ID": "CQ3.L15.W13", "USE_TYPE": "Wall", "LEVEL_ID": "CQ3.L15", "FACILITY_ID": "CQ3", "ELEVATION_RELATIVE": 59.6}}, {"type": "Feature", "geometry": {"type": "LineString", "coordinates": [[-5.92031955, 54.60397411], [-5.92035557, 54.60394485]]}, "properties": {"DETAIL_ID": "CQ3.L15.W14", "USE_TYPE": "Wall", "LEVEL_ID": "CQ3.L15", "FACILITY_ID": "CQ3", "ELEVATION_RELATIVE": 59.6}}, {"type": "Feature", "geometry": {"type": "LineString", "coordinates": [[-5.92028546, 54.60396002], [-5.92032373, 54.60392894]]}, "properties": {"DETAIL_ID": "CQ3.L15.W15", "USE_TYPE": "Wall", "LEVEL_ID": "CQ3.L15", "FACILITY_ID": "CQ3", "ELEVATION_RELATIVE": 59.6}}, {"type": "Feature", "geometry": {"type": "LineString", "coordinates": [[-5.92027842, 54.60395881], [-5.92031861, 54.60392618]]}, "properties": {"DETAIL_ID": "CQ3.L15.W16", "USE_TYPE": "Wall", "LEVEL_ID": "CQ3.L15", "FACILITY_ID": "CQ3", "ELEVATION_RELATIVE": 59.6}}, {"type": "Feature", "geometry": {"type": "LineString", "coordinates": [[-5.92032044, 54.60392469], [-5.92036062, 54.60389206]]}, "properties": {"DETAIL_ID": "CQ3.L15.W17", "USE_TYPE": "Wall", "LEVEL_ID": "CQ3.L15", "FACILITY_ID": "CQ3", "ELEVATION_RELATIVE": 59.6}}, {"type": "Feature", "geometry": {"type": "LineString", "coordinates": [[-5.92028217, 54.60396036], [-5.92034317, 54.60391082]]}, "properties": {"DETAIL_ID": "CQ3.L15.W18", "USE_TYPE": "Wall", "LEVEL_ID": "CQ3.L15", "FACILITY_ID": "CQ3", "ELEVATION_RELATIVE": 59.6}}, {"type": "Feature", "geometry": {"type": "LineString", "coordinates": [[-5.92034591, 54.60390859], [-5.92036437, 54.60389361]]}, "properties": {"DETAIL_ID": "CQ3.L15.W19", "USE_TYPE": "Wall", "LEVEL_ID": "CQ3.L15", "FACILITY_ID": "CQ3", "ELEVATION_RELATIVE": 59.6}}, {"type": "Feature", "geometry": {"type": "LineString", "coordinates": [[-5.92068155, 54.60407389], [-5.92072174, 54.60404126]]}, "properties": {"DETAIL_ID": "CQ3.L15.W20", "USE_TYPE": "Wall", "LEVEL_ID": "CQ3.L15", "FACILITY_ID": "CQ3", "ELEVATION_RELATIVE": 59.6}}, {"type": "Feature", "geometry": {"type": "LineString", "coordinates": [[-5.92063954, 54.60410801], [-5.92067972, 54.60407537]]}, "properties": {"DETAIL_ID": "CQ3.L15.W21", "USE_TYPE": "Wall", "LEVEL_ID": "CQ3.L15", "FACILITY_ID": "CQ3", "ELEVATION_RELATIVE": 59.6}}, {"type": "Feature", "geometry": {"type": "LineString", "coordinates": [[-5.92069943, 54.60405465], [-5.92071789, 54.60403967]]}, "properties": {"DETAIL_ID": "CQ3.L15.W22", "USE_TYPE": "Wall", "LEVEL_ID": "CQ3.L15", "FACILITY_ID": "CQ3", "ELEVATION_RELATIVE": 59.6}}, {"type": "Feature", "geometry": {"type": "LineString", "coordinates": [[-5.92063569, 54.60410642], [-5.92069669, 54.60405688]]}, "properties": {"DETAIL_ID": "CQ3.L15.W23", "USE_TYPE": "Wall", "LEVEL_ID": "CQ3.L15", "FACILITY_ID": "CQ3", "ELEVATION_RELATIVE": 59.6}}, {"type": "Feature", "geometry": {"type": "LineString", "coordinates": [[-5.92032001, 54.60397599], [-5.92036629, 54.60393841]]}, "properties": {"DETAIL_ID": "CQ3.L15.W24", "USE_TYPE": "Wall", "LEVEL_ID": "CQ3.L15", "FACILITY_ID": "CQ3", "ELEVATION_RELATIVE": 59.6}}, {"type": "Feature", "geometry": {"type": "LineString", "coordinates": [[-5.92032119, 54.60397975], [-5.92037014, 54.60394]]}, "properties": {"DETAIL_ID": "CQ3.L15.W25", "USE_TYPE": "Wall", "LEVEL_ID": "CQ3.L15", "FACILITY_ID": "CQ3", "ELEVATION_RELATIVE": 59.6}}, {"type": "Feature", "geometry": {"type": "LineString", "coordinates": [[-5.92055261, 54.60398016], [-5.92056245, 54.60397218]]}, "properties": {"DETAIL_ID": "CQ3.L15.W26", "USE_TYPE": "Wall", "LEVEL_ID": "CQ3.L15", "FACILITY_ID": "CQ3", "ELEVATION_RELATIVE": 59.6}}, {"type": "Feature", "geometry": {"type": "LineString", "coordinates": [[-5.92052409, 54.60400332], [-5.92054095, 54.60398964]]}, "properties": {"DETAIL_ID": "CQ3.L15.W27", "USE_TYPE": "Wall", "LEVEL_ID": "CQ3.L15", "FACILITY_ID": "CQ3", "ELEVATION_RELATIVE": 59.6}}, {"type": "Feature", "geometry": {"type": "LineString", "coordinates": [[-5.92049596, 54.60402617], [-5.92051327, 54.60401211]]}, "properties": {"DETAIL_ID": "CQ3.L15.W28", "USE_TYPE": "Wall", "LEVEL_ID": "CQ3.L15", "FACILITY_ID": "CQ3", "ELEVATION_RELATIVE": 59.6}}, {"type": "Feature", "geometry": {"type": "LineString", "coordinates": [[-5.92047491, 54.60404326], [-5.92048521, 54.6040349]]}, "properties": {"DETAIL_ID": "CQ3.L15.W29", "USE_TYPE": "Wall", "LEVEL_ID": "CQ3.L15", "FACILITY_ID": "CQ3", "ELEVATION_RELATIVE": 59.6}}, {"type": "Feature", "geometry": {"type": "LineString", "coordinates": [[-5.92059133, 54.60409136], [-5.92064028, 54.60405161]]}, "properties": {"DETAIL_ID": "CQ3.L15.W30", "USE_TYPE": "Wall", "LEVEL_ID": "CQ3.L15", "FACILITY_ID": "CQ3", "ELEVATION_RELATIVE": 59.6}}, {"type": "Feature", "geometry": {"type": "LineString", "coordinates": [[-5.92059784, 54.60409078], [-5.92064413, 54.6040532]]}, "properties": {"DETAIL_ID": "CQ3.L15.W31", "USE_TYPE": "Wall", "LEVEL_ID": "CQ3.L15", "FACILITY_ID": "CQ3", "ELEVATION_RELATIVE": 59.6}}, {"type": "Feature", "geometry": {"type": "LineString", "coordinates": [[-5.9204376, 54.60402785], [-5.9204479, 54.60401949]]}, "properties": {"DETAIL_ID": "CQ3.L15.W32", "USE_TYPE": "Wall", "LEVEL_ID": "CQ3.L15", "FACILITY_ID": "CQ3", "ELEVATION_RELATIVE": 59.6}}, {"type": "Feature", "geometry": {"type": "LineString", "coordinates": [[-5.92045865, 54.60401076], [-5.92047596, 54.6039967]]}, "properties": {"DETAIL_ID": "CQ3.L15.W33", "USE_TYPE": "Wall", "LEVEL_ID": "CQ3.L15", "FACILITY_ID": "CQ3", "ELEVATION_RELATIVE": 59.6}}, {"type": "Feature", "geometry": {"type": "LineString", "coordinates": [[-5.92048679, 54.60398791], [-5.92050364, 54.60397422]]}, "properties": {"DETAIL_ID": "CQ3.L15.W34", "USE_TYPE": "Wall", "LEVEL_ID": "CQ3.L15", "FACILITY_ID": "CQ3", "ELEVATION_RELATIVE": 59.6}}, {"type": "Feature", "geometry": {"type": "LineString", "coordinates": [[-5.9205153, 54.60396475], [-5.92052514, 54.60395676]]}, "properties": {"DETAIL_ID": "CQ3.L15.W35", "USE_TYPE": "Wall", "LEVEL_ID": "CQ3.L15", "FACILITY_ID": "CQ3", "ELEVATION_RELATIVE": 59.6}}, {"type": "Feature", "geometry": {"type": "LineString", "coordinates": [[-5.92040104, 54.60400947], [-5.92046486, 54.60395764]]}, "properties": {"DETAIL_ID": "CQ3.L15.W36", "USE_TYPE": "Wall", "LEVEL_ID": "CQ3.L15", "FACILITY_ID": "CQ3", "ELEVATION_RELATIVE": 59.6}}, {"type": "Feature", "geometry": {"type": "LineString", "coordinates": [[-5.92040489, 54.60401106], [-5.92043104, 54.60398982]]}, "properties": {"DETAIL_ID": "CQ3.L15.W37", "USE_TYPE": "Wall", "LEVEL_ID": "CQ3.L15", "FACILITY_ID": "CQ3", "ELEVATION_RELATIVE": 59.6}}, {"type": "Feature", "geometry": {"type": "LineString", "coordinates": [[-5.92043287, 54.60398833], [-5.9204591, 54.60396703]]}, "properties": {"DETAIL_ID": "CQ3.L15.W38", "USE_TYPE": "Wall", "LEVEL_ID": "CQ3.L15", "FACILITY_ID": "CQ3", "ELEVATION_RELATIVE": 59.6}}, {"type": "Feature", "geometry": {"type": "LineString", "coordinates": [[-5.92051681, 54.6040573], [-5.92058064, 54.60400548]]}, "properties": {"DETAIL_ID": "CQ3.L15.W39", "USE_TYPE": "Wall", "LEVEL_ID": "CQ3.L15", "FACILITY_ID": "CQ3", "ELEVATION_RELATIVE": 59.6}}, {"type": "Feature", "geometry": {"type": "LineString", "coordinates": [[-5.92054106, 54.60403303], [-5.92056729, 54.60401173]]}, "properties": {"DETAIL_ID": "CQ3.L15.W40", "USE_TYPE": "Wall", "LEVEL_ID": "CQ3.L15", "FACILITY_ID": "CQ3", "ELEVATION_RELATIVE": 59.6}}, {"type": "Feature", "geometry": {"type": "LineString", "coordinates": [[-5.92051307, 54.60405576], [-5.92053923, 54.60403452]]}, "properties": {"DETAIL_ID": "CQ3.L15.W41", "USE_TYPE": "Wall", "LEVEL_ID": "CQ3.L15", "FACILITY_ID": "CQ3", "ELEVATION_RELATIVE": 59.6}}, {"type": "Feature", "geometry": {"type": "LineString", "coordinates": [[-5.92039577, 54.60377515], [-5.9203834, 54.60377004]]}, "properties": {"DETAIL_ID": "CQ3.L15.W42", "USE_TYPE": "Wall", "LEVEL_ID": "CQ3.L15", "FACILITY_ID": "CQ3", "ELEVATION_RELATIVE": 59.6}}, {"type": "Feature", "geometry": {"type": "LineString", "coordinates": [[-5.920396, 54.60377497], [-5.92038363, 54.60376985]]}, "properties": {"DETAIL_ID": "CQ3.L15.W43", "USE_TYPE": "Wall", "LEVEL_ID": "CQ3.L15", "FACILITY_ID": "CQ3", "ELEVATION_RELATIVE": 59.6}}, {"type": "Feature", "geometry": {"type": "LineString", "coordinates": [[-5.92069536, 54.60413726], [-5.92068129, 54.60413145]]}, "properties": {"DETAIL_ID": "CQ3.L15.W44", "USE_TYPE": "Wall", "LEVEL_ID": "CQ3.L15", "FACILITY_ID": "CQ3", "ELEVATION_RELATIVE": 59.6}}, {"type": "Feature", "geometry": {"type": "LineString", "coordinates": [[-5.92069527, 54.60413695], [-5.92068151, 54.60413127]]}, "properties": {"DETAIL_ID": "CQ3.L15.W45", "USE_TYPE": "Wall", "LEVEL_ID": "CQ3.L15", "FACILITY_ID": "CQ3", "ELEVATION_RELATIVE": 59.6}}, {"type": "Feature", "geometry": {"type": "LineString", "coordinates": [[-5.92022672, 54.60394337], [-5.92021296, 54.60393768]]}, "properties": {"DETAIL_ID": "CQ3.L15.W46", "USE_TYPE": "Wall", "LEVEL_ID": "CQ3.L15", "FACILITY_ID": "CQ3", "ELEVATION_RELATIVE": 59.6}}, {"type": "Feature", "geometry": {"type": "LineString", "coordinates": [[-5.92022649, 54.60394355], [-5.92021242, 54.60393773]]}, "properties": {"DETAIL_ID": "CQ3.L15.W47", "USE_TYPE": "Wall", "LEVEL_ID": "CQ3.L15", "FACILITY_ID": "CQ3", "ELEVATION_RELATIVE": 59.6}}, {"type": "Feature", "geometry": {"type": "LineString", "coordinates": [[-5.92028613, 54.60387826], [-5.92027174, 54.60387231]]}, "properties": {"DETAIL_ID": "CQ3.L15.W48", "USE_TYPE": "Wall", "LEVEL_ID": "CQ3.L15", "FACILITY_ID": "CQ3", "ELEVATION_RELATIVE": 59.6}}, {"type": "Feature", "geometry": {"type": "LineString", "coordinates": [[-5.92028559, 54.60387831], [-5.92027151, 54.6038725]]}, "properties": {"DETAIL_ID": "CQ3.L15.W49", "USE_TYPE": "Wall", "LEVEL_ID": "CQ3.L15", "FACILITY_ID": "CQ3", "ELEVATION_RELATIVE": 59.6}}, {"type": "Feature", "geometry": {"type": "LineString", "coordinates": [[-5.92046452, 54.60400141], [-5.92043287, 54.60398833]]}, "properties": {"DETAIL_ID": "CQ3.L15.W50", "USE_TYPE": "Wall", "LEVEL_ID": "CQ3.L15", "FACILITY_ID": "CQ3", "ELEVATION_RELATIVE": 59.6}}, {"type": "Feature", "geometry": {"type": "LineString", "coordinates": [[-5.92046269, 54.60400289], [-5.92043104, 54.60398982]]}, "properties": {"DETAIL_ID": "CQ3.L15.W51", "USE_TYPE": "Wall", "LEVEL_ID": "CQ3.L15", "FACILITY_ID": "CQ3", "ELEVATION_RELATIVE": 59.6}}, {"type": "Feature", "geometry": {"type": "LineString", "coordinates": [[-5.92049258, 54.60397862], [-5.92046093, 54.60396555]]}, "properties": {"DETAIL_ID": "CQ3.L15.W52", "USE_TYPE": "Wall", "LEVEL_ID": "CQ3.L15", "FACILITY_ID": "CQ3", "ELEVATION_RELATIVE": 59.6}}, {"type": "Feature", "geometry": {"type": "LineString", "coordinates": [[-5.92049075, 54.60398011], [-5.9204591, 54.60396703]]}, "properties": {"DETAIL_ID": "CQ3.L15.W53", "USE_TYPE": "Wall", "LEVEL_ID": "CQ3.L15", "FACILITY_ID": "CQ3", "ELEVATION_RELATIVE": 59.6}}, {"type": "Feature", "geometry": {"type": "LineString", "coordinates": [[-5.92056912, 54.60401025], [-5.92053737, 54.60399713]]}, "properties": {"DETAIL_ID": "CQ3.L15.W54", "USE_TYPE": "Wall", "LEVEL_ID": "CQ3.L15", "FACILITY_ID": "CQ3", "ELEVATION_RELATIVE": 59.6}}, {"type": "Feature", "geometry": {"type": "LineString", "coordinates": [[-5.92056729, 54.60401173], [-5.92053554, 54.60399861]]}, "properties": {"DETAIL_ID": "CQ3.L15.W55", "USE_TYPE": "Wall", "LEVEL_ID": "CQ3.L15", "FACILITY_ID": "CQ3", "ELEVATION_RELATIVE": 59.6}}, {"type": "Feature", "geometry": {"type": "LineString", "coordinates": [[-5.92054106, 54.60403303], [-5.92050931, 54.60401991]]}, "properties": {"DETAIL_ID": "CQ3.L15.W56", "USE_TYPE": "Wall", "LEVEL_ID": "CQ3.L15", "FACILITY_ID": "CQ3", "ELEVATION_RELATIVE": 59.6}}, {"type": "Feature", "geometry": {"type": "LineString", "coordinates": [[-5.92053923, 54.60403452], [-5.92050748, 54.6040214]]}, "properties": {"DETAIL_ID": "CQ3.L15.W57", "USE_TYPE": "Wall", "LEVEL_ID": "CQ3.L15", "FACILITY_ID": "CQ3", "ELEVATION_RELATIVE": 59.6}}, {"type": "Feature", "geometry": {"type": "LineString", "coordinates": [[-5.92031861, 54.60392618], [-5.92030097, 54.60391889]]}, "properties": {"DETAIL_ID": "CQ3.L15.W58", "USE_TYPE": "Wall", "LEVEL_ID": "CQ3.L15", "FACILITY_ID": "CQ3", "ELEVATION_RELATIVE": 59.6}}, {"type": "Feature", "geometry": {"type": "LineString", "coordinates": [[-5.92032044, 54.60392469], [-5.9203028, 54.6039174]]}, "properties": {"DETAIL_ID": "CQ3.L15.W59", "USE_TYPE": "Wall", "LEVEL_ID": "CQ3.L15", "FACILITY_ID": "CQ3", "ELEVATION_RELATIVE": 59.6}}, {"type": "Feature", "geometry": {"type": "LineString", "coordinates": [[-5.92069725, 54.60408262], [-5.92067972, 54.60407537]]}, "properties": {"DETAIL_ID": "CQ3.L15.W60", "USE_TYPE": "Wall", "LEVEL_ID": "CQ3.L15", "FACILITY_ID": "CQ3", "ELEVATION_RELATIVE": 59.6}}, {"type": "Feature", "geometry": {"type": "LineString", "coordinates": [[-5.92069908, 54.60408113], [-5.92068155, 54.60407389]]}, "properties": {"DETAIL_ID": "CQ3.L15.W61", "USE_TYPE": "Wall", "LEVEL_ID": "CQ3.L15", "FACILITY_ID": "CQ3", "ELEVATION_RELATIVE": 59.6}}, {"type": "Feature", "geometry": {"type": "LineString", "coordinates": [[-5.92064954, 54.60406963], [-5.92063318, 54.60406287]]}, "properties": {"DETAIL_ID": "CQ3.L15.W62", "USE_TYPE": "Wall", "LEVEL_ID": "CQ3.L15", "FACILITY_ID": "CQ3", "ELEVATION_RELATIVE": 59.6}}, {"type": "Feature", "geometry": {"type": "LineString", "coordinates": [[-5.92064733, 54.60407143], [-5.92063097, 54.60406467]]}, "properties": {"DETAIL_ID": "CQ3.L15.W63", "USE_TYPE": "Wall", "LEVEL_ID": "CQ3.L15", "FACILITY_ID": "CQ3", "ELEVATION_RELATIVE": 59.6}}, {"type": "Feature", "geometry": {"type": "LineString", "coordinates": [[-5.92064504, 54.60407328], [-5.92062868, 54.60406653]]}, "properties": {"DETAIL_ID": "CQ3.L15.W64", "USE_TYPE": "Wall", "LEVEL_ID": "CQ3.L15", "FACILITY_ID": "CQ3", "ELEVATION_RELATIVE": 59.6}}, {"type": "Feature", "geometry": {"type": "LineString", "coordinates": [[-5.92064283, 54.60407508], [-5.92062647, 54.60406832]]}, "properties": {"DETAIL_ID": "CQ3.L15.W65", "USE_TYPE": "Wall", "LEVEL_ID": "CQ3.L15", "FACILITY_ID": "CQ3", "ELEVATION_RELATIVE": 59.6}}, {"type": "Feature", "geometry": {"type": "LineString", "coordinates": [[-5.92064054, 54.60407694], [-5.92062418, 54.60407018]]}, "properties": {"DETAIL_ID": "CQ3.L15.W66", "USE_TYPE": "Wall", "LEVEL_ID": "CQ3.L15", "FACILITY_ID": "CQ3", "ELEVATION_RELATIVE": 59.6}}, {"type": "Feature", "geometry": {"type": "LineString", "coordinates": [[-5.92063833, 54.60407873], [-5.92062197, 54.60407197]]}, "properties": {"DETAIL_ID": "CQ3.L15.W67", "USE_TYPE": "Wall", "LEVEL_ID": "CQ3.L15", "FACILITY_ID": "CQ3", "ELEVATION_RELATIVE": 59.6}}, {"type": "Feature", "geometry": {"type": "LineString", "coordinates": [[-5.92063604, 54.60408059], [-5.92061968, 54.60407383]]}, "properties": {"DETAIL_ID": "CQ3.L15.W68", "USE_TYPE": "Wall", "LEVEL_ID": "CQ3.L15", "FACILITY_ID": "CQ3", "ELEVATION_RELATIVE": 59.6}}, {"type": "Feature", "geometry": {"type": "LineString", "coordinates": [[-5.92063375, 54.60408245], [-5.9206174, 54.60407569]]}, "properties": {"DETAIL_ID": "CQ3.L15.W69", "USE_TYPE": "Wall", "LEVEL_ID": "CQ3.L15", "FACILITY_ID": "CQ3", "ELEVATION_RELATIVE": 59.6}}, {"type": "Feature", "geometry": {"type": "LineString", "coordinates": [[-5.92063154, 54.60408424], [-5.92061519, 54.60407749]]}, "properties": {"DETAIL_ID": "CQ3.L15.W70", "USE_TYPE": "Wall", "LEVEL_ID": "CQ3.L15", "FACILITY_ID": "CQ3", "ELEVATION_RELATIVE": 59.6}}, {"type": "Feature", "geometry": {"type": "LineString", "coordinates": [[-5.92062925, 54.6040861], [-5.9206129, 54.60407934]]}, "properties": {"DETAIL_ID": "CQ3.L15.W71", "USE_TYPE": "Wall", "LEVEL_ID": "CQ3.L15", "FACILITY_ID": "CQ3", "ELEVATION_RELATIVE": 59.6}}, {"type": "Feature", "geometry": {"type": "LineString", "coordinates": [[-5.9206355, 54.60410578], [-5.92059894, 54.60409067]]}, "properties": {"DETAIL_ID": "CQ3.L15.W72", "USE_TYPE": "Wall", "LEVEL_ID": "CQ3.L15", "FACILITY_ID": "CQ3", "ELEVATION_RELATIVE": 59.6}}, {"type": "Feature", "geometry": {"type": "LineString", "coordinates": [[-5.92062704, 54.6040879], [-5.92061069, 54.60408114]]}, "properties": {"DETAIL_ID": "CQ3.L15.W73", "USE_TYPE": "Wall", "LEVEL_ID": "CQ3.L15", "FACILITY_ID": "CQ3", "ELEVATION_RELATIVE": 59.6}}, {"type": "Feature", "geometry": {"type": "LineString", "coordinates": [[-5.92064725, 54.60409624], [-5.92063089, 54.60408949]]}, "properties": {"DETAIL_ID": "CQ3.L15.W74", "USE_TYPE": "Wall", "LEVEL_ID": "CQ3.L15", "FACILITY_ID": "CQ3", "ELEVATION_RELATIVE": 59.6}}, {"type": "Feature", "geometry": {"type": "LineString", "coordinates": [[-5.92064946, 54.60409445], [-5.9206331, 54.60408769]]}, "properties": {"DETAIL_ID": "CQ3.L15.W75", "USE_TYPE": "Wall", "LEVEL_ID": "CQ3.L15", "FACILITY_ID": "CQ3", "ELEVATION_RELATIVE": 59.6}}, {"type": "Feature", "geometry": {"type": "LineString", "coordinates": [[-5.92065175, 54.60409259], [-5.92063539, 54.60408583]]}, "properties": {"DETAIL_ID": "CQ3.L15.W76", "USE_TYPE": "Wall", "LEVEL_ID": "CQ3.L15", "FACILITY_ID": "CQ3", "ELEVATION_RELATIVE": 59.6}}, {"type": "Feature", "geometry": {"type": "LineString", "coordinates": [[-5.92063325, 54.60409765], [-5.92061305, 54.60408931]]}, "properties": {"DETAIL_ID": "CQ3.L15.W77", "USE_TYPE": "Wall", "LEVEL_ID": "CQ3.L15", "FACILITY_ID": "CQ3", "ELEVATION_RELATIVE": 59.6}}, {"type": "Feature", "geometry": {"type": "LineString", "coordinates": [[-5.92063538, 54.60410515], [-5.92060003, 54.60409054]]}, "properties": {"DETAIL_ID": "CQ3.L15.W78", "USE_TYPE": "Wall", "LEVEL_ID": "CQ3.L15", "FACILITY_ID": "CQ3", "ELEVATION_RELATIVE": 59.6}}, {"type": "Feature", "geometry": {"type": "LineString", "coordinates": [[-5.9206352, 54.60410452], [-5.92060111, 54.60409044]]}, "properties": {"DETAIL_ID": "CQ3.L15.W79", "USE_TYPE": "Wall", "LEVEL_ID": "CQ3.L15", "FACILITY_ID": "CQ3", "ELEVATION_RELATIVE": 59.6}}, {"type": "Feature", "geometry": {"type": "LineString", "coordinates": [[-5.92035417, 54.6039476], [-5.92033771, 54.6039408]]}, "properties": {"DETAIL_ID": "CQ3.L15.W80", "USE_TYPE": "Wall", "LEVEL_ID": "CQ3.L15", "FACILITY_ID": "CQ3", "ELEVATION_RELATIVE": 59.6}}, {"type": "Feature", "geometry": {"type": "LineString", "coordinates": [[-5.92035196, 54.60394939], [-5.9203355, 54.60394259]]}, "properties": {"DETAIL_ID": "CQ3.L15.W81", "USE_TYPE": "Wall", "LEVEL_ID": "CQ3.L15", "FACILITY_ID": "CQ3", "ELEVATION_RELATIVE": 59.6}}, {"type": "Feature", "geometry": {"type": "LineString", "coordinates": [[-5.92034967, 54.60395125], [-5.92033321, 54.60394445]]}, "properties": {"DETAIL_ID": "CQ3.L15.W82", "USE_TYPE": "Wall", "LEVEL_ID": "CQ3.L15", "FACILITY_ID": "CQ3", "ELEVATION_RELATIVE": 59.6}}, {"type": "Feature", "geometry": {"type": "LineString", "coordinates": [[-5.92034746, 54.60395305], [-5.920331, 54.60394624]]}, "properties": {"DETAIL_ID": "CQ3.L15.W83", "USE_TYPE": "Wall", "LEVEL_ID": "CQ3.L15", "FACILITY_ID": "CQ3", "ELEVATION_RELATIVE": 59.6}}, {"type": "Feature", "geometry": {"type": "LineString", "coordinates": [[-5.92034517, 54.6039549], [-5.92032871, 54.6039481]]}, "properties": {"DETAIL_ID": "CQ3.L15.W84", "USE_TYPE": "Wall", "LEVEL_ID": "CQ3.L15", "FACILITY_ID": "CQ3", "ELEVATION_RELATIVE": 59.6}}, {"type": "Feature", "geometry": {"type": "LineString", "coordinates": [[-5.92034296, 54.6039567], [-5.9203265, 54.6039499]]}, "properties": {"DETAIL_ID": "CQ3.L15.W85", "USE_TYPE": "Wall", "LEVEL_ID": "CQ3.L15", "FACILITY_ID": "CQ3", "ELEVATION_RELATIVE": 59.6}}, {"type": "Feature", "geometry": {"type": "LineString", "coordinates": [[-5.92034067, 54.60395856], [-5.92032421, 54.60395175]]}, "properties": {"DETAIL_ID": "CQ3.L15.W86", "USE_TYPE": "Wall", "LEVEL_ID": "CQ3.L15", "FACILITY_ID": "CQ3", "ELEVATION_RELATIVE": 59.6}}, {"type": "Feature", "geometry": {"type": "LineString", "coordinates": [[-5.92033839, 54.60396041], [-5.92032192, 54.60395361]]}, "properties": {"DETAIL_ID": "CQ3.L15.W87", "USE_TYPE": "Wall", "LEVEL_ID": "CQ3.L15", "FACILITY_ID": "CQ3", "ELEVATION_RELATIVE": 59.6}}, {"type": "Feature", "geometry": {"type": "LineString", "coordinates": [[-5.92033617, 54.60396221], [-5.92031971, 54.60395541]]}, "properties": {"DETAIL_ID": "CQ3.L15.W88", "USE_TYPE": "Wall", "LEVEL_ID": "CQ3.L15", "FACILITY_ID": "CQ3", "ELEVATION_RELATIVE": 59.6}}, {"type": "Feature", "geometry": {"type": "LineString", "coordinates": [[-5.92033389, 54.60396407], [-5.92031742, 54.60395727]]}, "properties": {"DETAIL_ID": "CQ3.L15.W89", "USE_TYPE": "Wall", "LEVEL_ID": "CQ3.L15", "FACILITY_ID": "CQ3", "ELEVATION_RELATIVE": 59.6}}, {"type": "Feature", "geometry": {"type": "LineString", "coordinates": [[-5.92031993, 54.6039754], [-5.92028327, 54.60396025]]}, "properties": {"DETAIL_ID": "CQ3.L15.W90", "USE_TYPE": "Wall", "LEVEL_ID": "CQ3.L15", "FACILITY_ID": "CQ3", "ELEVATION_RELATIVE": 59.6}}, {"type": "Feature", "geometry": {"type": "LineString", "coordinates": [[-5.92033168, 54.60396586], [-5.92031521, 54.60395906]]}, "properties": {"DETAIL_ID": "CQ3.L15.W91", "USE_TYPE": "Wall", "LEVEL_ID": "CQ3.L15", "FACILITY_ID": "CQ3", "ELEVATION_RELATIVE": 59.6}}, {"type": "Feature", "geometry": {"type": "LineString", "coordinates": [[-5.92031147, 54.60395752], [-5.92029501, 54.60395071]]}, "properties": {"DETAIL_ID": "CQ3.L15.W92", "USE_TYPE": "Wall", "LEVEL_ID": "CQ3.L15", "FACILITY_ID": "CQ3", "ELEVATION_RELATIVE": 59.6}}, {"type": "Feature", "geometry": {"type": "LineString", "coordinates": [[-5.92031368, 54.60395572], [-5.92029722, 54.60394892]]}, "properties": {"DETAIL_ID": "CQ3.L15.W93", "USE_TYPE": "Wall", "LEVEL_ID": "CQ3.L15", "FACILITY_ID": "CQ3", "ELEVATION_RELATIVE": 59.6}}, {"type": "Feature", "geometry": {"type": "LineString", "coordinates": [[-5.92031597, 54.60395386], [-5.92029951, 54.60394706]]}, "properties": {"DETAIL_ID": "CQ3.L15.W94", "USE_TYPE": "Wall", "LEVEL_ID": "CQ3.L15", "FACILITY_ID": "CQ3", "ELEVATION_RELATIVE": 59.6}}, {"type": "Feature", "geometry": {"type": "LineString", "coordinates": [[-5.92031757, 54.60396723], [-5.92029737, 54.60395888]]}, "properties": {"DETAIL_ID": "CQ3.L15.W95", "USE_TYPE": "Wall", "LEVEL_ID": "CQ3.L15", "FACILITY_ID": "CQ3", "ELEVATION_RELATIVE": 59.6}}, {"type": "Feature", "geometry": {"type": "LineString", "coordinates": [[-5.92031973, 54.60397473], [-5.92028438, 54.60396013]]}, "properties": {"DETAIL_ID": "CQ3.L15.W96", "USE_TYPE": "Wall", "LEVEL_ID": "CQ3.L15", "FACILITY_ID": "CQ3", "ELEVATION_RELATIVE": 59.6}}, {"type": "Feature", "geometry": {"type": "LineString", "coordinates": [[-5.92031955, 54.60397411], [-5.92028546, 54.60396002]]}, "properties": {"DETAIL_ID": "CQ3.L15.W97", "USE_TYPE": "Wall", "LEVEL_ID": "CQ3.L15", "FACILITY_ID": "CQ3", "ELEVATION_RELATIVE": 59.6}}, {"type": "Feature", "geometry": {"type": "LineString", "coordinates": [[-5.92039387, 54.6039058], [-5.92036437, 54.60389361]]}, "properties": {"DETAIL_ID": "CQ3.L15.W98", "USE_TYPE": "Wall", "LEVEL_ID": "CQ3.L15", "FACILITY_ID": "CQ3", "ELEVATION_RELATIVE": 59.6}}, {"type": "Feature", "geometry": {"type": "LineString", "coordinates": [[-5.92036062, 54.60389206], [-5.92034544, 54.60388579]]}, "properties": {"DETAIL_ID": "CQ3.L15.W99", "USE_TYPE": "Wall", "LEVEL_ID": "CQ3.L15", "FACILITY_ID": "CQ3", "ELEVATION_RELATIVE": 59.6}}, {"type": "Feature", "geometry": {"type": "LineString", "coordinates": [[-5.92040937, 54.60390893], [-5.92034437, 54.60388208]]}, "properties": {"DETAIL_ID": "CQ3.L15.W100", "USE_TYPE": "Wall", "LEVEL_ID": "CQ3.L15", "FACILITY_ID": "CQ3", "ELEVATION_RELATIVE": 59.6}}, {"type": "Feature", "geometry": {"type": "LineString", "coordinates": [[-5.92051873, 54.60395738], [-5.92048709, 54.60394431]]}, "properties": {"DETAIL_ID": "CQ3.L15.W101", "USE_TYPE": "Wall", "LEVEL_ID": "CQ3.L15", "FACILITY_ID": "CQ3", "ELEVATION_RELATIVE": 59.6}}, {"type": "Feature", "geometry": {"type": "LineString", "coordinates": [[-5.92048324, 54.60394272], [-5.9204299, 54.60392068]]}, "properties": {"DETAIL_ID": "CQ3.L15.W102", "USE_TYPE": "Wall", "LEVEL_ID": "CQ3.L15", "FACILITY_ID": "CQ3", "ELEVATION_RELATIVE": 59.6}}, {"type": "Feature", "geometry": {"type": "LineString", "coordinates": [[-5.92052514, 54.60395676], [-5.92043256, 54.60391851]]}, "properties": {"DETAIL_ID": "CQ3.L15.W103", "USE_TYPE": "Wall", "LEVEL_ID": "CQ3.L15", "FACILITY_ID": "CQ3", "ELEVATION_RELATIVE": 59.6}}, {"type": "Feature", "geometry": {"type": "LineString", "coordinates": [[-5.92065236, 54.60401259], [-5.92059901, 54.60399055]]}, "properties": {"DETAIL_ID": "CQ3.L15.W104", "USE_TYPE": "Wall", "LEVEL_ID": "CQ3.L15", "FACILITY_ID": "CQ3", "ELEVATION_RELATIVE": 59.6}}, {"type": "Feature", "geometry": {"type": "LineString", "coordinates": [[-5.92059527, 54.60398901], [-5.92056352, 54.60397589]]}, "properties": {"DETAIL_ID": "CQ3.L15.W105", "USE_TYPE": "Wall", "LEVEL_ID": "CQ3.L15", "FACILITY_ID": "CQ3", "ELEVATION_RELATIVE": 59.6}}, {"type": "Feature", "geometry": {"type": "LineString", "coordinates": [[-5.92065503, 54.60401042], [-5.92056245, 54.60397218]]}, "properties": {"DETAIL_ID": "CQ3.L15.W106", "USE_TYPE": "Wall", "LEVEL_ID": "CQ3.L15", "FACILITY_ID": "CQ3", "ELEVATION_RELATIVE": 59.6}}, {"type": "Feature", "geometry": {"type": "LineString", "coordinates": [[-5.92073681, 54.60404748], [-5.92072174, 54.60404126]]}, "properties": {"DETAIL_ID": "CQ3.L15.W107", "USE_TYPE": "Wall", "LEVEL_ID": "CQ3.L15", "FACILITY_ID": "CQ3", "ELEVATION_RELATIVE": 59.6}}, {"type": "Feature", "geometry": {"type": "LineString", "coordinates": [[-5.92071789, 54.60403967], [-5.92067566, 54.60402222]]}, "properties": {"DETAIL_ID": "CQ3.L15.W108", "USE_TYPE": "Wall", "LEVEL_ID": "CQ3.L15", "FACILITY_ID": "CQ3", "ELEVATION_RELATIVE": 59.6}}, {"type": "Feature", "geometry": {"type": "LineString", "coordinates": [[-5.92074333, 54.60404691], [-5.92067833, 54.60402005]]}, "properties": {"DETAIL_ID": "CQ3.L15.W109", "USE_TYPE": "Wall", "LEVEL_ID": "CQ3.L15", "FACILITY_ID": "CQ3", "ELEVATION_RELATIVE": 59.6}}, {"type": "Feature", "geometry": {"type": "LineString", "coordinates": [[-5.92063569, 54.60410642], [-5.92059784, 54.60409078]]}, "properties": {"DETAIL_ID": "CQ3.L15.W110", "USE_TYPE": "Wall", "LEVEL_ID": "CQ3.L15", "FACILITY_ID": "CQ3", "ELEVATION_RELATIVE": 59.6}}, {"type": "Feature", "geometry": {"type": "LineString", "coordinates": [[-5.92065461, 54.60411423], [-5.92063954, 54.60410801]]}, "properties": {"DETAIL_ID": "CQ3.L15.W111", "USE_TYPE": "Wall", "LEVEL_ID": "CQ3.L15", "FACILITY_ID": "CQ3", "ELEVATION_RELATIVE": 59.6}}, {"type": "Feature", "geometry": {"type": "LineString", "coordinates": [[-5.92065579, 54.60411799], [-5.92059133, 54.60409136]]}, "properties": {"DETAIL_ID": "CQ3.L15.W112", "USE_TYPE": "Wall", "LEVEL_ID": "CQ3.L15", "FACILITY_ID": "CQ3", "ELEVATION_RELATIVE": 59.6}}, {"type": "Feature", "geometry": {"type": "LineString", "coordinates": [[-5.92027842, 54.60395881], [-5.92026325, 54.60395254]]}, "properties": {"DETAIL_ID": "CQ3.L15.W113", "USE_TYPE": "Wall", "LEVEL_ID": "CQ3.L15", "FACILITY_ID": "CQ3", "ELEVATION_RELATIVE": 59.6}}, {"type": "Feature", "geometry": {"type": "LineString", "coordinates": [[-5.92032001, 54.60397599], [-5.92028217, 54.60396036]]}, "properties": {"DETAIL_ID": "CQ3.L15.W114", "USE_TYPE": "Wall", "LEVEL_ID": "CQ3.L15", "FACILITY_ID": "CQ3", "ELEVATION_RELATIVE": 59.6}}, {"type": "Feature", "geometry": {"type": "LineString", "coordinates": [[-5.92032119, 54.60397975], [-5.92025683, 54.60395316]]}, "properties": {"DETAIL_ID": "CQ3.L15.W115", "USE_TYPE": "Wall", "LEVEL_ID": "CQ3.L15", "FACILITY_ID": "CQ3", "ELEVATION_RELATIVE": 59.6}}, {"type": "Feature", "geometry": {"type": "LineString", "coordinates": [[-5.9203876, 54.60392582], [-5.92034591, 54.60390859]]}, "properties": {"DETAIL_ID": "CQ3.L15.W116", "USE_TYPE": "Wall", "LEVEL_ID": "CQ3.L15", "FACILITY_ID": "CQ3", "ELEVATION_RELATIVE": 59.6}}, {"type": "Feature", "geometry": {"type": "LineString", "coordinates": [[-5.92038101, 54.60392646], [-5.92034317, 54.60391082]]}, "properties": {"DETAIL_ID": "CQ3.L15.W117", "USE_TYPE": "Wall", "LEVEL_ID": "CQ3.L15", "FACILITY_ID": "CQ3", "ELEVATION_RELATIVE": 59.6}}, {"type": "Feature", "geometry": {"type": "LineString", "coordinates": [[-5.92069669, 54.60405688], [-5.92065885, 54.60404124]]}, "properties": {"DETAIL_ID": "CQ3.L15.W118", "USE_TYPE": "Wall", "LEVEL_ID": "CQ3.L15", "FACILITY_ID": "CQ3", "ELEVATION_RELATIVE": 59.6}}, {"type": "Feature", "geometry": {"type": "LineString", "coordinates": [[-5.92069943, 54.60405465], [-5.92065774, 54.60403743]]}, "properties": {"DETAIL_ID": "CQ3.L15.W119", "USE_TYPE": "Wall", "LEVEL_ID": "CQ3.L15", "FACILITY_ID": "CQ3", "ELEVATION_RELATIVE": 59.6}}, {"type": "Feature", "geometry": {"type": "LineString", "coordinates": [[-5.92051307, 54.60405576], [-5.92048132, 54.60404264]]}, "properties": {"DETAIL_ID": "CQ3.L15.W120", "USE_TYPE": "Wall", "LEVEL_ID": "CQ3.L15", "FACILITY_ID": "CQ3", "ELEVATION_RELATIVE": 59.6}}, {"type": "Feature", "geometry": {"type": "LineString", "coordinates": [[-5.92056952, 54.60407908], [-5.92051681, 54.6040573]]}, "properties": {"DETAIL_ID": "CQ3.L15.W121", "USE_TYPE": "Wall", "LEVEL_ID": "CQ3.L15", "FACILITY_ID": "CQ3", "ELEVATION_RELATIVE": 59.6}}, {"type": "Feature", "geometry": {"type": "LineString", "coordinates": [[-5.92056685, 54.60408124], [-5.92047491, 54.60404326]]}, "properties": {"DETAIL_ID": "CQ3.L15.W122", "USE_TYPE": "Wall", "LEVEL_ID": "CQ3.L15", "FACILITY_ID": "CQ3", "ELEVATION_RELATIVE": 59.6}}, {"type": "Feature", "geometry": {"type": "LineString", "coordinates": [[-5.92040104, 54.60400947], [-5.92034834, 54.6039877]]}, "properties": {"DETAIL_ID": "CQ3.L15.W123", "USE_TYPE": "Wall", "LEVEL_ID": "CQ3.L15", "FACILITY_ID": "CQ3", "ELEVATION_RELATIVE": 59.6}}, {"type": "Feature", "geometry": {"type": "LineString", "coordinates": [[-5.92043653, 54.60402413], [-5.92040489, 54.60401106]]}, "properties": {"DETAIL_ID": "CQ3.L15.W124", "USE_TYPE": "Wall", "LEVEL_ID": "CQ3.L15", "FACILITY_ID": "CQ3", "ELEVATION_RELATIVE": 59.6}}, {"type": "Feature", "geometry": {"type": "LineString", "coordinates": [[-5.9204376, 54.60402785], [-5.92034567, 54.60398986]]}, "properties": {"DETAIL_ID": "CQ3.L15.W125", "USE_TYPE": "Wall", "LEVEL_ID": "CQ3.L15", "FACILITY_ID": "CQ3", "ELEVATION_RELATIVE": 59.6}}]}