{"type": "FeatureCollection", "name": "Units", "features": [{"type": "Feature", "geometry": {"type": "Polygon", "coordinates": [[[-5.91895453, 54.60473148], [-5.9189351, 54.60472345], [-5.91894007, 54.6047191], [-5.91893298, 54.60471618], [-5.9189275, 54.60472031], [-5.91891615, 54.60471562], [-5.918932, 54.60470275], [-5.91894338, 54.60470745], [-5.9189458, 54.6047058], [-5.91897255, 54.60471685], [-5.91895453, 54.60473148]]]}, "properties": {"UNIT_ID": "CQ3.00.74", "NAME": "Space 74", "USE_TYPE": "Parking", "LEVEL_ID": "CQ3.L00", "FACILITY_ID": "CQ3", "ELEVATION_RELATIVE": 0.0, "ELEVATION_ABSOLUTE": 3.5, "HEIGHT_RELATIVE": 5.0, "ROOM_NUMBER": "74", "AREA_PLAN_M2": 6.1, "AREA_MODEL_M2": 5.5, "AREA_DIFF_PCT": -9.8, "SOURCE_NOTE": "drawn"}}, {"type": "Feature", "geometry": {"type": "Polygon", "coordinates": [[[-5.91895453, 54.60473148], [-5.9189351, 54.60472345], [-5.91894007, 54.6047191], [-5.91893298, 54.60471618], [-5.9189275, 54.60472031], [-5.91891615, 54.60471562], [-5.918932, 54.60470275], [-5.91894338, 54.60470745], [-5.9189458, 54.6047058], [-5.91897255, 54.60471685], [-5.91895453, 54.60473148]]]}, "properties": {"UNIT_ID": "CQ3.00.74b", "NAME": "Space 74", "USE_TYPE": "Parking", "LEVEL_ID": "CQ3.L00", "FACILITY_ID": "CQ3", "ELEVATION_RELATIVE": 0.0, "ELEVATION_ABSOLUTE": 3.5, "HEIGHT_RELATIVE": 5.0, "ROOM_NUMBER": "74", "AREA_PLAN_M2": 6.1, "AREA_MODEL_M2": 5.5, "AREA_DIFF_PCT": -9.8, "SOURCE_NOTE": "drawn"}}, {"type": "Feature", "geometry": {"type": "Polygon", "coordinates": [[[-5.91914509, 54.60478373], [-5.91919462, 54.6047435], [-5.91922022, 54.60475408], [-5.91922047, 54.604754], [-5.91922027, 54.60475331], [-5.91923133, 54.60474432], [-5.91925557, 54.60475434], [-5.91919433, 54.60480407], [-5.91914509, 54.60478373]]]}, "properties": {"UNIT_ID": "CQ3.00.21", "NAME": "Operations Room", "USE_TYPE": "Support", "LEVEL_ID": "CQ3.L00", "FACILITY_ID": "CQ3", "ELEVATION_RELATIVE": 0.0, "ELEVATION_ABSOLUTE": 3.5, "HEIGHT_RELATIVE": 5.0, "ROOM_NUMBER": "00.21", "AREA_PLAN_M2": 23.8, "AREA_MODEL_M2": 23.9, "AREA_DIFF_PCT": 0.4, "SOURCE_NOTE": "drawn"}}, {"type": "Feature", "geometry": {"type": "Polygon", "coordinates": [[[-5.91917513, 54.60482306], [-5.9190923, 54.60478884], [-5.91911068, 54.60477392], [-5.91913979, 54.60478595], [-5.91914058, 54.60478562], [-5.9191561, 54.60479203], [-5.91915581, 54.60479257], [-5.91919351, 54.60480814], [-5.91917513, 54.60482306]]]}, "properties": {"UNIT_ID": "CQ3.00.47", "NAME": "Lobby", "USE_TYPE": "Circulation", "LEVEL_ID": "CQ3.L00", "FACILITY_ID": "CQ3", "ELEVATION_RELATIVE": 0.0, "ELEVATION_ABSOLUTE": 3.5, "HEIGHT_RELATIVE": 5.0, "ROOM_NUMBER": "00.47", "AREA_PLAN_M2": 13.0, "AREA_MODEL_M2": 13.5, "AREA_DIFF_PCT": 3.8, "SOURCE_NOTE": "drawn"}}, {"type": "Feature", "geometry": {"type": "Polygon", "coordinates": [[[-5.91932653, 54.60478057], [-5.91932414, 54.60477958], [-5.91932396, 54.60477818], [-5.91931717, 54.60477538], [-5.91931467, 54.60477631], [-5.91931464, 54.60477629], [-5.91931761, 54.60477388], [-5.91931751, 54.60477353], [-5.91931395, 54.60477206], [-5.91931272, 54.60477229], [-5.91931145, 54.60477332], [-5.9193108, 54.6047728], [-5.91930929, 54.60477344], [-5.91929799, 54.60476878], [-5.91931546, 54.60475459], [-5.919344, 54.60476638], [-5.9193358, 54.60477304], [-5.91933414, 54.60477301], [-5.91933484, 54.60477344], [-5.91933437, 54.60477431], [-5.91932443, 54.60477043], [-5.91932414, 54.60477055], [-5.91933354, 54.60477487], [-5.91933221, 54.60477595], [-5.91933002, 54.6047741], [-5.91932878, 54.60477422], [-5.9193249, 54.6047724], [-5.91932273, 54.60477249], [-5.9193214, 54.6047733], [-5.9193217, 54.60477504], [-5.91932832, 54.60477778], [-5.91932993, 54.60477781], [-5.91932653, 54.60478057]]]}, "properties": {"UNIT_ID": "CQ3.00.19", "NAME": "Dis W/C", "USE_TYPE": "Restroom - Accessible", "LEVEL_ID": "CQ3.L00", "FACILITY_ID": "CQ3", "ELEVATION_RELATIVE": 0.0, "ELEVATION_ABSOLUTE": 3.5, "HEIGHT_RELATIVE": 5.0, "ROOM_NUMBER": "00.19", "AREA_PLAN_M2": 4.4, "AREA_MODEL_M2": 3.9, "AREA_DIFF_PCT": -11.4, "SOURCE_NOTE": "drawn"}}, {"type": "Feature", "geometry": {"type": "Polygon", "coordinates": [[[-5.91921984, 54.60481615], [-5.91921605, 54.60481459], [-5.91922312, 54.60480884], [-5.91922292, 54.60480868], [-5.91921554, 54.60481438], [-5.91919888, 54.60480749], [-5.91920198, 54.60480497], [-5.91920155, 54.60480468], [-5.91919811, 54.60480717], [-5.91919534, 54.60480603], [-5.91925929, 54.60475411], [-5.91920795, 54.60473268], [-5.91922632, 54.60471776], [-5.91927811, 54.60473915], [-5.91928106, 54.60473706], [-5.91928332, 54.604738], [-5.91927914, 54.60474139], [-5.91927956, 54.60474168], [-5.91928409, 54.60473831], [-5.91930074, 54.6047452], [-5.91929259, 54.60475182], [-5.91929278, 54.60475198], [-5.91930125, 54.60474541], [-5.919303, 54.60474613], [-5.91930055, 54.60474843], [-5.91931294, 54.60475354], [-5.91931168, 54.60475457], [-5.91929948, 54.60474974], [-5.91929938, 54.60474993], [-5.91931132, 54.60475486], [-5.91929547, 54.60476773], [-5.91928469, 54.60476349], [-5.91921984, 54.60481615]]]}, "properties": {"UNIT_ID": "CQ3.00.20", "NAME": "F.F. Core", "USE_TYPE": "Firefighting Lobby", "LEVEL_ID": "CQ3.L00", "FACILITY_ID": "CQ3", "ELEVATION_RELATIVE": 0.0, "ELEVATION_ABSOLUTE": 3.5, "HEIGHT_RELATIVE": 5.0, "ROOM_NUMBER": "00.20", "AREA_PLAN_M2": 28.2, "AREA_MODEL_M2": 28.2, "AREA_DIFF_PCT": 0.0, "SOURCE_NOTE": "drawn"}}, {"type": "Feature", "geometry": {"type": "Polygon", "coordinates": [[[-5.91902755, 54.60473561], [-5.91897767, 54.60471455], [-5.9190272, 54.60467433], [-5.91907745, 54.60469509], [-5.91902755, 54.60473561]]]}, "properties": {"UNIT_ID": "CQ3.00.31", "NAME": "Staff Room", "USE_TYPE": "Support", "LEVEL_ID": "CQ3.L00", "FACILITY_ID": "CQ3", "ELEVATION_RELATIVE": 0.0, "ELEVATION_ABSOLUTE": 3.5, "HEIGHT_RELATIVE": 5.0, "ROOM_NUMBER": "00.31", "AREA_PLAN_M2": 21.9, "AREA_MODEL_M2": 22.0, "AREA_DIFF_PCT": 0.5, "SOURCE_NOTE": "drawn"}}, {"type": "Feature", "geometry": {"type": "Polygon", "coordinates": [[[-5.91910468, 54.60476703], [-5.91906857, 54.60475211], [-5.91915377, 54.60468293], [-5.91918988, 54.60469785], [-5.91910468, 54.60476703]]]}, "properties": {"UNIT_ID": "CQ3.00.27", "NAME": "Lift Lobby", "USE_TYPE": "Lift Lobby", "LEVEL_ID": "CQ3.L00", "FACILITY_ID": "CQ3", "ELEVATION_RELATIVE": 0.0, "ELEVATION_ABSOLUTE": 3.5, "HEIGHT_RELATIVE": 5.0, "ROOM_NUMBER": "00.27", "AREA_PLAN_M2": 26.9, "AREA_MODEL_M2": 27.1, "AREA_DIFF_PCT": 0.7, "SOURCE_NOTE": "drawn"}}, {"type": "Feature", "geometry": {"type": "Polygon", "coordinates": [[[-5.91900251, 54.6047513], [-5.91895706, 54.60473252], [-5.91897507, 54.6047179], [-5.91900418, 54.60472992], [-5.91900498, 54.60472959], [-5.91902107, 54.60473624], [-5.91900251, 54.6047513]]]}, "properties": {"UNIT_ID": "CQ3.00.43", "NAME": "Lobby", "USE_TYPE": "Circulation", "LEVEL_ID": "CQ3.L00", "FACILITY_ID": "CQ3", "ELEVATION_RELATIVE": 0.0, "ELEVATION_ABSOLUTE": 3.5, "HEIGHT_RELATIVE": 5.0, "ROOM_NUMBER": "00.43", "AREA_PLAN_M2": 7.3, "AREA_MODEL_M2": 7.3, "AREA_DIFF_PCT": 0.0, "SOURCE_NOTE": "drawn"}}, {"type": "Feature", "geometry": {"type": "Polygon", "coordinates": [[[-5.91933498, 54.6048891], [-5.91917513, 54.60482306], [-5.91919351, 54.60480814], [-5.91923922, 54.60482703], [-5.91924904, 54.60481939], [-5.91924951, 54.60481959], [-5.919241, 54.6048265], [-5.9192412, 54.60482666], [-5.91924931, 54.60482038], [-5.91926597, 54.60482727], [-5.91926233, 54.60483022], [-5.91926275, 54.60483051], [-5.91926751, 54.60482702], [-5.91926792, 54.60482719], [-5.91925865, 54.60483506], [-5.91935335, 54.60487418], [-5.91933498, 54.6048891]]]}, "properties": {"UNIT_ID": "CQ3.00.54", "NAME": "Corridor", "USE_TYPE": "Circulation", "LEVEL_ID": "CQ3.L00", "FACILITY_ID": "CQ3", "ELEVATION_RELATIVE": 0.0, "ELEVATION_ABSOLUTE": 3.5, "HEIGHT_RELATIVE": 5.0, "ROOM_NUMBER": "00.54", "AREA_PLAN_M2": 27.4, "AREA_MODEL_M2": 27.3, "AREA_DIFF_PCT": -0.4, "SOURCE_NOTE": "drawn"}}, {"type": "Feature", "geometry": {"type": "Polygon", "coordinates": [[[-5.91920814, 54.60486804], [-5.91916875, 54.60485176], [-5.91917019, 54.60485059], [-5.91918314, 54.60485594], [-5.91918341, 54.60485583], [-5.91917055, 54.6048503], [-5.91919252, 54.60483245], [-5.91923192, 54.60484873], [-5.91920814, 54.60486804]]]}, "properties": {"UNIT_ID": "CQ3.00.52", "NAME": "Data Room", "USE_TYPE": "Electrical / Data", "LEVEL_ID": "CQ3.L00", "FACILITY_ID": "CQ3", "ELEVATION_RELATIVE": 0.0, "ELEVATION_ABSOLUTE": 3.5, "HEIGHT_RELATIVE": 5.0, "ROOM_NUMBER": "00.52", "AREA_PLAN_M2": 8.2, "AREA_MODEL_M2": 8.2, "AREA_DIFF_PCT": 0.0, "SOURCE_NOTE": "drawn"}}, {"type": "Feature", "geometry": {"type": "Polygon", "coordinates": [[[-5.91916622, 54.60485072], [-5.91914955, 54.60484383], [-5.91917333, 54.60482452], [-5.9191751, 54.60482525], [-5.91916658, 54.60483217], [-5.91916678, 54.60483233], [-5.91917561, 54.60482547], [-5.91919, 54.60483141], [-5.91916622, 54.60485072]]]}, "properties": {"UNIT_ID": "CQ3.00.50", "NAME": "Lobby", "USE_TYPE": "Circulation", "LEVEL_ID": "CQ3.L00", "FACILITY_ID": "CQ3", "ELEVATION_RELATIVE": 0.0, "ELEVATION_ABSOLUTE": 3.5, "HEIGHT_RELATIVE": 5.0, "ROOM_NUMBER": "00.50", "AREA_PLAN_M2": 3.5, "AREA_MODEL_M2": 3.5, "AREA_DIFF_PCT": 0.0, "SOURCE_NOTE": "drawn"}}, {"type": "Feature", "geometry": {"type": "Polygon", "coordinates": [[[-5.91913458, 54.6048628], [-5.91908937, 54.60484413], [-5.91913314, 54.60480858], [-5.91917001, 54.60482382], [-5.91914497, 54.60484415], [-5.91915312, 54.60484774], [-5.91913458, 54.6048628]]]}, "properties": {"UNIT_ID": "CQ3.00.49", "NAME": "LV Electrical Room", "USE_TYPE": "Electrical / Data", "LEVEL_ID": "CQ3.L00", "FACILITY_ID": "CQ3", "ELEVATION_RELATIVE": 0.0, "ELEVATION_ABSOLUTE": 3.5, "HEIGHT_RELATIVE": 5.0, "ROOM_NUMBER": "00.49", "AREA_PLAN_M2": 15.8, "AREA_MODEL_M2": 15.6, "AREA_DIFF_PCT": -1.3, "SOURCE_NOTE": "drawn"}}, {"type": "Feature", "geometry": {"type": "Polygon", "coordinates": [[[-5.9191723, 54.60489714], [-5.91916722, 54.60489505], [-5.91916499, 54.60489655], [-5.91914054, 54.60488645], [-5.91914227, 54.60488474], [-5.91912179, 54.60487628], [-5.91915565, 54.60484878], [-5.91920616, 54.60486965], [-5.9191723, 54.60489714]]]}, "properties": {"UNIT_ID": "CQ3.00.51", "NAME": "NIE", "USE_TYPE": "Electrical / Data", "LEVEL_ID": "CQ3.L00", "FACILITY_ID": "CQ3", "ELEVATION_RELATIVE": 0.0, "ELEVATION_ABSOLUTE": 3.5, "HEIGHT_RELATIVE": 5.0, "ROOM_NUMBER": "00.51", "AREA_PLAN_M2": 15.5, "AREA_MODEL_M2": 15.5, "AREA_DIFF_PCT": 0.0, "SOURCE_NOTE": "drawn"}}, {"type": "Feature", "geometry": {"type": "Polygon", "coordinates": [[[-5.91891362, 54.60471458], [-5.91879469, 54.60466544], [-5.9188127, 54.60465081], [-5.91890588, 54.60468931], [-5.9189157, 54.60468168], [-5.91891612, 54.60468184], [-5.91891206, 54.60468552], [-5.91891227, 54.60468569], [-5.91891623, 54.60468277], [-5.91893289, 54.60468966], [-5.91892509, 54.60469599], [-5.9189253, 54.60469615], [-5.91893443, 54.6046894], [-5.91893487, 54.6046896], [-5.9189255, 54.6046972], [-5.91893163, 54.60469996], [-5.91891362, 54.60471458]]]}, "properties": {"UNIT_ID": "CQ3.00.42", "NAME": "Corridor", "USE_TYPE": "Circulation", "LEVEL_ID": "CQ3.L00", "FACILITY_ID": "CQ3", "ELEVATION_RELATIVE": 0.0, "ELEVATION_ABSOLUTE": 3.5, "HEIGHT_RELATIVE": 5.0, "ROOM_NUMBER": "00.42", "AREA_PLAN_M2": 20.5, "AREA_MODEL_M2": 20.3, "AREA_DIFF_PCT": -1.0, "SOURCE_NOTE": "drawn"}}, {"type": "Feature", "geometry": {"type": "Polygon", "coordinates": [[[-5.91892811, 54.6046431], [-5.91885942, 54.60461473], [-5.91887205, 54.60460447], [-5.91886945, 54.60460318], [-5.91888239, 54.60459267], [-5.91888535, 54.60459368], [-5.91889706, 54.60458416], [-5.91890349, 54.6045866], [-5.91890373, 54.60458624], [-5.9189014, 54.60458528], [-5.9189041, 54.60458309], [-5.918969, 54.6046099], [-5.91892811, 54.6046431]]]}, "properties": {"UNIT_ID": "CQ3.00.40", "NAME": "Plant Area", "USE_TYPE": "Mechanical", "LEVEL_ID": "CQ3.L00", "FACILITY_ID": "CQ3", "ELEVATION_RELATIVE": 0.0, "ELEVATION_ABSOLUTE": 3.5, "HEIGHT_RELATIVE": 5.0, "ROOM_NUMBER": "00.40", "AREA_PLAN_M2": 24.8, "AREA_MODEL_M2": 24.9, "AREA_DIFF_PCT": 0.4, "SOURCE_NOTE": "drawn"}}, {"type": "Feature", "geometry": {"type": "Polygon", "coordinates": [[[-5.91888524, 54.60467792], [-5.91882034, 54.6046511], [-5.91882304, 54.60464891], [-5.91882537, 54.60464987], [-5.91882587, 54.60464962], [-5.9188198, 54.6046469], [-5.91883153, 54.60463738], [-5.91882969, 54.6046364], [-5.91884279, 54.60462576], [-5.91884499, 54.60462644], [-5.91885744, 54.60461633], [-5.91892613, 54.60464471], [-5.91888524, 54.60467792]]]}, "properties": {"UNIT_ID": "CQ3.00.41", "NAME": "Telecomms Intake Room", "USE_TYPE": "Electrical / Data", "LEVEL_ID": "CQ3.L00", "FACILITY_ID": "CQ3", "ELEVATION_RELATIVE": 0.0, "ELEVATION_ABSOLUTE": 3.5, "HEIGHT_RELATIVE": 5.0, "ROOM_NUMBER": "00.41", "AREA_PLAN_M2": 24.8, "AREA_MODEL_M2": 24.8, "AREA_DIFF_PCT": 0.0, "SOURCE_NOTE": "drawn"}}, {"type": "Feature", "geometry": {"type": "Polygon", "coordinates": [[[-5.91894733, 54.60470268], [-5.9190028, 54.60465763], [-5.91896518, 54.60464209], [-5.9189097, 54.60468714], [-5.91894733, 54.60470268]]]}, "properties": {"UNIT_ID": "CQ3.00.36", "NAME": "Stair 2", "USE_TYPE": "Stairs", "LEVEL_ID": "CQ3.L00", "FACILITY_ID": "CQ3", "ELEVATION_RELATIVE": 0.0, "ELEVATION_ABSOLUTE": 3.5, "HEIGHT_RELATIVE": 5.0, "ROOM_NUMBER": "00.36", "AREA_PLAN_M2": 18.1, "AREA_MODEL_M2": 18.4, "AREA_DIFF_PCT": 1.7, "SOURCE_NOTE": "drawn"}}, {"type": "Feature", "geometry": {"type": "Polygon", "coordinates": [[[-5.91914043, 54.60478224], [-5.91910862, 54.6047691], [-5.91913473, 54.60474789], [-5.91916655, 54.60476104], [-5.91914043, 54.60478224]]]}, "properties": {"UNIT_ID": "CQ3.00.24", "NAME": "Lift 1", "USE_TYPE": "Elevator", "LEVEL_ID": "CQ3.L00", "FACILITY_ID": "CQ3", "ELEVATION_RELATIVE": 0.0, "ELEVATION_ABSOLUTE": 3.5, "HEIGHT_RELATIVE": 5.0, "ROOM_NUMBER": "00.24", "AREA_PLAN_M2": 7.3, "AREA_MODEL_M2": 7.3, "AREA_DIFF_PCT": 0.0, "SOURCE_NOTE": "drawn"}}, {"type": "Feature", "geometry": {"type": "Polygon", "coordinates": [[[-5.91916835, 54.60475957], [-5.91913654, 54.60474643], [-5.91916283, 54.60472507], [-5.91919465, 54.60473822], [-5.91916835, 54.60475957]]]}, "properties": {"UNIT_ID": "CQ3.00.25", "NAME": "Lift 2", "USE_TYPE": "Elevator", "LEVEL_ID": "CQ3.L00", "FACILITY_ID": "CQ3", "ELEVATION_RELATIVE": 0.0, "ELEVATION_ABSOLUTE": 3.5, "HEIGHT_RELATIVE": 5.0, "ROOM_NUMBER": "00.25", "AREA_PLAN_M2": 7.3, "AREA_MODEL_M2": 7.4, "AREA_DIFF_PCT": 1.4, "SOURCE_NOTE": "drawn"}}, {"type": "Feature", "geometry": {"type": "Polygon", "coordinates": [[[-5.91919645, 54.60473676], [-5.91916463, 54.60472361], [-5.91919075, 54.6047024], [-5.91922257, 54.60471555], [-5.91919645, 54.60473676]]]}, "properties": {"UNIT_ID": "CQ3.00.26", "NAME": "Lift 3 (FF)", "USE_TYPE": "Elevator", "LEVEL_ID": "CQ3.L00", "FACILITY_ID": "CQ3", "ELEVATION_RELATIVE": 0.0, "ELEVATION_ABSOLUTE": 3.5, "HEIGHT_RELATIVE": 5.0, "ROOM_NUMBER": "00.26", "AREA_PLAN_M2": 7.3, "AREA_MODEL_M2": 7.3, "AREA_DIFF_PCT": 0.0, "SOURCE_NOTE": "drawn"}}, {"type": "Feature", "geometry": {"type": "Polygon", "coordinates": [[[-5.91909184, 54.60472796], [-5.91906002, 54.60471482], [-5.91908632, 54.60469346], [-5.91911814, 54.60470661], [-5.91909184, 54.60472796]]]}, "properties": {"UNIT_ID": "CQ3.00.29", "NAME": "Lift 5", "USE_TYPE": "Elevator", "LEVEL_ID": "CQ3.L00", "FACILITY_ID": "CQ3", "ELEVATION_RELATIVE": 0.0, "ELEVATION_ABSOLUTE": 3.5, "HEIGHT_RELATIVE": 5.0, "ROOM_NUMBER": "00.29", "AREA_PLAN_M2": 7.3, "AREA_MODEL_M2": 7.4, "AREA_DIFF_PCT": 1.4, "SOURCE_NOTE": "drawn"}}, {"type": "Feature", "geometry": {"type": "Polygon", "coordinates": [[[-5.91911994, 54.60470514], [-5.91908812, 54.604692], [-5.91911424, 54.60467079], [-5.91914606, 54.60468394], [-5.91911994, 54.60470514]]]}, "properties": {"UNIT_ID": "CQ3.00.30", "NAME": "Lift 6 (FF)", "USE_TYPE": "Elevator", "LEVEL_ID": "CQ3.L00", "FACILITY_ID": "CQ3", "ELEVATION_RELATIVE": 0.0, "ELEVATION_ABSOLUTE": 3.5, "HEIGHT_RELATIVE": 5.0, "ROOM_NUMBER": "00.30", "AREA_PLAN_M2": 7.3, "AREA_MODEL_M2": 7.3, "AREA_DIFF_PCT": 0.0, "SOURCE_NOTE": "drawn"}}, {"type": "Feature", "geometry": {"type": "Polygon", "coordinates": [[[-5.91906392, 54.60475063], [-5.9190321, 54.60473749], [-5.91905822, 54.60471628], [-5.91909004, 54.60472942], [-5.91906392, 54.60475063]]]}, "properties": {"UNIT_ID": "CQ3.00.28", "NAME": "Lift 4", "USE_TYPE": "Elevator", "LEVEL_ID": "CQ3.L00", "FACILITY_ID": "CQ3", "ELEVATION_RELATIVE": 0.0, "ELEVATION_ABSOLUTE": 3.5, "HEIGHT_RELATIVE": 5.0, "ROOM_NUMBER": "00.28", "AREA_PLAN_M2": 7.3, "AREA_MODEL_M2": 7.3, "AREA_DIFF_PCT": 0.0, "SOURCE_NOTE": "drawn"}}, {"type": "Feature", "geometry": {"type": "Polygon", "coordinates": [[[-5.91927204, 54.60493835], [-5.91925636, 54.60493188], [-5.91925413, 54.60493338], [-5.91920291, 54.60491222], [-5.91920464, 54.60491051], [-5.91917507, 54.60489829], [-5.91923415, 54.60485032], [-5.91933112, 54.60489038], [-5.91927204, 54.60493835]]]}, "properties": {"UNIT_ID": "CQ3.00.53", "NAME": "HV Switchboard", "USE_TYPE": "Electrical / Data", "LEVEL_ID": "CQ3.L00", "FACILITY_ID": "CQ3", "ELEVATION_RELATIVE": 0.0, "ELEVATION_ABSOLUTE": 3.5, "HEIGHT_RELATIVE": 5.0, "ROOM_NUMBER": "00.53", "AREA_PLAN_M2": 51.3, "AREA_MODEL_M2": 51.3, "AREA_DIFF_PCT": 0.0, "SOURCE_NOTE": "drawn"}}, {"type": "Feature", "geometry": {"type": "Polygon", "coordinates": [[[-5.91941597, 54.60479611], [-5.91939616, 54.6048122], [-5.91937671, 54.60480417], [-5.9193832, 54.6047989], [-5.91938512, 54.6047997], [-5.91938696, 54.60479962], [-5.91938676, 54.60479941], [-5.91938915, 54.60479747], [-5.91938955, 54.60479751], [-5.91938909, 54.60479648], [-5.91938716, 54.60479568], [-5.91939851, 54.60478647], [-5.9194106, 54.60479146], [-5.91940815, 54.60479409], [-5.9194091, 54.60479592], [-5.91941073, 54.60479659], [-5.91941221, 54.6047968], [-5.91941597, 54.60479611]]]}, "properties": {"UNIT_ID": "CQ3.00.12", "NAME": "M WC", "USE_TYPE": "Restroom - Male", "LEVEL_ID": "CQ3.L00", "FACILITY_ID": "CQ3", "ELEVATION_RELATIVE": 0.0, "ELEVATION_ABSOLUTE": 3.5, "HEIGHT_RELATIVE": 5.0, "ROOM_NUMBER": "00.12", "AREA_PLAN_M2": 3.7, "AREA_MODEL_M2": 3.4, "AREA_DIFF_PCT": -8.1, "SOURCE_NOTE": "drawn"}}, {"type": "Feature", "geometry": {"type": "Polygon", "coordinates": [[[-5.91935418, 54.60487166], [-5.91935064, 54.6048702], [-5.91935335, 54.604868], [-5.91935537, 54.60486884], [-5.91935591, 54.6048684], [-5.91935136, 54.60486652], [-5.91935082, 54.60486696], [-5.91935284, 54.60486779], [-5.91935014, 54.60486999], [-5.91928549, 54.60484328], [-5.91932638, 54.60481008], [-5.91939507, 54.60483845], [-5.91935418, 54.60487166]]]}, "properties": {"UNIT_ID": "CQ3.00.15", "NAME": "LV Switchboard", "USE_TYPE": "Electrical / Data", "LEVEL_ID": "CQ3.L00", "FACILITY_ID": "CQ3", "ELEVATION_RELATIVE": 0.0, "ELEVATION_ABSOLUTE": 3.5, "HEIGHT_RELATIVE": 5.0, "ROOM_NUMBER": "00.15", "AREA_PLAN_M2": 24.4, "AREA_MODEL_M2": 24.7, "AREA_DIFF_PCT": 1.2, "SOURCE_NOTE": "drawn"}}, {"type": "Feature", "geometry": {"type": "Polygon", "coordinates": [[[-5.91894756, 54.60465114], [-5.9189324, 54.60464488], [-5.91897257, 54.60461226], [-5.91898772, 54.60461852], [-5.91894756, 54.60465114]]]}, "properties": {"UNIT_ID": "CQ3.00.39", "NAME": "Service", "USE_TYPE": "Mechanical", "LEVEL_ID": "CQ3.L00", "FACILITY_ID": "CQ3", "ELEVATION_RELATIVE": 0.0, "ELEVATION_ABSOLUTE": 3.5, "HEIGHT_RELATIVE": 5.0, "ROOM_NUMBER": "00.39", "AREA_PLAN_M2": 5.4, "AREA_MODEL_M2": 5.4, "AREA_DIFF_PCT": 0.0, "SOURCE_NOTE": "drawn"}}, {"type": "Feature", "geometry": {"type": "Polygon", "coordinates": [[[-5.91890559, 54.60468522], [-5.91889043, 54.60467896], [-5.9189306, 54.60464634], [-5.91894575, 54.6046526], [-5.91890559, 54.60468522]]]}, "properties": {"UNIT_ID": "CQ3.00.38", "NAME": "Service", "USE_TYPE": "Mechanical", "LEVEL_ID": "CQ3.L00", "FACILITY_ID": "CQ3", "ELEVATION_RELATIVE": 0.0, "ELEVATION_ABSOLUTE": 3.5, "HEIGHT_RELATIVE": 5.0, "ROOM_NUMBER": "00.38", "AREA_PLAN_M2": 5.4, "AREA_MODEL_M2": 5.4, "AREA_DIFF_PCT": 0.0, "SOURCE_NOTE": "drawn"}}, {"type": "Feature", "geometry": {"type": "Polygon", "coordinates": [[[-5.91928185, 54.60484067], [-5.9192667, 54.60483441], [-5.91930686, 54.60480179], [-5.91932202, 54.60480805], [-5.91928185, 54.60484067]]]}, "properties": {"UNIT_ID": "CQ3.00.16", "NAME": "Service", "USE_TYPE": "Mechanical", "LEVEL_ID": "CQ3.L00", "FACILITY_ID": "CQ3", "ELEVATION_RELATIVE": 0.0, "ELEVATION_ABSOLUTE": 3.5, "HEIGHT_RELATIVE": 5.0, "ROOM_NUMBER": "00.16", "AREA_PLAN_M2": 5.4, "AREA_MODEL_M2": 5.4, "AREA_DIFF_PCT": 0.0, "SOURCE_NOTE": "drawn"}}, {"type": "Feature", "geometry": {"type": "Polygon", "coordinates": [[[-5.91932382, 54.60480659], [-5.91930867, 54.60480033], [-5.91934883, 54.60476771], [-5.91936398, 54.60477397], [-5.91932382, 54.60480659]]]}, "properties": {"UNIT_ID": "CQ3.00.17", "NAME": "Service", "USE_TYPE": "Mechanical", "LEVEL_ID": "CQ3.L00", "FACILITY_ID": "CQ3", "ELEVATION_RELATIVE": 0.0, "ELEVATION_ABSOLUTE": 3.5, "HEIGHT_RELATIVE": 5.0, "ROOM_NUMBER": "00.17", "AREA_PLAN_M2": 5.4, "AREA_MODEL_M2": 5.4, "AREA_DIFF_PCT": 0.0, "SOURCE_NOTE": "drawn"}}, {"type": "Feature", "geometry": {"type": "Polygon", "coordinates": [[[-5.9192202, 54.60475274], [-5.91920555, 54.60474669], [-5.919216, 54.60473821], [-5.91923064, 54.60474426], [-5.9192202, 54.60475274]]]}, "properties": {"UNIT_ID": "CQ3.00.22", "NAME": "Smk Vnt", "USE_TYPE": "Mechanical", "LEVEL_ID": "CQ3.L00", "FACILITY_ID": "CQ3", "ELEVATION_RELATIVE": 0.0, "ELEVATION_ABSOLUTE": 3.5, "HEIGHT_RELATIVE": 5.0, "ROOM_NUMBER": "00.22", "AREA_PLAN_M2": 1.4, "AREA_MODEL_M2": 1.3, "AREA_DIFF_PCT": -7.1, "SOURCE_NOTE": "drawn"}}, {"type": "Feature", "geometry": {"type": "Polygon", "coordinates": [[[-5.9192031, 54.6047459], [-5.91919476, 54.60474246], [-5.91920557, 54.60473368], [-5.91921391, 54.60473712], [-5.9192031, 54.6047459]]]}, "properties": {"UNIT_ID": "CQ3.00.23", "NAME": "WR", "USE_TYPE": "Mechanical", "LEVEL_ID": "CQ3.L00", "FACILITY_ID": "CQ3", "ELEVATION_RELATIVE": 0.0, "ELEVATION_ABSOLUTE": 3.5, "HEIGHT_RELATIVE": 5.0, "ROOM_NUMBER": "00.23", "AREA_PLAN_M2": 0.8, "AREA_MODEL_M2": 0.8, "AREA_DIFF_PCT": 0.0, "SOURCE_NOTE": "drawn"}}, {"type": "Feature", "geometry": {"type": "Polygon", "coordinates": [[[-5.91905303, 54.60468368], [-5.91902828, 54.60467345], [-5.91903801, 54.60466556], [-5.91906275, 54.60467578], [-5.91905303, 54.60468368]]]}, "properties": {"UNIT_ID": "CQ3.00.34", "NAME": "Clnr Str", "USE_TYPE": "Janitor", "LEVEL_ID": "CQ3.L00", "FACILITY_ID": "CQ3", "ELEVATION_RELATIVE": 0.0, "ELEVATION_ABSOLUTE": 3.5, "HEIGHT_RELATIVE": 5.0, "ROOM_NUMBER": "00.34", "AREA_PLAN_M2": 2.1, "AREA_MODEL_M2": 2.1, "AREA_DIFF_PCT": 0.0, "SOURCE_NOTE": "drawn"}}, {"type": "Feature", "geometry": {"type": "Polygon", "coordinates": [[[-5.91906868, 54.60469015], [-5.91905454, 54.6046843], [-5.91906499, 54.60467582], [-5.91907913, 54.60468166], [-5.91906868, 54.60469015]]]}, "properties": {"UNIT_ID": "CQ3.00.33", "NAME": "Space 00.33", "USE_TYPE": "Unassigned", "LEVEL_ID": "CQ3.L00", "FACILITY_ID": "CQ3", "ELEVATION_RELATIVE": 0.0, "ELEVATION_ABSOLUTE": 3.5, "HEIGHT_RELATIVE": 5.0, "ROOM_NUMBER": "00.33", "AREA_PLAN_M2": 1.3, "AREA_MODEL_M2": 1.3, "AREA_DIFF_PCT": 0.0, "SOURCE_NOTE": "drawn"}}, {"type": "Feature", "geometry": {"type": "Polygon", "coordinates": [[[-5.91907929, 54.60469453], [-5.91907096, 54.60469109], [-5.91908176, 54.60468231], [-5.9190901, 54.60468575], [-5.91907929, 54.60469453]]]}, "properties": {"UNIT_ID": "CQ3.00.32", "NAME": "Space 00.32", "USE_TYPE": "Unassigned", "LEVEL_ID": "CQ3.L00", "FACILITY_ID": "CQ3", "ELEVATION_RELATIVE": 0.0, "ELEVATION_ABSOLUTE": 3.5, "HEIGHT_RELATIVE": 5.0, "ROOM_NUMBER": "00.32", "AREA_PLAN_M2": 0.8, "AREA_MODEL_M2": 0.8, "AREA_DIFF_PCT": 0.0, "SOURCE_NOTE": "drawn"}}, {"type": "Feature", "geometry": {"type": "Polygon", "coordinates": [[[-5.91894124, 54.60480168], [-5.91892101, 54.60479333], [-5.91891878, 54.60479483], [-5.91889433, 54.60478473], [-5.91889606, 54.60478301], [-5.91889125, 54.60478103], [-5.91889424, 54.60477829], [-5.91889143, 54.60477713], [-5.91888794, 54.60477966], [-5.91884525, 54.60476203], [-5.91884302, 54.60476353], [-5.91881857, 54.60475343], [-5.9188203, 54.60475172], [-5.91881549, 54.60474973], [-5.91881848, 54.60474699], [-5.91881568, 54.60474583], [-5.91881218, 54.60474836], [-5.91873948, 54.60471833], [-5.91874247, 54.60471559], [-5.91873766, 54.6047136], [-5.91879368, 54.60466811], [-5.9190005, 54.60475356], [-5.91894124, 54.60480168]]]}, "properties": {"UNIT_ID": "CQ3.00.44", "NAME": "Space 00.44", "USE_TYPE": "Unassigned", "LEVEL_ID": "CQ3.L00", "FACILITY_ID": "CQ3", "ELEVATION_RELATIVE": 0.0, "ELEVATION_ABSOLUTE": 3.5, "HEIGHT_RELATIVE": 5.0, "ROOM_NUMBER": "00.44", "AREA_PLAN_M2": 108.9, "AREA_MODEL_M2": 108.3, "AREA_DIFF_PCT": -0.6, "SOURCE_NOTE": "drawn"}}, {"type": "Feature", "geometry": {"type": "Polygon", "coordinates": [[[-5.91907129, 54.60485541], [-5.9190599, 54.60485071], [-5.91905767, 54.60485221], [-5.91903951, 54.60484471], [-5.91904236, 54.6048424], [-5.9190438, 54.60484277], [-5.91904583, 54.60484113], [-5.91904294, 54.60483974], [-5.91903945, 54.60484226], [-5.91903088, 54.60483872], [-5.91908996, 54.60479074], [-5.91913037, 54.60480744], [-5.91907129, 54.60485541]]]}, "properties": {"UNIT_ID": "CQ3.00.46", "NAME": "Space 00.46", "USE_TYPE": "Unassigned", "LEVEL_ID": "CQ3.L00", "FACILITY_ID": "CQ3", "ELEVATION_RELATIVE": 0.0, "ELEVATION_ABSOLUTE": 3.5, "HEIGHT_RELATIVE": 5.0, "ROOM_NUMBER": "00.46", "AREA_PLAN_M2": 21.2, "AREA_MODEL_M2": 21.2, "AREA_DIFF_PCT": 0.0, "SOURCE_NOTE": "drawn"}}, {"type": "Feature", "geometry": {"type": "Polygon", "coordinates": [[[-5.91941939, 54.6048218], [-5.91939868, 54.60481324], [-5.91940517, 54.60480798], [-5.91940685, 54.60480868], [-5.91940891, 54.60480867], [-5.91940873, 54.60480849], [-5.91941112, 54.60480655], [-5.91941152, 54.60480659], [-5.91941106, 54.60480556], [-5.91940913, 54.60480476], [-5.91941848, 54.60479717], [-5.91941866, 54.60479966], [-5.91942081, 54.60480075], [-5.91942451, 54.60480063], [-5.91942756, 54.60479847], [-5.91943183, 54.60480024], [-5.91942776, 54.60480385], [-5.91943686, 54.60480761], [-5.91941939, 54.6048218]]]}, "properties": {"UNIT_ID": "CQ3.00.11", "NAME": "F WC", "USE_TYPE": "Restroom - Female", "LEVEL_ID": "CQ3.L00", "FACILITY_ID": "CQ3", "ELEVATION_RELATIVE": 0.0, "ELEVATION_ABSOLUTE": 3.5, "HEIGHT_RELATIVE": 5.0, "ROOM_NUMBER": "00.11", "AREA_PLAN_M2": 3.6, "AREA_MODEL_M2": 3.3, "AREA_DIFF_PCT": -8.3, "SOURCE_NOTE": "drawn"}}, {"type": "Feature", "geometry": {"type": "Polygon", "coordinates": [[[-5.91894964, 54.60470606], [-5.91901575, 54.60465238], [-5.91900962, 54.60464962], [-5.91901051, 54.6046489], [-5.9190227, 54.60465394], [-5.91902297, 54.60465382], [-5.91901087, 54.6046486], [-5.91902708, 54.60463544], [-5.91903493, 54.60463868], [-5.91903788, 54.60463659], [-5.91903913, 54.60463711], [-5.91903098, 54.60464372], [-5.9190314, 54.60464401], [-5.91903989, 54.60463742], [-5.91905654, 54.6046443], [-5.91905253, 54.60464786], [-5.91905286, 54.60464792], [-5.91905706, 54.60464452], [-5.91906007, 54.60464576], [-5.91905762, 54.60464806], [-5.91910915, 54.60466935], [-5.91909006, 54.60468485], [-5.9190446, 54.60466607], [-5.91905361, 54.60465876], [-5.91905285, 54.60465845], [-5.91904385, 54.60466576], [-5.91903736, 54.60466329], [-5.91897287, 54.60471566], [-5.91897009, 54.60471452], [-5.91897446, 54.60471096], [-5.91897426, 54.6047108], [-5.91896958, 54.6047143], [-5.91895292, 54.60470742], [-5.91896124, 54.60470066], [-5.91896082, 54.60470038], [-5.91895216, 54.60470711], [-5.91894964, 54.60470606]]]}, "properties": {"UNIT_ID": "CQ3.00.35", "NAME": "F.F. Core", "USE_TYPE": "Firefighting Lobby", "LEVEL_ID": "CQ3.L00", "FACILITY_ID": "CQ3", "ELEVATION_RELATIVE": 0.0, "ELEVATION_ABSOLUTE": 3.5, "HEIGHT_RELATIVE": 5.0, "ROOM_NUMBER": "00.35", "AREA_PLAN_M2": 27.5, "AREA_MODEL_M2": 27.2, "AREA_DIFF_PCT": -1.1, "SOURCE_NOTE": "drawn"}}, {"type": "Feature", "geometry": {"type": "Polygon", "coordinates": [[[-5.91912252, 54.60487259], [-5.9191183, 54.60487107], [-5.91911523, 54.60487356], [-5.91911, 54.60487162], [-5.91910621, 54.6048747], [-5.91908148, 54.60486448], [-5.91908519, 54.60486115], [-5.91907406, 54.60485656], [-5.91908739, 54.60484574], [-5.91913259, 54.60486441], [-5.91912252, 54.60487259]]]}, "properties": {"UNIT_ID": "CQ3.00.72", "NAME": "TELECOMS ROOM.", "USE_TYPE": "Electrical / Data", "LEVEL_ID": "CQ3.L00", "FACILITY_ID": "CQ3", "ELEVATION_RELATIVE": 0.0, "ELEVATION_ABSOLUTE": 3.5, "HEIGHT_RELATIVE": 5.0, "ROOM_NUMBER": "72", "AREA_PLAN_M2": 5.8, "AREA_MODEL_M2": 6.1, "AREA_DIFF_PCT": 5.2, "SOURCE_NOTE": "drawn"}}, {"type": "Feature", "geometry": {"type": "Polygon", "coordinates": [[[-5.91897426, 54.60463502], [-5.91899173, 54.60462084], [-5.91902456, 54.6046344], [-5.91900708, 54.60464859], [-5.91897426, 54.60463502]]]}, "properties": {"UNIT_ID": "CQ3.00.75", "NAME": "Space 75", "USE_TYPE": "Parking", "LEVEL_ID": "CQ3.L00", "FACILITY_ID": "CQ3", "ELEVATION_RELATIVE": 0.0, "ELEVATION_ABSOLUTE": 3.5, "HEIGHT_RELATIVE": 5.0, "ROOM_NUMBER": "75", "AREA_PLAN_M2": 5.1, "AREA_MODEL_M2": 5.0, "AREA_DIFF_PCT": -2.0, "SOURCE_NOTE": "drawn"}}, {"type": "Feature", "geometry": {"type": "Polygon", "coordinates": [[[-5.91926298, 54.6048331], [-5.91931846, 54.60478805], [-5.91928083, 54.6047725], [-5.91922536, 54.60481755], [-5.91926298, 54.6048331]]]}, "properties": {"UNIT_ID": "CQ3.00.18", "NAME": "Stair 1", "USE_TYPE": "Stairs", "LEVEL_ID": "CQ3.L00", "FACILITY_ID": "CQ3", "ELEVATION_RELATIVE": 0.0, "ELEVATION_ABSOLUTE": 3.5, "HEIGHT_RELATIVE": 5.0, "ROOM_NUMBER": "00.18", "AREA_PLAN_M2": 18.0, "AREA_MODEL_M2": 18.4, "AREA_DIFF_PCT": 2.2, "SOURCE_NOTE": "drawn"}}, {"type": "Feature", "geometry": {"type": "Polygon", "coordinates": [[[-5.91902836, 54.60483767], [-5.91902227, 54.60483516], [-5.91902004, 54.60483667], [-5.91897286, 54.60481717], [-5.91897459, 54.60481546], [-5.91896674, 54.60481222], [-5.91896982, 54.60480972], [-5.91896718, 54.60480844], [-5.9189637, 54.60481096], [-5.91894401, 54.60480283], [-5.91902435, 54.60473759], [-5.91910869, 54.60477244], [-5.91909518, 54.60478341], [-5.91907648, 54.60477568], [-5.91907446, 54.60477706], [-5.9190932, 54.60478502], [-5.91902836, 54.60483767]]]}, "properties": {"UNIT_ID": "CQ3.00.45", "NAME": "Refuse Store (size tbc)", "USE_TYPE": "Refuse Store", "LEVEL_ID": "CQ3.L00", "FACILITY_ID": "CQ3", "ELEVATION_RELATIVE": 0.0, "ELEVATION_ABSOLUTE": 3.5, "HEIGHT_RELATIVE": 5.0, "ROOM_NUMBER": "00.45", "AREA_PLAN_M2": 60.1, "AREA_MODEL_M2": 60.0, "AREA_DIFF_PCT": -0.2, "SOURCE_NOTE": "drawn"}}, {"type": "Feature", "geometry": {"type": "Polygon", "coordinates": [[[-5.91948938, 54.6048154], [-5.91945131, 54.6047999], [-5.91944239, 54.60480714], [-5.91943304, 54.60480327], [-5.91943711, 54.60479966], [-5.91942336, 54.60479398], [-5.91942588, 54.60479193], [-5.91942204, 54.60479264], [-5.91942189, 54.60479053], [-5.91941957, 54.60479241], [-5.9193976, 54.60478334], [-5.9193713, 54.60480469], [-5.91942042, 54.60482498], [-5.91940313, 54.60483903], [-5.91932724, 54.60480767], [-5.91936939, 54.60477345], [-5.91934793, 54.60476458], [-5.91934739, 54.60476502], [-5.91930575, 54.60474782], [-5.9193082, 54.60474552], [-5.91928036, 54.60473402], [-5.91927741, 54.60473611], [-5.91922744, 54.60471546], [-5.91922798, 54.60471502], [-5.91919187, 54.6047001], [-5.91919529, 54.60469732], [-5.91915287, 54.6046798], [-5.91914944, 54.60468258], [-5.91911333, 54.60466766], [-5.91911279, 54.6046681], [-5.91906283, 54.60464745], [-5.91906527, 54.60464515], [-5.91903718, 54.60463355], [-5.91903422, 54.60463564], [-5.91899259, 54.60461843], [-5.91899313, 54.604618], [-5.91897369, 54.60460996], [-5.91897441, 54.60460938], [-5.9189032, 54.60457996], [-5.91889997, 54.60458258], [-5.91889607, 54.6045811], [-5.91889567, 54.60458143], [-5.91888365, 54.60457618], [-5.91889778, 54.60456438], [-5.91889806, 54.60456448], [-5.91897371, 54.60450305], [-5.91913482, 54.60456961], [-5.91915615, 54.6045526], [-5.91916928, 54.60455803], [-5.9191655, 54.6045611], [-5.91916986, 54.60456313], [-5.919153, 54.60457712], [-5.91923886, 54.6046126], [-5.91923227, 54.60461826], [-5.91929363, 54.60464361], [-5.91929734, 54.60464184], [-5.91930581, 54.60464004], [-5.91932364, 54.6046474], [-5.91932407, 54.604652], [-5.91932217, 54.6046554], [-5.91933151, 54.60465926], [-5.91933522, 54.60465748], [-5.91934369, 54.60465569], [-5.91936152, 54.60466305], [-5.91936195, 54.60466765], [-5.91936005, 54.60467105], [-5.91956358, 54.60475514], [-5.91948938, 54.6048154]]]}, "properties": {"UNIT_ID": "CQ3.00.U44", "NAME": "Entrance and reception", "USE_TYPE": "Reception", "LEVEL_ID": "CQ3.L00", "FACILITY_ID": "CQ3", "ELEVATION_RELATIVE": 0.0, "ELEVATION_ABSOLUTE": 3.5, "HEIGHT_RELATIVE": 5.0, "ROOM_NUMBER": "x", "AREA_PLAN_M2": null, "AREA_MODEL_M2": 457.7, "AREA_DIFF_PCT": null, "SOURCE_NOTE": "drawn"}}, {"type": "Feature", "geometry": {"type": "Polygon", "coordinates": [[[-5.9191049, 54.60476778], [-5.91918686, 54.60470123], [-5.91914974, 54.6046859], [-5.91906778, 54.60475245], [-5.9191049, 54.60476778]]]}, "properties": {"UNIT_ID": "CQ3.01.13", "NAME": "Lift Lobby", "USE_TYPE": "Lift Lobby", "LEVEL_ID": "CQ3.L01", "FACILITY_ID": "CQ3", "ELEVATION_RELATIVE": 5.0, "ELEVATION_ABSOLUTE": 8.5, "HEIGHT_RELATIVE": 3.9, "ROOM_NUMBER": "01.13", "AREA_PLAN_M2": 27.0, "AREA_MODEL_M2": 26.8, "AREA_DIFF_PCT": -0.7, "SOURCE_NOTE": "drawn"}}, {"type": "Feature", "geometry": {"type": "Polygon", "coordinates": [[[-5.91902867, 54.60473563], [-5.91902514, 54.60473417], [-5.91907165, 54.6046961], [-5.91907164, 54.6046961], [-5.91902489, 54.60473406], [-5.91897691, 54.60471424], [-5.91901631, 54.60468224], [-5.91901658, 54.6046823], [-5.91901639, 54.60468218], [-5.91902662, 54.60467387], [-5.91907821, 54.60469541], [-5.91902867, 54.60473563]], [[-5.91898514, 54.60471653], [-5.91901313, 54.60469411], [-5.91900749, 54.60469157], [-5.9189795, 54.604714], [-5.91898514, 54.60471653]]]}, "properties": {"UNIT_ID": "CQ3.01.17", "NAME": "Male WC", "USE_TYPE": "Restroom - Male", "LEVEL_ID": "CQ3.L01", "FACILITY_ID": "CQ3", "ELEVATION_RELATIVE": 5.0, "ELEVATION_ABSOLUTE": 8.5, "HEIGHT_RELATIVE": 3.9, "ROOM_NUMBER": "01.17", "AREA_PLAN_M2": 20.3, "AREA_MODEL_M2": 21.1, "AREA_DIFF_PCT": 3.9, "SOURCE_NOTE": "drawn"}}, {"type": "Feature", "geometry": {"type": "Polygon", "coordinates": [[[-5.91895038, 54.60470546], [-5.91901575, 54.60465238], [-5.91900381, 54.60464723], [-5.91900878, 54.60464288], [-5.91901031, 54.60464199], [-5.91901318, 54.60464294], [-5.91901838, 54.60464358], [-5.91902329, 54.60464323], [-5.91902878, 54.60464181], [-5.91903278, 54.60463914], [-5.91901917, 54.6046344], [-5.9190213, 54.60463306], [-5.91903367, 54.60463816], [-5.91903587, 54.60463668], [-5.91903814, 54.60463732], [-5.9190334, 54.60464055], [-5.91903362, 54.60464072], [-5.91903888, 54.60463767], [-5.9190444, 54.60463995], [-5.91904299, 54.60464109], [-5.91904176, 54.6046436], [-5.9190424, 54.60464733], [-5.91904576, 54.60465066], [-5.91904847, 54.60465178], [-5.91905581, 54.60464489], [-5.91905783, 54.60464572], [-5.9190561, 54.60464743], [-5.91910915, 54.60466935], [-5.91908916, 54.60468558], [-5.91908872, 54.60468541], [-5.91909262, 54.60468186], [-5.9190926, 54.60468184], [-5.91908886, 54.60468458], [-5.9190419, 54.60466518], [-5.91905001, 54.6046586], [-5.9190495, 54.60465839], [-5.91904138, 54.60466498], [-5.91903785, 54.60466329], [-5.91903701, 54.60466327], [-5.91897361, 54.60471506], [-5.91897058, 54.60471408], [-5.91897959, 54.60470802], [-5.9189779, 54.60470693], [-5.91897486, 54.6047061], [-5.91897152, 54.6047058], [-5.91896702, 54.60470611], [-5.91896354, 54.60470682], [-5.91895897, 54.60470926], [-5.9189535, 54.604707], [-5.91895659, 54.60470327], [-5.91895623, 54.60470321], [-5.9189527, 54.6047067], [-5.91895038, 54.60470546]]]}, "properties": {"UNIT_ID": "CQ3.01.21", "NAME": "FF Core", "USE_TYPE": "Firefighting Lobby", "LEVEL_ID": "CQ3.L01", "FACILITY_ID": "CQ3", "ELEVATION_RELATIVE": 5.0, "ELEVATION_ABSOLUTE": 8.5, "HEIGHT_RELATIVE": 3.9, "ROOM_NUMBER": "01.21", "AREA_PLAN_M2": 28.3, "AREA_MODEL_M2": 25.8, "AREA_DIFF_PCT": -8.8, "SOURCE_NOTE": "drawn"}}, {"type": "Feature", "geometry": {"type": "Polygon", "coordinates": [[[-5.91906067, 54.60467778], [-5.91905553, 54.60467586], [-5.91905558, 54.60467604], [-5.91905143, 54.6046794], [-5.91905075, 54.60467934], [-5.91904798, 54.60468159], [-5.91902601, 54.60467251], [-5.91903735, 54.6046633], [-5.91906463, 54.60467457], [-5.91906067, 54.60467778]]]}, "properties": {"UNIT_ID": "CQ3.01.20", "NAME": "Clnr Str", "USE_TYPE": "Janitor", "LEVEL_ID": "CQ3.L01", "FACILITY_ID": "CQ3", "ELEVATION_RELATIVE": 5.0, "ELEVATION_ABSOLUTE": 8.5, "HEIGHT_RELATIVE": 3.9, "ROOM_NUMBER": "01.20", "AREA_PLAN_M2": 2.3, "AREA_MODEL_M2": 2.4, "AREA_DIFF_PCT": 4.3, "SOURCE_NOTE": "drawn"}}, {"type": "Feature", "geometry": {"type": "Polygon", "coordinates": [[[-5.91894733, 54.60470268], [-5.91900821, 54.60465324], [-5.91897058, 54.6046377], [-5.9189097, 54.60468714], [-5.91894733, 54.60470268]]]}, "properties": {"UNIT_ID": "CQ3.01.22", "NAME": "Stair 2", "USE_TYPE": "Stairs", "LEVEL_ID": "CQ3.L01", "FACILITY_ID": "CQ3", "ELEVATION_RELATIVE": 5.0, "ELEVATION_ABSOLUTE": 8.5, "HEIGHT_RELATIVE": 3.9, "ROOM_NUMBER": "01.22", "AREA_PLAN_M2": 19.4, "AREA_MODEL_M2": 20.1, "AREA_DIFF_PCT": 3.6, "SOURCE_NOTE": "drawn"}}, {"type": "Feature", "geometry": {"type": "Polygon", "coordinates": [[[-5.91902216, 54.60464346], [-5.91901592, 54.6046434], [-5.91901031, 54.60464194], [-5.91900624, 54.60464493], [-5.9189762, 54.60463252], [-5.91899097, 54.60462052], [-5.91903036, 54.6046368], [-5.91902216, 54.60464346]]]}, "properties": {"UNIT_ID": "CQ3.01.23", "NAME": "Dis WC", "USE_TYPE": "Restroom - Accessible", "LEVEL_ID": "CQ3.L01", "FACILITY_ID": "CQ3", "ELEVATION_RELATIVE": 5.0, "ELEVATION_ABSOLUTE": 8.5, "HEIGHT_RELATIVE": 3.9, "ROOM_NUMBER": "01.23", "AREA_PLAN_M2": 4.3, "AREA_MODEL_M2": 4.7, "AREA_DIFF_PCT": 9.3, "SOURCE_NOTE": "drawn"}}, {"type": "Feature", "geometry": {"type": "Polygon", "coordinates": [[[-5.91894756, 54.60465114], [-5.9189324, 54.60464488], [-5.91897257, 54.60461226], [-5.91898772, 54.60461852], [-5.91894756, 54.60465114]]]}, "properties": {"UNIT_ID": "CQ3.01.25", "NAME": "Service", "USE_TYPE": "Mechanical", "LEVEL_ID": "CQ3.L01", "FACILITY_ID": "CQ3", "ELEVATION_RELATIVE": 5.0, "ELEVATION_ABSOLUTE": 8.5, "HEIGHT_RELATIVE": 3.9, "ROOM_NUMBER": "01.25", "AREA_PLAN_M2": 5.4, "AREA_MODEL_M2": 5.4, "AREA_DIFF_PCT": 0.0, "SOURCE_NOTE": "drawn"}}, {"type": "Feature", "geometry": {"type": "Polygon", "coordinates": [[[-5.91890559, 54.60468522], [-5.91889044, 54.60467896], [-5.9189306, 54.60464634], [-5.91894575, 54.6046526], [-5.91890559, 54.60468522]]]}, "properties": {"UNIT_ID": "CQ3.01.24", "NAME": "Service", "USE_TYPE": "Mechanical", "LEVEL_ID": "CQ3.L01", "FACILITY_ID": "CQ3", "ELEVATION_RELATIVE": 5.0, "ELEVATION_ABSOLUTE": 8.5, "HEIGHT_RELATIVE": 3.9, "ROOM_NUMBER": "01.24", "AREA_PLAN_M2": 5.4, "AREA_MODEL_M2": 5.4, "AREA_DIFF_PCT": 0.0, "SOURCE_NOTE": "drawn"}}, {"type": "Feature", "geometry": {"type": "Polygon", "coordinates": [[[-5.91928185, 54.60484067], [-5.9192667, 54.60483441], [-5.91930686, 54.60480179], [-5.91932202, 54.60480805], [-5.91928185, 54.60484067]]]}, "properties": {"UNIT_ID": "CQ3.01.01", "NAME": "Service", "USE_TYPE": "Mechanical", "LEVEL_ID": "CQ3.L01", "FACILITY_ID": "CQ3", "ELEVATION_RELATIVE": 5.0, "ELEVATION_ABSOLUTE": 8.5, "HEIGHT_RELATIVE": 3.9, "ROOM_NUMBER": "01.01", "AREA_PLAN_M2": 5.4, "AREA_MODEL_M2": 5.4, "AREA_DIFF_PCT": 0.0, "SOURCE_NOTE": "drawn"}}, {"type": "Feature", "geometry": {"type": "Polygon", "coordinates": [[[-5.91932382, 54.60480659], [-5.91930867, 54.60480033], [-5.91934883, 54.60476771], [-5.91936399, 54.60477397], [-5.91932382, 54.60480659]]]}, "properties": {"UNIT_ID": "CQ3.01.02", "NAME": "Service", "USE_TYPE": "Mechanical", "LEVEL_ID": "CQ3.L01", "FACILITY_ID": "CQ3", "ELEVATION_RELATIVE": 5.0, "ELEVATION_ABSOLUTE": 8.5, "HEIGHT_RELATIVE": 3.9, "ROOM_NUMBER": "01.02", "AREA_PLAN_M2": 5.4, "AREA_MODEL_M2": 5.4, "AREA_DIFF_PCT": 0.0, "SOURCE_NOTE": "drawn"}}, {"type": "Feature", "geometry": {"type": "Polygon", "coordinates": [[[-5.9192202, 54.60475274], [-5.91920454, 54.60474628], [-5.91921499, 54.60473779], [-5.91921726, 54.60473873], [-5.91921019, 54.60474448], [-5.91921039, 54.60474464], [-5.91921777, 54.60473894], [-5.91923065, 54.60474426], [-5.9192202, 54.60475274]]]}, "properties": {"UNIT_ID": "CQ3.01.08", "NAME": "Smk Vnt", "USE_TYPE": "Mechanical", "LEVEL_ID": "CQ3.L01", "FACILITY_ID": "CQ3", "ELEVATION_RELATIVE": 5.0, "ELEVATION_ABSOLUTE": 8.5, "HEIGHT_RELATIVE": 3.9, "ROOM_NUMBER": "01.08", "AREA_PLAN_M2": 1.5, "AREA_MODEL_M2": 1.4, "AREA_DIFF_PCT": -6.7, "SOURCE_NOTE": "drawn"}}, {"type": "Feature", "geometry": {"type": "Polygon", "coordinates": [[[-5.91920277, 54.60474555], [-5.91919495, 54.60474231], [-5.91920539, 54.60473383], [-5.91921322, 54.60473706], [-5.91920277, 54.60474555]]]}, "properties": {"UNIT_ID": "CQ3.01.09", "NAME": "WR", "USE_TYPE": "Mechanical", "LEVEL_ID": "CQ3.L01", "FACILITY_ID": "CQ3", "ELEVATION_RELATIVE": 5.0, "ELEVATION_ABSOLUTE": 8.5, "HEIGHT_RELATIVE": 3.9, "ROOM_NUMBER": "01.09", "AREA_PLAN_M2": 0.7, "AREA_MODEL_M2": 0.7, "AREA_DIFF_PCT": 0.0, "SOURCE_NOTE": "drawn"}}, {"type": "Feature", "geometry": {"type": "Polygon", "coordinates": [[[-5.91926298, 54.6048331], [-5.91932386, 54.60478366], [-5.91928624, 54.60476811], [-5.91922536, 54.60481755], [-5.91926298, 54.6048331]]]}, "properties": {"UNIT_ID": "CQ3.01.03", "NAME": "Stair 1", "USE_TYPE": "Stairs", "LEVEL_ID": "CQ3.L01", "FACILITY_ID": "CQ3", "ELEVATION_RELATIVE": 5.0, "ELEVATION_ABSOLUTE": 8.5, "HEIGHT_RELATIVE": 3.9, "ROOM_NUMBER": "01.03", "AREA_PLAN_M2": 19.4, "AREA_MODEL_M2": 20.1, "AREA_DIFF_PCT": 3.6, "SOURCE_NOTE": "drawn"}}, {"type": "Feature", "geometry": {"type": "Polygon", "coordinates": [[[-5.91921932, 54.60481658], [-5.91921629, 54.6048156], [-5.91922529, 54.60480953], [-5.91922362, 54.60480846], [-5.9192172, 54.60480731], [-5.91921272, 54.60480762], [-5.91920925, 54.60480834], [-5.91920468, 54.60481077], [-5.9191992, 54.60480851], [-5.91920253, 54.60480488], [-5.91920219, 54.60480482], [-5.91919867, 54.60480832], [-5.91919608, 54.60480698], [-5.91925981, 54.60475554], [-5.91925942, 54.60475483], [-5.91920832, 54.60473394], [-5.91921161, 54.60473096], [-5.91921127, 54.6047309], [-5.91920677, 54.60473418], [-5.91920633, 54.60473399], [-5.91922632, 54.60471776], [-5.91927938, 54.60473968], [-5.91928159, 54.60473819], [-5.9192841, 54.60473894], [-5.91927936, 54.60474216], [-5.91927957, 54.60474233], [-5.91928458, 54.60473918], [-5.9192901, 54.60474146], [-5.91928869, 54.60474261], [-5.91928746, 54.60474511], [-5.9192881, 54.60474884], [-5.91929147, 54.60475218], [-5.91929417, 54.60475329], [-5.91930152, 54.6047464], [-5.91930354, 54.60474723], [-5.91930181, 54.60474895], [-5.91931547, 54.60475459], [-5.919298, 54.60476877], [-5.91928469, 54.60476349], [-5.91921932, 54.60481658]]]}, "properties": {"UNIT_ID": "CQ3.01.06", "NAME": "FF Core", "USE_TYPE": "Firefighting Lobby", "LEVEL_ID": "CQ3.L01", "FACILITY_ID": "CQ3", "ELEVATION_RELATIVE": 5.0, "ELEVATION_ABSOLUTE": 8.5, "HEIGHT_RELATIVE": 3.9, "ROOM_NUMBER": "01.06", "AREA_PLAN_M2": 28.4, "AREA_MODEL_M2": 26.9, "AREA_DIFF_PCT": -5.3, "SOURCE_NOTE": "drawn"}}, {"type": "Feature", "geometry": {"type": "Polygon", "coordinates": [[[-5.91932667, 54.60478107], [-5.91929915, 54.60476969], [-5.91930833, 54.60476223], [-5.91933586, 54.60477361], [-5.91932667, 54.60478107]]]}, "properties": {"UNIT_ID": "CQ3.01.04", "NAME": "WC Supply", "USE_TYPE": "Mechanical", "LEVEL_ID": "CQ3.L01", "FACILITY_ID": "CQ3", "ELEVATION_RELATIVE": 5.0, "ELEVATION_ABSOLUTE": 8.5, "HEIGHT_RELATIVE": 3.9, "ROOM_NUMBER": "01.04", "AREA_PLAN_M2": 2.2, "AREA_MODEL_M2": 2.2, "AREA_DIFF_PCT": 0.0, "SOURCE_NOTE": "drawn"}}, {"type": "Feature", "geometry": {"type": "Polygon", "coordinates": [[[-5.91933586, 54.60477361], [-5.91930833, 54.60476223], [-5.91931752, 54.60475478], [-5.91934505, 54.60476615], [-5.91933586, 54.60477361]]]}, "properties": {"UNIT_ID": "CQ3.01.05", "NAME": "WC Extract", "USE_TYPE": "Mechanical", "LEVEL_ID": "CQ3.L01", "FACILITY_ID": "CQ3", "ELEVATION_RELATIVE": 5.0, "ELEVATION_ABSOLUTE": 8.5, "HEIGHT_RELATIVE": 3.9, "ROOM_NUMBER": "01.05", "AREA_PLAN_M2": 2.2, "AREA_MODEL_M2": 2.2, "AREA_DIFF_PCT": 0.0, "SOURCE_NOTE": "drawn"}}, {"type": "Feature", "geometry": {"type": "Polygon", "coordinates": [[[-5.91906995, 54.60469067], [-5.91905404, 54.6046841], [-5.91906448, 54.60467561], [-5.91907762, 54.60468104], [-5.91907052, 54.6046868], [-5.91907053, 54.6046868], [-5.91907787, 54.60468114], [-5.91908039, 54.60468218], [-5.91906995, 54.60469067]]]}, "properties": {"UNIT_ID": "CQ3.01.19", "NAME": "Smk Vnt", "USE_TYPE": "Mechanical", "LEVEL_ID": "CQ3.L01", "FACILITY_ID": "CQ3", "ELEVATION_RELATIVE": 5.0, "ELEVATION_ABSOLUTE": 8.5, "HEIGHT_RELATIVE": 3.9, "ROOM_NUMBER": "01.19", "AREA_PLAN_M2": 1.5, "AREA_MODEL_M2": 1.5, "AREA_DIFF_PCT": 0.0, "SOURCE_NOTE": "drawn"}}, {"type": "Feature", "geometry": {"type": "Polygon", "coordinates": [[[-5.91907929, 54.60469453], [-5.91907146, 54.60469129], [-5.91908191, 54.60468281], [-5.91908974, 54.60468604], [-5.91907929, 54.60469453]]]}, "properties": {"UNIT_ID": "CQ3.01.18", "NAME": "WR", "USE_TYPE": "Mechanical", "LEVEL_ID": "CQ3.L01", "FACILITY_ID": "CQ3", "ELEVATION_RELATIVE": 5.0, "ELEVATION_ABSOLUTE": 8.5, "HEIGHT_RELATIVE": 3.9, "ROOM_NUMBER": "01.18", "AREA_PLAN_M2": 0.7, "AREA_MODEL_M2": 0.7, "AREA_DIFF_PCT": 0.0, "SOURCE_NOTE": "drawn"}}, {"type": "Feature", "geometry": {"type": "Polygon", "coordinates": [[[-5.91914043, 54.60478224], [-5.91910862, 54.6047691], [-5.91913473, 54.60474789], [-5.91916655, 54.60476104], [-5.91914043, 54.60478224]]]}, "properties": {"UNIT_ID": "CQ3.01.10", "NAME": "Lift 1", "USE_TYPE": "Elevator", "LEVEL_ID": "CQ3.L01", "FACILITY_ID": "CQ3", "ELEVATION_RELATIVE": 5.0, "ELEVATION_ABSOLUTE": 8.5, "HEIGHT_RELATIVE": 3.9, "ROOM_NUMBER": "01.10", "AREA_PLAN_M2": 7.3, "AREA_MODEL_M2": 7.3, "AREA_DIFF_PCT": 0.0, "SOURCE_NOTE": "drawn"}}, {"type": "Feature", "geometry": {"type": "Polygon", "coordinates": [[[-5.91916835, 54.60475957], [-5.91913654, 54.60474643], [-5.91916283, 54.60472507], [-5.91919465, 54.60473822], [-5.91916835, 54.60475957]]]}, "properties": {"UNIT_ID": "CQ3.01.11", "NAME": "Lift 2", "USE_TYPE": "Elevator", "LEVEL_ID": "CQ3.L01", "FACILITY_ID": "CQ3", "ELEVATION_RELATIVE": 5.0, "ELEVATION_ABSOLUTE": 8.5, "HEIGHT_RELATIVE": 3.9, "ROOM_NUMBER": "01.11", "AREA_PLAN_M2": 7.3, "AREA_MODEL_M2": 7.4, "AREA_DIFF_PCT": 1.4, "SOURCE_NOTE": "drawn"}}, {"type": "Feature", "geometry": {"type": "Polygon", "coordinates": [[[-5.91919645, 54.60473676], [-5.91916464, 54.60472361], [-5.91917167, 54.6047179], [-5.91916806, 54.60471618], [-5.91917975, 54.6047067], [-5.91918372, 54.60470812], [-5.91919075, 54.6047024], [-5.91922257, 54.60471555], [-5.91919645, 54.60473676]]]}, "properties": {"UNIT_ID": "CQ3.01.12", "NAME": "Lift 3 (FF)", "USE_TYPE": "Elevator", "LEVEL_ID": "CQ3.L01", "FACILITY_ID": "CQ3", "ELEVATION_RELATIVE": 5.0, "ELEVATION_ABSOLUTE": 8.5, "HEIGHT_RELATIVE": 3.9, "ROOM_NUMBER": "01.12", "AREA_PLAN_M2": 7.3, "AREA_MODEL_M2": 7.7, "AREA_DIFF_PCT": 5.5, "SOURCE_NOTE": "drawn"}}, {"type": "Feature", "geometry": {"type": "Polygon", "coordinates": [[[-5.91909184, 54.60472796], [-5.91906002, 54.60471482], [-5.91908632, 54.60469346], [-5.91911814, 54.60470661], [-5.91909184, 54.60472796]]]}, "properties": {"UNIT_ID": "CQ3.01.15", "NAME": "Lift 5", "USE_TYPE": "Elevator", "LEVEL_ID": "CQ3.L01", "FACILITY_ID": "CQ3", "ELEVATION_RELATIVE": 5.0, "ELEVATION_ABSOLUTE": 8.5, "HEIGHT_RELATIVE": 3.9, "ROOM_NUMBER": "01.15", "AREA_PLAN_M2": 7.3, "AREA_MODEL_M2": 7.4, "AREA_DIFF_PCT": 1.4, "SOURCE_NOTE": "drawn"}}, {"type": "Feature", "geometry": {"type": "Polygon", "coordinates": [[[-5.91911994, 54.60470514], [-5.91908812, 54.604692], [-5.91911424, 54.60467079], [-5.91914606, 54.60468393], [-5.91913902, 54.60468965], [-5.91914237, 54.60469126], [-5.91913069, 54.60470074], [-5.91912698, 54.60469943], [-5.91911994, 54.60470514]]]}, "properties": {"UNIT_ID": "CQ3.01.16", "NAME": "Lift 6 (FF)", "USE_TYPE": "Elevator", "LEVEL_ID": "CQ3.L01", "FACILITY_ID": "CQ3", "ELEVATION_RELATIVE": 5.0, "ELEVATION_ABSOLUTE": 8.5, "HEIGHT_RELATIVE": 3.9, "ROOM_NUMBER": "01.16", "AREA_PLAN_M2": 7.3, "AREA_MODEL_M2": 7.7, "AREA_DIFF_PCT": 5.5, "SOURCE_NOTE": "drawn"}}, {"type": "Feature", "geometry": {"type": "Polygon", "coordinates": [[[-5.91919578, 54.60480599], [-5.91925767, 54.60475542], [-5.91925741, 54.60475532], [-5.91924716, 54.60476364], [-5.91924691, 54.60476356], [-5.91924713, 54.60476367], [-5.91919635, 54.6048049], [-5.91914837, 54.60478508], [-5.91919791, 54.60474486], [-5.91922022, 54.60475408], [-5.91922047, 54.604754], [-5.91922017, 54.60475295], [-5.91919502, 54.60474256], [-5.91920583, 54.60473379], [-5.91923097, 54.60474418], [-5.91923227, 54.60474405], [-5.91925983, 54.60475521], [-5.91924837, 54.60476452], [-5.91924768, 54.60476446], [-5.91919628, 54.6048062], [-5.91919578, 54.60480599]], [[-5.91919549, 54.60480344], [-5.91923699, 54.60477005], [-5.91923135, 54.60476751], [-5.91918985, 54.6048009], [-5.91919549, 54.60480344]]]}, "properties": {"UNIT_ID": "CQ3.01.07", "NAME": "Female WC", "USE_TYPE": "Restroom - Female", "LEVEL_ID": "CQ3.L01", "FACILITY_ID": "CQ3", "ELEVATION_RELATIVE": 5.0, "ELEVATION_ABSOLUTE": 8.5, "HEIGHT_RELATIVE": 3.9, "ROOM_NUMBER": "01.07", "AREA_PLAN_M2": 23.4, "AREA_MODEL_M2": 24.5, "AREA_DIFF_PCT": 4.7, "SOURCE_NOTE": "drawn"}}, {"type": "Feature", "geometry": {"type": "Polygon", "coordinates": [[[-5.91906392, 54.60475063], [-5.9190321, 54.60473749], [-5.91905822, 54.60471628], [-5.91909004, 54.60472942], [-5.91906392, 54.60475063]]]}, "properties": {"UNIT_ID": "CQ3.01.14", "NAME": "Lift 4", "USE_TYPE": "Elevator", "LEVEL_ID": "CQ3.L01", "FACILITY_ID": "CQ3", "ELEVATION_RELATIVE": 5.0, "ELEVATION_ABSOLUTE": 8.5, "HEIGHT_RELATIVE": 3.9, "ROOM_NUMBER": "01.14", "AREA_PLAN_M2": 7.3, "AREA_MODEL_M2": 7.3, "AREA_DIFF_PCT": 0.0, "SOURCE_NOTE": "drawn"}}, {"type": "Feature", "geometry": {"type": "Polygon", "coordinates": [[[-5.91927259, 54.60494101], [-5.91872966, 54.6047167], [-5.91881324, 54.60464883], [-5.91882209, 54.60465248], [-5.91882592, 54.60464965], [-5.91881702, 54.60464575], [-5.91889429, 54.60458301], [-5.91890314, 54.60458666], [-5.91890716, 54.60458368], [-5.9188891, 54.60457578], [-5.91897465, 54.60450631], [-5.91923348, 54.60461324], [-5.91922707, 54.60461876], [-5.91949452, 54.60472926], [-5.91949676, 54.60472775], [-5.91956012, 54.60475393], [-5.91948825, 54.60481229], [-5.91945062, 54.60479674], [-5.91944118, 54.60480409], [-5.91943218, 54.6048006], [-5.91942862, 54.60480377], [-5.91943722, 54.60480732], [-5.91935995, 54.60487007], [-5.91935135, 54.60486651], [-5.91934751, 54.60486935], [-5.91935616, 54.60487314], [-5.91927259, 54.60494101]], [[-5.91930294, 54.60484211], [-5.91930362, 54.60484155], [-5.91930409, 54.60483932], [-5.91931227, 54.60483267], [-5.9193171, 54.60483092], [-5.91932153, 54.60482732], [-5.91932283, 54.6048241], [-5.91933102, 54.60481745], [-5.91933452, 54.60481647], [-5.91934065, 54.60481179], [-5.91934162, 54.60481071], [-5.91934209, 54.60480846], [-5.91935011, 54.60480195], [-5.91935361, 54.60480096], [-5.91935939, 54.60479658], [-5.91936036, 54.60479549], [-5.91936082, 54.60479325], [-5.91936884, 54.60478673], [-5.91937174, 54.60478594], [-5.91937316, 54.60478504], [-5.91936202, 54.60478022], [-5.91937023, 54.60477324], [-5.91930582, 54.60474663], [-5.9192989, 54.60475194], [-5.91928741, 54.60474719], [-5.91928756, 54.60474447], [-5.9192899, 54.60474138], [-5.9192813, 54.60473783], [-5.91928213, 54.60473684], [-5.91918991, 54.60469874], [-5.91918084, 54.60470581], [-5.91916917, 54.60470099], [-5.91916846, 54.60470022], [-5.9191671, 54.60469629], [-5.91916795, 54.60469371], [-5.9191687, 54.60469284], [-5.91916823, 54.60469315], [-5.91916454, 54.60469456], [-5.91915664, 54.60469533], [-5.91915514, 54.60469519], [-5.91914347, 54.60469037], [-5.91915205, 54.6046831], [-5.91906011, 54.60464511], [-5.91905708, 54.60464727], [-5.9190558, 54.6046474], [-5.91905317, 54.60464953], [-5.91904165, 54.60464477], [-5.91904215, 54.6046424], [-5.91904419, 54.60463986], [-5.9190356, 54.60463631], [-5.91903642, 54.60463533], [-5.91897173, 54.6046086], [-5.91896464, 54.60461405], [-5.9189531, 54.60460951], [-5.91895133, 54.60461094], [-5.91895033, 54.60461362], [-5.91894215, 54.60462026], [-5.91893793, 54.60462182], [-5.9189326, 54.60462616], [-5.91893141, 54.60462898], [-5.91892342, 54.60463547], [-5.9189192, 54.60463704], [-5.9189135, 54.60464166], [-5.91891232, 54.60464448], [-5.91890414, 54.60465112], [-5.9189001, 54.60465254], [-5.91889459, 54.60465702], [-5.91889359, 54.60465969], [-5.91888541, 54.60466633], [-5.91888137, 54.60466775], [-5.91887942, 54.60466934], [-5.9188906, 54.60467417], [-5.91888419, 54.60467969], [-5.91894813, 54.6047061], [-5.91894929, 54.60470548], [-5.91895863, 54.60470934], [-5.91896372, 54.60470672], [-5.9189675, 54.60470594], [-5.91897899, 54.60471069], [-5.91897345, 54.60471519], [-5.918973, 54.60471638], [-5.91906451, 54.60475418], [-5.91907358, 54.60474712], [-5.919085, 54.60475184], [-5.91908636, 54.60475332], [-5.91908729, 54.60475731], [-5.91908512, 54.60476059], [-5.9190878, 54.6047591], [-5.91909095, 54.60475813], [-5.91909736, 54.60475764], [-5.91909953, 54.60475784], [-5.91911095, 54.60476256], [-5.91910237, 54.60476983], [-5.91919384, 54.60480762], [-5.91919499, 54.60480699], [-5.91920434, 54.60481085], [-5.91920943, 54.60480823], [-5.91921321, 54.60480745], [-5.9192247, 54.6048122], [-5.91921915, 54.60481671], [-5.91921871, 54.60481789], [-5.91928269, 54.60484433], [-5.9192914, 54.60483756], [-5.91930294, 54.60484211]]]}, "properties": {"UNIT_ID": "CQ3.01.26", "NAME": "Office", "USE_TYPE": "Office", "LEVEL_ID": "CQ3.L01", "FACILITY_ID": "CQ3", "ELEVATION_RELATIVE": 5.0, "ELEVATION_ABSOLUTE": 8.5, "HEIGHT_RELATIVE": 3.9, "ROOM_NUMBER": "01.26", "AREA_PLAN_M2": 920.5, "AREA_MODEL_M2": 915.7, "AREA_DIFF_PCT": -0.5, "SOURCE_NOTE": "drawn"}}, {"type": "Feature", "geometry": {"type": "Polygon", "coordinates": [[[-5.91930584, 54.60497217], [-5.91929732, 54.60496887], [-5.91929137, 54.60497371], [-5.91924845, 54.60495597], [-5.9192544, 54.60495114], [-5.91924976, 54.60494902], [-5.91924339, 54.60495388], [-5.91917294, 54.60492477], [-5.91917889, 54.60491994], [-5.919174, 54.60491772], [-5.91916763, 54.60492258], [-5.91909718, 54.60489347], [-5.91910314, 54.60488864], [-5.91909824, 54.60488642], [-5.91909187, 54.60489128], [-5.91902117, 54.60486207], [-5.91902713, 54.60485724], [-5.91902248, 54.60485512], [-5.91901612, 54.60485998], [-5.91894567, 54.60483088], [-5.91895162, 54.60482604], [-5.91894673, 54.60482382], [-5.91894036, 54.60482868], [-5.91886991, 54.60479958], [-5.91887586, 54.60479474], [-5.91887097, 54.60479252], [-5.9188646, 54.60479738], [-5.9187939, 54.60476817], [-5.91879985, 54.60476334], [-5.91879521, 54.60476122], [-5.91878884, 54.60476608], [-5.9187184, 54.60473698], [-5.91872435, 54.60473215], [-5.91871945, 54.60472992], [-5.91871309, 54.60473479], [-5.91867042, 54.60471716], [-5.91867637, 54.60471233], [-5.91866821, 54.60470874], [-5.91876601, 54.60462932], [-5.91877411, 54.60463266], [-5.91877794, 54.60462983], [-5.9187698, 54.60462624], [-5.91877916, 54.60461864], [-5.91882657, 54.60463801], [-5.91888475, 54.60459076], [-5.91883771, 54.6045711], [-5.91884707, 54.6045635], [-5.91885516, 54.60456684], [-5.91885918, 54.60456386], [-5.91885104, 54.60456028], [-5.91894884, 54.60448086], [-5.91895735, 54.60448416], [-5.91896312, 54.60447947], [-5.91900579, 54.6044971], [-5.9190001, 54.60450203], [-5.91900533, 54.60450398], [-5.9190111, 54.6044993], [-5.91908155, 54.60452841], [-5.91907578, 54.60453309], [-5.91908042, 54.60453521], [-5.91908661, 54.6045305], [-5.91911285, 54.60454133], [-5.91911094, 54.60454319], [-5.91915514, 54.60456146], [-5.91915161, 54.60456463], [-5.91915642, 54.60456662], [-5.91916262, 54.6045619], [-5.91923307, 54.604591], [-5.9192273, 54.60459569], [-5.91923219, 54.60459791], [-5.91923838, 54.6045932], [-5.91930882, 54.6046223], [-5.91930305, 54.60462699], [-5.91930769, 54.60462911], [-5.91931388, 54.60462439], [-5.91938458, 54.6046536], [-5.91937881, 54.60465829], [-5.9193837, 54.60466051], [-5.91938989, 54.6046558], [-5.91946034, 54.6046849], [-5.91945457, 54.60468959], [-5.91945946, 54.60469181], [-5.91946565, 54.6046871], [-5.9195361, 54.6047162], [-5.91953032, 54.60472089], [-5.91953497, 54.60472301], [-5.91954115, 54.60471829], [-5.91958407, 54.60473602], [-5.91957838, 54.60474095], [-5.91958647, 54.60474429], [-5.91948866, 54.60482372], [-5.91948057, 54.60482037], [-5.91947655, 54.60482335], [-5.91948469, 54.60482694], [-5.91947533, 54.60483454], [-5.91942768, 54.60481507], [-5.91936949, 54.60486232], [-5.91941679, 54.60488208], [-5.91940742, 54.60488968], [-5.91939933, 54.60488634], [-5.91939549, 54.60488917], [-5.91940363, 54.60489276], [-5.91930584, 54.60497217]], [[-5.91890354, 54.60458662], [-5.9189071, 54.60458345], [-5.91890188, 54.6045815], [-5.91889833, 54.60458467], [-5.91890354, 54.60458662]], [[-5.91882249, 54.60465244], [-5.91882586, 54.60464942], [-5.91882065, 54.60464747], [-5.91881727, 54.60465049], [-5.91882249, 54.60465244]], [[-5.91930294, 54.60484211], [-5.91930362, 54.60484155], [-5.91930409, 54.60483932], [-5.91931227, 54.60483267], [-5.9193171, 54.60483092], [-5.91932153, 54.60482732], [-5.91932283, 54.6048241], [-5.91933102, 54.60481745], [-5.91933452, 54.60481647], [-5.91934065, 54.60481179], [-5.91934162, 54.60481071], [-5.91934209, 54.60480846], [-5.91935011, 54.60480195], [-5.91935361, 54.60480096], [-5.91935939, 54.60479658], [-5.91936036, 54.60479549], [-5.91936082, 54.60479325], [-5.91936884, 54.60478673], [-5.91937174, 54.60478594], [-5.91937316, 54.60478504], [-5.91936202, 54.60478022], [-5.91937023, 54.60477324], [-5.91930582, 54.60474663], [-5.9192989, 54.60475194], [-5.91928741, 54.60474719], [-5.91928756, 54.60474447], [-5.9192899, 54.60474138], [-5.9192813, 54.60473783], [-5.91928213, 54.60473684], [-5.91918991, 54.60469874], [-5.91918084, 54.60470581], [-5.91916917, 54.60470099], [-5.91916846, 54.60470022], [-5.9191671, 54.60469629], [-5.91916795, 54.60469371], [-5.9191687, 54.60469284], [-5.91916823, 54.60469315], [-5.91916454, 54.60469456], [-5.91915664, 54.60469533], [-5.91915514, 54.60469519], [-5.91914347, 54.60469037], [-5.91915205, 54.6046831], [-5.91906011, 54.60464511], [-5.91905708, 54.60464727], [-5.9190558, 54.6046474], [-5.91905317, 54.60464953], [-5.91904165, 54.60464477], [-5.91904215, 54.6046424], [-5.91904419, 54.60463986], [-5.9190356, 54.60463631], [-5.91903642, 54.60463533], [-5.91897173, 54.6046086], [-5.91896464, 54.60461405], [-5.9189531, 54.60460951], [-5.91895133, 54.60461094], [-5.91895033, 54.60461362], [-5.91894215, 54.60462026], [-5.91893793, 54.60462182], [-5.9189326, 54.60462616], [-5.91893141, 54.60462898], [-5.91892342, 54.60463547], [-5.9189192, 54.60463704], [-5.9189135, 54.60464166], [-5.91891232, 54.60464448], [-5.91890414, 54.60465112], [-5.9189001, 54.60465254], [-5.91889459, 54.60465702], [-5.91889359, 54.60465969], [-5.91888541, 54.60466633], [-5.91888137, 54.60466775], [-5.91887942, 54.60466934], [-5.9188906, 54.60467417], [-5.91888419, 54.60467969], [-5.91894813, 54.6047061], [-5.91894929, 54.60470548], [-5.91895863, 54.60470934], [-5.91896372, 54.60470672], [-5.9189675, 54.60470594], [-5.91897899, 54.60471069], [-5.91897345, 54.60471519], [-5.918973, 54.60471638], [-5.91906451, 54.60475418], [-5.91907358, 54.60474712], [-5.919085, 54.60475184], [-5.91908636, 54.60475332], [-5.91908729, 54.60475731], [-5.91908512, 54.60476059], [-5.9190878, 54.6047591], [-5.91909095, 54.60475813], [-5.91909736, 54.60475764], [-5.91909953, 54.60475784], [-5.91911095, 54.60476256], [-5.91910237, 54.60476983], [-5.91919384, 54.60480762], [-5.91919499, 54.60480699], [-5.91920434, 54.60481085], [-5.91920943, 54.60480823], [-5.91921321, 54.60480745], [-5.9192247, 54.6048122], [-5.91921915, 54.60481671], [-5.91921871, 54.60481789], [-5.91928269, 54.60484433], [-5.9192914, 54.60483756], [-5.91930294, 54.60484211]], [[-5.9194332, 54.60480565], [-5.91943721, 54.60480267], [-5.91943258, 54.60480056], [-5.91942856, 54.60480353], [-5.9194332, 54.60480565]], [[-5.91935254, 54.60487143], [-5.91935591, 54.60486841], [-5.91935095, 54.60486656], [-5.91934758, 54.60486958], [-5.91935254, 54.60487143]]]}, "properties": {"UNIT_ID": "CQ3.02.26", "NAME": "Office", "USE_TYPE": "Office", "LEVEL_ID": "CQ3.L02", "FACILITY_ID": "CQ3", "ELEVATION_RELATIVE": 8.9, "ELEVATION_ABSOLUTE": 12.4, "HEIGHT_RELATIVE": 3.9, "ROOM_NUMBER": "02.26", "AREA_PLAN_M2": 1274.6, "AREA_MODEL_M2": 1272.3, "AREA_DIFF_PCT": -0.2, "SOURCE_NOTE": "inferred: typical floor, as LV04"}}, {"type": "Feature", "geometry": {"type": "Polygon", "coordinates": [[[-5.9191049, 54.60476778], [-5.91918686, 54.60470123], [-5.91914974, 54.6046859], [-5.91906778, 54.60475245], [-5.9191049, 54.60476778]]]}, "properties": {"UNIT_ID": "CQ3.02.13", "NAME": "Lift Lobby", "USE_TYPE": "Lift Lobby", "LEVEL_ID": "CQ3.L02", "FACILITY_ID": "CQ3", "ELEVATION_RELATIVE": 8.9, "ELEVATION_ABSOLUTE": 12.4, "HEIGHT_RELATIVE": 3.9, "ROOM_NUMBER": "02.13", "AREA_PLAN_M2": 27.0, "AREA_MODEL_M2": 26.8, "AREA_DIFF_PCT": -0.7, "SOURCE_NOTE": "inferred: typical floor, as LV04"}}, {"type": "Feature", "geometry": {"type": "Polygon", "coordinates": [[[-5.91902867, 54.60473563], [-5.91902514, 54.60473417], [-5.91907165, 54.6046961], [-5.91907164, 54.6046961], [-5.91902489, 54.60473406], [-5.91897691, 54.60471424], [-5.91901631, 54.60468224], [-5.91901658, 54.6046823], [-5.91901639, 54.60468218], [-5.91902662, 54.60467387], [-5.91907821, 54.60469541], [-5.91902867, 54.60473563]], [[-5.91898514, 54.60471653], [-5.91901313, 54.60469411], [-5.91900749, 54.60469157], [-5.9189795, 54.604714], [-5.91898514, 54.60471653]]]}, "properties": {"UNIT_ID": "CQ3.02.17", "NAME": "Male WC", "USE_TYPE": "Restroom - Male", "LEVEL_ID": "CQ3.L02", "FACILITY_ID": "CQ3", "ELEVATION_RELATIVE": 8.9, "ELEVATION_ABSOLUTE": 12.4, "HEIGHT_RELATIVE": 3.9, "ROOM_NUMBER": "02.17", "AREA_PLAN_M2": 20.3, "AREA_MODEL_M2": 21.1, "AREA_DIFF_PCT": 3.9, "SOURCE_NOTE": "inferred: typical floor, as LV04"}}, {"type": "Feature", "geometry": {"type": "Polygon", "coordinates": [[[-5.91895038, 54.60470546], [-5.91901575, 54.60465238], [-5.91900381, 54.60464723], [-5.91900878, 54.60464288], [-5.91901031, 54.60464199], [-5.91901318, 54.60464294], [-5.91901838, 54.60464358], [-5.91902329, 54.60464323], [-5.91902878, 54.60464181], [-5.91903278, 54.60463914], [-5.91901917, 54.6046344], [-5.9190213, 54.60463306], [-5.91903367, 54.60463816], [-5.91903587, 54.60463668], [-5.91903814, 54.60463732], [-5.9190334, 54.60464055], [-5.91903362, 54.60464072], [-5.91903888, 54.60463767], [-5.9190444, 54.60463995], [-5.91904299, 54.60464109], [-5.91904176, 54.6046436], [-5.9190424, 54.60464733], [-5.91904576, 54.60465066], [-5.91904847, 54.60465178], [-5.91905581, 54.60464489], [-5.91905783, 54.60464572], [-5.9190561, 54.60464743], [-5.91910915, 54.60466935], [-5.91908916, 54.60468558], [-5.91908872, 54.60468541], [-5.91909262, 54.60468186], [-5.9190926, 54.60468184], [-5.91908886, 54.60468458], [-5.9190419, 54.60466518], [-5.91905001, 54.6046586], [-5.9190495, 54.60465839], [-5.91904138, 54.60466498], [-5.91903785, 54.60466329], [-5.91903701, 54.60466327], [-5.91897361, 54.60471506], [-5.91897058, 54.60471408], [-5.91897959, 54.60470802], [-5.9189779, 54.60470693], [-5.91897486, 54.6047061], [-5.91897152, 54.6047058], [-5.91896702, 54.60470611], [-5.91896354, 54.60470682], [-5.91895897, 54.60470926], [-5.9189535, 54.604707], [-5.91895659, 54.60470327], [-5.91895623, 54.60470321], [-5.9189527, 54.6047067], [-5.91895038, 54.60470546]]]}, "properties": {"UNIT_ID": "CQ3.02.21", "NAME": "FF Core", "USE_TYPE": "Firefighting Lobby", "LEVEL_ID": "CQ3.L02", "FACILITY_ID": "CQ3", "ELEVATION_RELATIVE": 8.9, "ELEVATION_ABSOLUTE": 12.4, "HEIGHT_RELATIVE": 3.9, "ROOM_NUMBER": "02.21", "AREA_PLAN_M2": 28.3, "AREA_MODEL_M2": 25.8, "AREA_DIFF_PCT": -8.8, "SOURCE_NOTE": "inferred: typical floor, as LV04"}}, {"type": "Feature", "geometry": {"type": "Polygon", "coordinates": [[[-5.91906067, 54.60467778], [-5.91905553, 54.60467586], [-5.91905558, 54.60467604], [-5.91905143, 54.6046794], [-5.91905075, 54.60467934], [-5.91904798, 54.60468159], [-5.91902601, 54.60467251], [-5.91903735, 54.6046633], [-5.91906463, 54.60467457], [-5.91906067, 54.60467778]]]}, "properties": {"UNIT_ID": "CQ3.02.20", "NAME": "Clnr Str", "USE_TYPE": "Janitor", "LEVEL_ID": "CQ3.L02", "FACILITY_ID": "CQ3", "ELEVATION_RELATIVE": 8.9, "ELEVATION_ABSOLUTE": 12.4, "HEIGHT_RELATIVE": 3.9, "ROOM_NUMBER": "02.20", "AREA_PLAN_M2": 2.3, "AREA_MODEL_M2": 2.4, "AREA_DIFF_PCT": 4.3, "SOURCE_NOTE": "inferred: typical floor, as LV04"}}, {"type": "Feature", "geometry": {"type": "Polygon", "coordinates": [[[-5.91894733, 54.60470268], [-5.91900821, 54.60465324], [-5.91897058, 54.6046377], [-5.9189097, 54.60468714], [-5.91894733, 54.60470268]]]}, "properties": {"UNIT_ID": "CQ3.02.22", "NAME": "Stair 2", "USE_TYPE": "Stairs", "LEVEL_ID": "CQ3.L02", "FACILITY_ID": "CQ3", "ELEVATION_RELATIVE": 8.9, "ELEVATION_ABSOLUTE": 12.4, "HEIGHT_RELATIVE": 3.9, "ROOM_NUMBER": "02.22", "AREA_PLAN_M2": 19.4, "AREA_MODEL_M2": 20.1, "AREA_DIFF_PCT": 3.6, "SOURCE_NOTE": "inferred: typical floor, as LV04"}}, {"type": "Feature", "geometry": {"type": "Polygon", "coordinates": [[[-5.91902216, 54.60464346], [-5.91901592, 54.6046434], [-5.91901031, 54.60464194], [-5.91900624, 54.60464493], [-5.9189762, 54.60463252], [-5.91899097, 54.60462052], [-5.91903036, 54.6046368], [-5.91902216, 54.60464346]]]}, "properties": {"UNIT_ID": "CQ3.02.23", "NAME": "Dis WC", "USE_TYPE": "Restroom - Accessible", "LEVEL_ID": "CQ3.L02", "FACILITY_ID": "CQ3", "ELEVATION_RELATIVE": 8.9, "ELEVATION_ABSOLUTE": 12.4, "HEIGHT_RELATIVE": 3.9, "ROOM_NUMBER": "02.23", "AREA_PLAN_M2": 4.3, "AREA_MODEL_M2": 4.7, "AREA_DIFF_PCT": 9.3, "SOURCE_NOTE": "inferred: typical floor, as LV04"}}, {"type": "Feature", "geometry": {"type": "Polygon", "coordinates": [[[-5.91894756, 54.60465114], [-5.9189324, 54.60464488], [-5.91897257, 54.60461226], [-5.91898772, 54.60461852], [-5.91894756, 54.60465114]]]}, "properties": {"UNIT_ID": "CQ3.02.25", "NAME": "Service", "USE_TYPE": "Mechanical", "LEVEL_ID": "CQ3.L02", "FACILITY_ID": "CQ3", "ELEVATION_RELATIVE": 8.9, "ELEVATION_ABSOLUTE": 12.4, "HEIGHT_RELATIVE": 3.9, "ROOM_NUMBER": "02.25", "AREA_PLAN_M2": 5.4, "AREA_MODEL_M2": 5.4, "AREA_DIFF_PCT": 0.0, "SOURCE_NOTE": "inferred: typical floor, as LV04"}}, {"type": "Feature", "geometry": {"type": "Polygon", "coordinates": [[[-5.91890559, 54.60468522], [-5.91889044, 54.60467896], [-5.9189306, 54.60464634], [-5.91894575, 54.6046526], [-5.91890559, 54.60468522]]]}, "properties": {"UNIT_ID": "CQ3.02.24", "NAME": "Service", "USE_TYPE": "Mechanical", "LEVEL_ID": "CQ3.L02", "FACILITY_ID": "CQ3", "ELEVATION_RELATIVE": 8.9, "ELEVATION_ABSOLUTE": 12.4, "HEIGHT_RELATIVE": 3.9, "ROOM_NUMBER": "02.24", "AREA_PLAN_M2": 5.4, "AREA_MODEL_M2": 5.4, "AREA_DIFF_PCT": 0.0, "SOURCE_NOTE": "inferred: typical floor, as LV04"}}, {"type": "Feature", "geometry": {"type": "Polygon", "coordinates": [[[-5.91928185, 54.60484067], [-5.9192667, 54.60483441], [-5.91930686, 54.60480179], [-5.91932202, 54.60480805], [-5.91928185, 54.60484067]]]}, "properties": {"UNIT_ID": "CQ3.02.01", "NAME": "Service", "USE_TYPE": "Mechanical", "LEVEL_ID": "CQ3.L02", "FACILITY_ID": "CQ3", "ELEVATION_RELATIVE": 8.9, "ELEVATION_ABSOLUTE": 12.4, "HEIGHT_RELATIVE": 3.9, "ROOM_NUMBER": "02.01", "AREA_PLAN_M2": 5.4, "AREA_MODEL_M2": 5.4, "AREA_DIFF_PCT": 0.0, "SOURCE_NOTE": "inferred: typical floor, as LV04"}}, {"type": "Feature", "geometry": {"type": "Polygon", "coordinates": [[[-5.91932382, 54.60480659], [-5.91930867, 54.60480033], [-5.91934883, 54.60476771], [-5.91936399, 54.60477397], [-5.91932382, 54.60480659]]]}, "properties": {"UNIT_ID": "CQ3.02.02", "NAME": "Service", "USE_TYPE": "Mechanical", "LEVEL_ID": "CQ3.L02", "FACILITY_ID": "CQ3", "ELEVATION_RELATIVE": 8.9, "ELEVATION_ABSOLUTE": 12.4, "HEIGHT_RELATIVE": 3.9, "ROOM_NUMBER": "02.02", "AREA_PLAN_M2": 5.4, "AREA_MODEL_M2": 5.4, "AREA_DIFF_PCT": 0.0, "SOURCE_NOTE": "inferred: typical floor, as LV04"}}, {"type": "Feature", "geometry": {"type": "Polygon", "coordinates": [[[-5.9192202, 54.60475274], [-5.91920454, 54.60474628], [-5.91921499, 54.60473779], [-5.91921726, 54.60473873], [-5.91921019, 54.60474448], [-5.91921039, 54.60474464], [-5.91921777, 54.60473894], [-5.91923065, 54.60474426], [-5.9192202, 54.60475274]]]}, "properties": {"UNIT_ID": "CQ3.02.08", "NAME": "Smk Vnt", "USE_TYPE": "Mechanical", "LEVEL_ID": "CQ3.L02", "FACILITY_ID": "CQ3", "ELEVATION_RELATIVE": 8.9, "ELEVATION_ABSOLUTE": 12.4, "HEIGHT_RELATIVE": 3.9, "ROOM_NUMBER": "02.08", "AREA_PLAN_M2": 1.5, "AREA_MODEL_M2": 1.4, "AREA_DIFF_PCT": -6.7, "SOURCE_NOTE": "inferred: typical floor, as LV04"}}, {"type": "Feature", "geometry": {"type": "Polygon", "coordinates": [[[-5.91920277, 54.60474555], [-5.91919495, 54.60474231], [-5.91920539, 54.60473383], [-5.91921322, 54.60473706], [-5.91920277, 54.60474555]]]}, "properties": {"UNIT_ID": "CQ3.02.09", "NAME": "WR", "USE_TYPE": "Mechanical", "LEVEL_ID": "CQ3.L02", "FACILITY_ID": "CQ3", "ELEVATION_RELATIVE": 8.9, "ELEVATION_ABSOLUTE": 12.4, "HEIGHT_RELATIVE": 3.9, "ROOM_NUMBER": "02.09", "AREA_PLAN_M2": 0.7, "AREA_MODEL_M2": 0.7, "AREA_DIFF_PCT": 0.0, "SOURCE_NOTE": "inferred: typical floor, as LV04"}}, {"type": "Feature", "geometry": {"type": "Polygon", "coordinates": [[[-5.91926298, 54.6048331], [-5.91932386, 54.60478366], [-5.91928624, 54.60476811], [-5.91922536, 54.60481755], [-5.91926298, 54.6048331]]]}, "properties": {"UNIT_ID": "CQ3.02.03", "NAME": "Stair 1", "USE_TYPE": "Stairs", "LEVEL_ID": "CQ3.L02", "FACILITY_ID": "CQ3", "ELEVATION_RELATIVE": 8.9, "ELEVATION_ABSOLUTE": 12.4, "HEIGHT_RELATIVE": 3.9, "ROOM_NUMBER": "02.03", "AREA_PLAN_M2": 19.4, "AREA_MODEL_M2": 20.1, "AREA_DIFF_PCT": 3.6, "SOURCE_NOTE": "inferred: typical floor, as LV04"}}, {"type": "Feature", "geometry": {"type": "Polygon", "coordinates": [[[-5.91921932, 54.60481658], [-5.91921629, 54.6048156], [-5.91922529, 54.60480953], [-5.91922362, 54.60480846], [-5.9192172, 54.60480731], [-5.91921272, 54.60480762], [-5.91920925, 54.60480834], [-5.91920468, 54.60481077], [-5.9191992, 54.60480851], [-5.91920253, 54.60480488], [-5.91920219, 54.60480482], [-5.91919867, 54.60480832], [-5.91919608, 54.60480698], [-5.91925981, 54.60475554], [-5.91925942, 54.60475483], [-5.91920832, 54.60473394], [-5.91921161, 54.60473096], [-5.91921127, 54.6047309], [-5.91920677, 54.60473418], [-5.91920633, 54.60473399], [-5.91922632, 54.60471776], [-5.91927938, 54.60473968], [-5.91928159, 54.60473819], [-5.9192841, 54.60473894], [-5.91927936, 54.60474216], [-5.91927957, 54.60474233], [-5.91928458, 54.60473918], [-5.9192901, 54.60474146], [-5.91928869, 54.60474261], [-5.91928746, 54.60474511], [-5.9192881, 54.60474884], [-5.91929147, 54.60475218], [-5.91929417, 54.60475329], [-5.91930152, 54.6047464], [-5.91930354, 54.60474723], [-5.91930181, 54.60474895], [-5.91931547, 54.60475459], [-5.919298, 54.60476877], [-5.91928469, 54.60476349], [-5.91921932, 54.60481658]]]}, "properties": {"UNIT_ID": "CQ3.02.06", "NAME": "FF Core", "USE_TYPE": "Firefighting Lobby", "LEVEL_ID": "CQ3.L02", "FACILITY_ID": "CQ3", "ELEVATION_RELATIVE": 8.9, "ELEVATION_ABSOLUTE": 12.4, "HEIGHT_RELATIVE": 3.9, "ROOM_NUMBER": "02.06", "AREA_PLAN_M2": 28.4, "AREA_MODEL_M2": 26.9, "AREA_DIFF_PCT": -5.3, "SOURCE_NOTE": "inferred: typical floor, as LV04"}}, {"type": "Feature", "geometry": {"type": "Polygon", "coordinates": [[[-5.91932667, 54.60478107], [-5.91929915, 54.60476969], [-5.91930833, 54.60476223], [-5.91933586, 54.60477361], [-5.91932667, 54.60478107]]]}, "properties": {"UNIT_ID": "CQ3.02.04", "NAME": "WC Supply", "USE_TYPE": "Mechanical", "LEVEL_ID": "CQ3.L02", "FACILITY_ID": "CQ3", "ELEVATION_RELATIVE": 8.9, "ELEVATION_ABSOLUTE": 12.4, "HEIGHT_RELATIVE": 3.9, "ROOM_NUMBER": "02.04", "AREA_PLAN_M2": 2.2, "AREA_MODEL_M2": 2.2, "AREA_DIFF_PCT": 0.0, "SOURCE_NOTE": "inferred: typical floor, as LV04"}}, {"type": "Feature", "geometry": {"type": "Polygon", "coordinates": [[[-5.91933586, 54.60477361], [-5.91930833, 54.60476223], [-5.91931752, 54.60475478], [-5.91934505, 54.60476615], [-5.91933586, 54.60477361]]]}, "properties": {"UNIT_ID": "CQ3.02.05", "NAME": "WC Extract", "USE_TYPE": "Mechanical", "LEVEL_ID": "CQ3.L02", "FACILITY_ID": "CQ3", "ELEVATION_RELATIVE": 8.9, "ELEVATION_ABSOLUTE": 12.4, "HEIGHT_RELATIVE": 3.9, "ROOM_NUMBER": "02.05", "AREA_PLAN_M2": 2.2, "AREA_MODEL_M2": 2.2, "AREA_DIFF_PCT": 0.0, "SOURCE_NOTE": "inferred: typical floor, as LV04"}}, {"type": "Feature", "geometry": {"type": "Polygon", "coordinates": [[[-5.91906995, 54.60469067], [-5.91905404, 54.6046841], [-5.91906448, 54.60467561], [-5.91907762, 54.60468104], [-5.91907052, 54.6046868], [-5.91907053, 54.6046868], [-5.91907787, 54.60468114], [-5.91908039, 54.60468218], [-5.91906995, 54.60469067]]]}, "properties": {"UNIT_ID": "CQ3.02.19", "NAME": "Smk Vnt", "USE_TYPE": "Mechanical", "LEVEL_ID": "CQ3.L02", "FACILITY_ID": "CQ3", "ELEVATION_RELATIVE": 8.9, "ELEVATION_ABSOLUTE": 12.4, "HEIGHT_RELATIVE": 3.9, "ROOM_NUMBER": "02.19", "AREA_PLAN_M2": 1.5, "AREA_MODEL_M2": 1.5, "AREA_DIFF_PCT": 0.0, "SOURCE_NOTE": "inferred: typical floor, as LV04"}}, {"type": "Feature", "geometry": {"type": "Polygon", "coordinates": [[[-5.91907929, 54.60469453], [-5.91907146, 54.60469129], [-5.91908191, 54.60468281], [-5.91908974, 54.60468604], [-5.91907929, 54.60469453]]]}, "properties": {"UNIT_ID": "CQ3.02.18", "NAME": "WR", "USE_TYPE": "Mechanical", "LEVEL_ID": "CQ3.L02", "FACILITY_ID": "CQ3", "ELEVATION_RELATIVE": 8.9, "ELEVATION_ABSOLUTE": 12.4, "HEIGHT_RELATIVE": 3.9, "ROOM_NUMBER": "02.18", "AREA_PLAN_M2": 0.7, "AREA_MODEL_M2": 0.7, "AREA_DIFF_PCT": 0.0, "SOURCE_NOTE": "inferred: typical floor, as LV04"}}, {"type": "Feature", "geometry": {"type": "Polygon", "coordinates": [[[-5.91914043, 54.60478224], [-5.91910862, 54.6047691], [-5.91913473, 54.60474789], [-5.91916655, 54.60476104], [-5.91914043, 54.60478224]]]}, "properties": {"UNIT_ID": "CQ3.02.10", "NAME": "Lift 1", "USE_TYPE": "Elevator", "LEVEL_ID": "CQ3.L02", "FACILITY_ID": "CQ3", "ELEVATION_RELATIVE": 8.9, "ELEVATION_ABSOLUTE": 12.4, "HEIGHT_RELATIVE": 3.9, "ROOM_NUMBER": "02.10", "AREA_PLAN_M2": 7.3, "AREA_MODEL_M2": 7.3, "AREA_DIFF_PCT": 0.0, "SOURCE_NOTE": "inferred: typical floor, as LV04"}}, {"type": "Feature", "geometry": {"type": "Polygon", "coordinates": [[[-5.91916835, 54.60475957], [-5.91913654, 54.60474643], [-5.91916283, 54.60472507], [-5.91919465, 54.60473822], [-5.91916835, 54.60475957]]]}, "properties": {"UNIT_ID": "CQ3.02.11", "NAME": "Lift 2", "USE_TYPE": "Elevator", "LEVEL_ID": "CQ3.L02", "FACILITY_ID": "CQ3", "ELEVATION_RELATIVE": 8.9, "ELEVATION_ABSOLUTE": 12.4, "HEIGHT_RELATIVE": 3.9, "ROOM_NUMBER": "02.11", "AREA_PLAN_M2": 7.3, "AREA_MODEL_M2": 7.4, "AREA_DIFF_PCT": 1.4, "SOURCE_NOTE": "inferred: typical floor, as LV04"}}, {"type": "Feature", "geometry": {"type": "Polygon", "coordinates": [[[-5.91919645, 54.60473676], [-5.91916464, 54.60472361], [-5.91917167, 54.6047179], [-5.91916806, 54.60471618], [-5.91917975, 54.6047067], [-5.91918372, 54.60470812], [-5.91919075, 54.6047024], [-5.91922257, 54.60471555], [-5.91919645, 54.60473676]]]}, "properties": {"UNIT_ID": "CQ3.02.12", "NAME": "Lift 3 (FF)", "USE_TYPE": "Elevator", "LEVEL_ID": "CQ3.L02", "FACILITY_ID": "CQ3", "ELEVATION_RELATIVE": 8.9, "ELEVATION_ABSOLUTE": 12.4, "HEIGHT_RELATIVE": 3.9, "ROOM_NUMBER": "02.12", "AREA_PLAN_M2": 7.3, "AREA_MODEL_M2": 7.7, "AREA_DIFF_PCT": 5.5, "SOURCE_NOTE": "inferred: typical floor, as LV04"}}, {"type": "Feature", "geometry": {"type": "Polygon", "coordinates": [[[-5.91909184, 54.60472796], [-5.91906002, 54.60471482], [-5.91908632, 54.60469346], [-5.91911814, 54.60470661], [-5.91909184, 54.60472796]]]}, "properties": {"UNIT_ID": "CQ3.02.15", "NAME": "Lift 5", "USE_TYPE": "Elevator", "LEVEL_ID": "CQ3.L02", "FACILITY_ID": "CQ3", "ELEVATION_RELATIVE": 8.9, "ELEVATION_ABSOLUTE": 12.4, "HEIGHT_RELATIVE": 3.9, "ROOM_NUMBER": "02.15", "AREA_PLAN_M2": 7.3, "AREA_MODEL_M2": 7.4, "AREA_DIFF_PCT": 1.4, "SOURCE_NOTE": "inferred: typical floor, as LV04"}}, {"type": "Feature", "geometry": {"type": "Polygon", "coordinates": [[[-5.91911994, 54.60470514], [-5.91908812, 54.604692], [-5.91911424, 54.60467079], [-5.91914606, 54.60468393], [-5.91913902, 54.60468965], [-5.91914237, 54.60469126], [-5.91913069, 54.60470074], [-5.91912698, 54.60469943], [-5.91911994, 54.60470514]]]}, "properties": {"UNIT_ID": "CQ3.02.16", "NAME": "Lift 6 (FF)", "USE_TYPE": "Elevator", "LEVEL_ID": "CQ3.L02", "FACILITY_ID": "CQ3", "ELEVATION_RELATIVE": 8.9, "ELEVATION_ABSOLUTE": 12.4, "HEIGHT_RELATIVE": 3.9, "ROOM_NUMBER": "02.16", "AREA_PLAN_M2": 7.3, "AREA_MODEL_M2": 7.7, "AREA_DIFF_PCT": 5.5, "SOURCE_NOTE": "inferred: typical floor, as LV04"}}, {"type": "Feature", "geometry": {"type": "Polygon", "coordinates": [[[-5.91919578, 54.60480599], [-5.91925767, 54.60475542], [-5.91925741, 54.60475532], [-5.91924716, 54.60476364], [-5.91924691, 54.60476356], [-5.91924713, 54.60476367], [-5.91919635, 54.6048049], [-5.91914837, 54.60478508], [-5.91919791, 54.60474486], [-5.91922022, 54.60475408], [-5.91922047, 54.604754], [-5.91922017, 54.60475295], [-5.91919502, 54.60474256], [-5.91920583, 54.60473379], [-5.91923097, 54.60474418], [-5.91923227, 54.60474405], [-5.91925983, 54.60475521], [-5.91924837, 54.60476452], [-5.91924768, 54.60476446], [-5.91919628, 54.6048062], [-5.91919578, 54.60480599]], [[-5.91919549, 54.60480344], [-5.91923699, 54.60477005], [-5.91923135, 54.60476751], [-5.91918985, 54.6048009], [-5.91919549, 54.60480344]]]}, "properties": {"UNIT_ID": "CQ3.02.07", "NAME": "Female WC", "USE_TYPE": "Restroom - Female", "LEVEL_ID": "CQ3.L02", "FACILITY_ID": "CQ3", "ELEVATION_RELATIVE": 8.9, "ELEVATION_ABSOLUTE": 12.4, "HEIGHT_RELATIVE": 3.9, "ROOM_NUMBER": "02.07", "AREA_PLAN_M2": 23.4, "AREA_MODEL_M2": 24.5, "AREA_DIFF_PCT": 4.7, "SOURCE_NOTE": "inferred: typical floor, as LV04"}}, {"type": "Feature", "geometry": {"type": "Polygon", "coordinates": [[[-5.91906392, 54.60475063], [-5.9190321, 54.60473749], [-5.91905822, 54.60471628], [-5.91909004, 54.60472942], [-5.91906392, 54.60475063]]]}, "properties": {"UNIT_ID": "CQ3.02.14", "NAME": "Lift 4", "USE_TYPE": "Elevator", "LEVEL_ID": "CQ3.L02", "FACILITY_ID": "CQ3", "ELEVATION_RELATIVE": 8.9, "ELEVATION_ABSOLUTE": 12.4, "HEIGHT_RELATIVE": 3.9, "ROOM_NUMBER": "02.14", "AREA_PLAN_M2": 7.3, "AREA_MODEL_M2": 7.3, "AREA_DIFF_PCT": 0.0, "SOURCE_NOTE": "inferred: typical floor, as LV04"}}, {"type": "Feature", "geometry": {"type": "Polygon", "coordinates": [[[-5.91930584, 54.60497217], [-5.91929732, 54.60496887], [-5.91929137, 54.60497371], [-5.91924845, 54.60495597], [-5.9192544, 54.60495114], [-5.91924976, 54.60494902], [-5.91924339, 54.60495388], [-5.91917294, 54.60492477], [-5.91917889, 54.60491994], [-5.919174, 54.60491772], [-5.91916763, 54.60492258], [-5.91909718, 54.60489347], [-5.91910314, 54.60488864], [-5.91909824, 54.60488642], [-5.91909187, 54.60489128], [-5.91902117, 54.60486207], [-5.91902713, 54.60485724], [-5.91902248, 54.60485512], [-5.91901612, 54.60485998], [-5.91894567, 54.60483088], [-5.91895162, 54.60482604], [-5.91894673, 54.60482382], [-5.91894036, 54.60482868], [-5.91886991, 54.60479958], [-5.91887586, 54.60479474], [-5.91887097, 54.60479252], [-5.9188646, 54.60479738], [-5.9187939, 54.60476817], [-5.91879985, 54.60476334], [-5.91879521, 54.60476122], [-5.91878884, 54.60476608], [-5.9187184, 54.60473698], [-5.91872435, 54.60473215], [-5.91871945, 54.60472992], [-5.91871309, 54.60473479], [-5.91867042, 54.60471716], [-5.91867637, 54.60471233], [-5.91866821, 54.60470874], [-5.91876601, 54.60462932], [-5.91877411, 54.60463266], [-5.91877794, 54.60462983], [-5.9187698, 54.60462624], [-5.91877916, 54.60461864], [-5.91882657, 54.60463801], [-5.91888475, 54.60459076], [-5.91883771, 54.6045711], [-5.91884707, 54.6045635], [-5.91885516, 54.60456684], [-5.91885918, 54.60456386], [-5.91885104, 54.60456028], [-5.91894884, 54.60448086], [-5.91895735, 54.60448416], [-5.91896312, 54.60447947], [-5.91900579, 54.6044971], [-5.9190001, 54.60450203], [-5.91900533, 54.60450398], [-5.9190111, 54.6044993], [-5.91908155, 54.60452841], [-5.91907578, 54.60453309], [-5.91908042, 54.60453521], [-5.91908661, 54.6045305], [-5.91911285, 54.60454133], [-5.91911094, 54.60454319], [-5.91915514, 54.60456146], [-5.91915161, 54.60456463], [-5.91915642, 54.60456662], [-5.91916262, 54.6045619], [-5.91923307, 54.604591], [-5.9192273, 54.60459569], [-5.91923219, 54.60459791], [-5.91923838, 54.6045932], [-5.91930882, 54.6046223], [-5.91930305, 54.60462699], [-5.91930769, 54.60462911], [-5.91931388, 54.60462439], [-5.91938458, 54.6046536], [-5.91937881, 54.60465829], [-5.9193837, 54.60466051], [-5.91938989, 54.6046558], [-5.91946034, 54.6046849], [-5.91945457, 54.60468959], [-5.91945946, 54.60469181], [-5.91946565, 54.6046871], [-5.9195361, 54.6047162], [-5.91953032, 54.60472089], [-5.91953497, 54.60472301], [-5.91954115, 54.60471829], [-5.91958407, 54.60473602], [-5.91957838, 54.60474095], [-5.91958647, 54.60474429], [-5.91948866, 54.60482372], [-5.91948057, 54.60482037], [-5.91947655, 54.60482335], [-5.91948469, 54.60482694], [-5.91947533, 54.60483454], [-5.91942768, 54.60481507], [-5.91936949, 54.60486232], [-5.91941679, 54.60488208], [-5.91940742, 54.60488968], [-5.91939933, 54.60488634], [-5.91939549, 54.60488917], [-5.91940363, 54.60489276], [-5.91930584, 54.60497217]], [[-5.91890354, 54.60458662], [-5.9189071, 54.60458345], [-5.91890188, 54.6045815], [-5.91889833, 54.60458467], [-5.91890354, 54.60458662]], [[-5.91882249, 54.60465244], [-5.91882586, 54.60464942], [-5.91882065, 54.60464747], [-5.91881727, 54.60465049], [-5.91882249, 54.60465244]], [[-5.91930294, 54.60484211], [-5.91930362, 54.60484155], [-5.91930409, 54.60483932], [-5.91931227, 54.60483267], [-5.9193171, 54.60483092], [-5.91932153, 54.60482732], [-5.91932283, 54.6048241], [-5.91933102, 54.60481745], [-5.91933452, 54.60481647], [-5.91934065, 54.60481179], [-5.91934162, 54.60481071], [-5.91934209, 54.60480846], [-5.91935011, 54.60480195], [-5.91935361, 54.60480096], [-5.91935939, 54.60479658], [-5.91936036, 54.60479549], [-5.91936082, 54.60479325], [-5.91936884, 54.60478673], [-5.91937174, 54.60478594], [-5.91937316, 54.60478504], [-5.91936202, 54.60478022], [-5.91937023, 54.60477324], [-5.91930582, 54.60474663], [-5.9192989, 54.60475194], [-5.91928741, 54.60474719], [-5.91928756, 54.60474447], [-5.9192899, 54.60474138], [-5.9192813, 54.60473783], [-5.91928213, 54.60473684], [-5.91918991, 54.60469874], [-5.91918084, 54.60470581], [-5.91916917, 54.60470099], [-5.91916846, 54.60470022], [-5.9191671, 54.60469629], [-5.91916795, 54.60469371], [-5.9191687, 54.60469284], [-5.91916823, 54.60469315], [-5.91916454, 54.60469456], [-5.91915664, 54.60469533], [-5.91915514, 54.60469519], [-5.91914347, 54.60469037], [-5.91915205, 54.6046831], [-5.91906011, 54.60464511], [-5.91905708, 54.60464727], [-5.9190558, 54.6046474], [-5.91905317, 54.60464953], [-5.91904165, 54.60464477], [-5.91904215, 54.6046424], [-5.91904419, 54.60463986], [-5.9190356, 54.60463631], [-5.91903642, 54.60463533], [-5.91897173, 54.6046086], [-5.91896464, 54.60461405], [-5.9189531, 54.60460951], [-5.91895133, 54.60461094], [-5.91895033, 54.60461362], [-5.91894215, 54.60462026], [-5.91893793, 54.60462182], [-5.9189326, 54.60462616], [-5.91893141, 54.60462898], [-5.91892342, 54.60463547], [-5.9189192, 54.60463704], [-5.9189135, 54.60464166], [-5.91891232, 54.60464448], [-5.91890414, 54.60465112], [-5.9189001, 54.60465254], [-5.91889459, 54.60465702], [-5.91889359, 54.60465969], [-5.91888541, 54.60466633], [-5.91888137, 54.60466775], [-5.91887942, 54.60466934], [-5.9188906, 54.60467417], [-5.91888419, 54.60467969], [-5.91894813, 54.6047061], [-5.91894929, 54.60470548], [-5.91895863, 54.60470934], [-5.91896372, 54.60470672], [-5.9189675, 54.60470594], [-5.91897899, 54.60471069], [-5.91897345, 54.60471519], [-5.918973, 54.60471638], [-5.91906451, 54.60475418], [-5.91907358, 54.60474712], [-5.919085, 54.60475184], [-5.91908636, 54.60475332], [-5.91908729, 54.60475731], [-5.91908512, 54.60476059], [-5.9190878, 54.6047591], [-5.91909095, 54.60475813], [-5.91909736, 54.60475764], [-5.91909953, 54.60475784], [-5.91911095, 54.60476256], [-5.91910237, 54.60476983], [-5.91919384, 54.60480762], [-5.91919499, 54.60480699], [-5.91920434, 54.60481085], [-5.91920943, 54.60480823], [-5.91921321, 54.60480745], [-5.9192247, 54.6048122], [-5.91921915, 54.60481671], [-5.91921871, 54.60481789], [-5.91928269, 54.60484433], [-5.9192914, 54.60483756], [-5.91930294, 54.60484211]], [[-5.9194332, 54.60480565], [-5.91943721, 54.60480267], [-5.91943258, 54.60480056], [-5.91942856, 54.60480353], [-5.9194332, 54.60480565]], [[-5.91935254, 54.60487143], [-5.91935591, 54.60486841], [-5.91935095, 54.60486656], [-5.91934758, 54.60486958], [-5.91935254, 54.60487143]]]}, "properties": {"UNIT_ID": "CQ3.03.26", "NAME": "Office", "USE_TYPE": "Office", "LEVEL_ID": "CQ3.L03", "FACILITY_ID": "CQ3", "ELEVATION_RELATIVE": 12.8, "ELEVATION_ABSOLUTE": 16.3, "HEIGHT_RELATIVE": 3.9, "ROOM_NUMBER": "03.26", "AREA_PLAN_M2": 1274.6, "AREA_MODEL_M2": 1272.3, "AREA_DIFF_PCT": -0.2, "SOURCE_NOTE": "inferred: typical floor, as LV04"}}, {"type": "Feature", "geometry": {"type": "Polygon", "coordinates": [[[-5.9191049, 54.60476778], [-5.91918686, 54.60470123], [-5.91914974, 54.6046859], [-5.91906778, 54.60475245], [-5.9191049, 54.60476778]]]}, "properties": {"UNIT_ID": "CQ3.03.13", "NAME": "Lift Lobby", "USE_TYPE": "Lift Lobby", "LEVEL_ID": "CQ3.L03", "FACILITY_ID": "CQ3", "ELEVATION_RELATIVE": 12.8, "ELEVATION_ABSOLUTE": 16.3, "HEIGHT_RELATIVE": 3.9, "ROOM_NUMBER": "03.13", "AREA_PLAN_M2": 27.0, "AREA_MODEL_M2": 26.8, "AREA_DIFF_PCT": -0.7, "SOURCE_NOTE": "inferred: typical floor, as LV04"}}, {"type": "Feature", "geometry": {"type": "Polygon", "coordinates": [[[-5.91902867, 54.60473563], [-5.91902514, 54.60473417], [-5.91907165, 54.6046961], [-5.91907164, 54.6046961], [-5.91902489, 54.60473406], [-5.91897691, 54.60471424], [-5.91901631, 54.60468224], [-5.91901658, 54.6046823], [-5.91901639, 54.60468218], [-5.91902662, 54.60467387], [-5.91907821, 54.60469541], [-5.91902867, 54.60473563]], [[-5.91898514, 54.60471653], [-5.91901313, 54.60469411], [-5.91900749, 54.60469157], [-5.9189795, 54.604714], [-5.91898514, 54.60471653]]]}, "properties": {"UNIT_ID": "CQ3.03.17", "NAME": "Male WC", "USE_TYPE": "Restroom - Male", "LEVEL_ID": "CQ3.L03", "FACILITY_ID": "CQ3", "ELEVATION_RELATIVE": 12.8, "ELEVATION_ABSOLUTE": 16.3, "HEIGHT_RELATIVE": 3.9, "ROOM_NUMBER": "03.17", "AREA_PLAN_M2": 20.3, "AREA_MODEL_M2": 21.1, "AREA_DIFF_PCT": 3.9, "SOURCE_NOTE": "inferred: typical floor, as LV04"}}, {"type": "Feature", "geometry": {"type": "Polygon", "coordinates": [[[-5.91895038, 54.60470546], [-5.91901575, 54.60465238], [-5.91900381, 54.60464723], [-5.91900878, 54.60464288], [-5.91901031, 54.60464199], [-5.91901318, 54.60464294], [-5.91901838, 54.60464358], [-5.91902329, 54.60464323], [-5.91902878, 54.60464181], [-5.91903278, 54.60463914], [-5.91901917, 54.6046344], [-5.9190213, 54.60463306], [-5.91903367, 54.60463816], [-5.91903587, 54.60463668], [-5.91903814, 54.60463732], [-5.9190334, 54.60464055], [-5.91903362, 54.60464072], [-5.91903888, 54.60463767], [-5.9190444, 54.60463995], [-5.91904299, 54.60464109], [-5.91904176, 54.6046436], [-5.9190424, 54.60464733], [-5.91904576, 54.60465066], [-5.91904847, 54.60465178], [-5.91905581, 54.60464489], [-5.91905783, 54.60464572], [-5.9190561, 54.60464743], [-5.91910915, 54.60466935], [-5.91908916, 54.60468558], [-5.91908872, 54.60468541], [-5.91909262, 54.60468186], [-5.9190926, 54.60468184], [-5.91908886, 54.60468458], [-5.9190419, 54.60466518], [-5.91905001, 54.6046586], [-5.9190495, 54.60465839], [-5.91904138, 54.60466498], [-5.91903785, 54.60466329], [-5.91903701, 54.60466327], [-5.91897361, 54.60471506], [-5.91897058, 54.60471408], [-5.91897959, 54.60470802], [-5.9189779, 54.60470693], [-5.91897486, 54.6047061], [-5.91897152, 54.6047058], [-5.91896702, 54.60470611], [-5.91896354, 54.60470682], [-5.91895897, 54.60470926], [-5.9189535, 54.604707], [-5.91895659, 54.60470327], [-5.91895623, 54.60470321], [-5.9189527, 54.6047067], [-5.91895038, 54.60470546]]]}, "properties": {"UNIT_ID": "CQ3.03.21", "NAME": "FF Core", "USE_TYPE": "Firefighting Lobby", "LEVEL_ID": "CQ3.L03", "FACILITY_ID": "CQ3", "ELEVATION_RELATIVE": 12.8, "ELEVATION_ABSOLUTE": 16.3, "HEIGHT_RELATIVE": 3.9, "ROOM_NUMBER": "03.21", "AREA_PLAN_M2": 28.3, "AREA_MODEL_M2": 25.8, "AREA_DIFF_PCT": -8.8, "SOURCE_NOTE": "inferred: typical floor, as LV04"}}, {"type": "Feature", "geometry": {"type": "Polygon", "coordinates": [[[-5.91906067, 54.60467778], [-5.91905553, 54.60467586], [-5.91905558, 54.60467604], [-5.91905143, 54.6046794], [-5.91905075, 54.60467934], [-5.91904798, 54.60468159], [-5.91902601, 54.60467251], [-5.91903735, 54.6046633], [-5.91906463, 54.60467457], [-5.91906067, 54.60467778]]]}, "properties": {"UNIT_ID": "CQ3.03.20", "NAME": "Clnr Str", "USE_TYPE": "Janitor", "LEVEL_ID": "CQ3.L03", "FACILITY_ID": "CQ3", "ELEVATION_RELATIVE": 12.8, "ELEVATION_ABSOLUTE": 16.3, "HEIGHT_RELATIVE": 3.9, "ROOM_NUMBER": "03.20", "AREA_PLAN_M2": 2.3, "AREA_MODEL_M2": 2.4, "AREA_DIFF_PCT": 4.3, "SOURCE_NOTE": "inferred: typical floor, as LV04"}}, {"type": "Feature", "geometry": {"type": "Polygon", "coordinates": [[[-5.91894733, 54.60470268], [-5.91900821, 54.60465324], [-5.91897058, 54.6046377], [-5.9189097, 54.60468714], [-5.91894733, 54.60470268]]]}, "properties": {"UNIT_ID": "CQ3.03.22", "NAME": "Stair 2", "USE_TYPE": "Stairs", "LEVEL_ID": "CQ3.L03", "FACILITY_ID": "CQ3", "ELEVATION_RELATIVE": 12.8, "ELEVATION_ABSOLUTE": 16.3, "HEIGHT_RELATIVE": 3.9, "ROOM_NUMBER": "03.22", "AREA_PLAN_M2": 19.4, "AREA_MODEL_M2": 20.1, "AREA_DIFF_PCT": 3.6, "SOURCE_NOTE": "inferred: typical floor, as LV04"}}, {"type": "Feature", "geometry": {"type": "Polygon", "coordinates": [[[-5.91902216, 54.60464346], [-5.91901592, 54.6046434], [-5.91901031, 54.60464194], [-5.91900624, 54.60464493], [-5.9189762, 54.60463252], [-5.91899097, 54.60462052], [-5.91903036, 54.6046368], [-5.91902216, 54.60464346]]]}, "properties": {"UNIT_ID": "CQ3.03.23", "NAME": "Dis WC", "USE_TYPE": "Restroom - Accessible", "LEVEL_ID": "CQ3.L03", "FACILITY_ID": "CQ3", "ELEVATION_RELATIVE": 12.8, "ELEVATION_ABSOLUTE": 16.3, "HEIGHT_RELATIVE": 3.9, "ROOM_NUMBER": "03.23", "AREA_PLAN_M2": 4.3, "AREA_MODEL_M2": 4.7, "AREA_DIFF_PCT": 9.3, "SOURCE_NOTE": "inferred: typical floor, as LV04"}}, {"type": "Feature", "geometry": {"type": "Polygon", "coordinates": [[[-5.91894756, 54.60465114], [-5.9189324, 54.60464488], [-5.91897257, 54.60461226], [-5.91898772, 54.60461852], [-5.91894756, 54.60465114]]]}, "properties": {"UNIT_ID": "CQ3.03.25", "NAME": "Service", "USE_TYPE": "Mechanical", "LEVEL_ID": "CQ3.L03", "FACILITY_ID": "CQ3", "ELEVATION_RELATIVE": 12.8, "ELEVATION_ABSOLUTE": 16.3, "HEIGHT_RELATIVE": 3.9, "ROOM_NUMBER": "03.25", "AREA_PLAN_M2": 5.4, "AREA_MODEL_M2": 5.4, "AREA_DIFF_PCT": 0.0, "SOURCE_NOTE": "inferred: typical floor, as LV04"}}, {"type": "Feature", "geometry": {"type": "Polygon", "coordinates": [[[-5.91890559, 54.60468522], [-5.91889044, 54.60467896], [-5.9189306, 54.60464634], [-5.91894575, 54.6046526], [-5.91890559, 54.60468522]]]}, "properties": {"UNIT_ID": "CQ3.03.24", "NAME": "Service", "USE_TYPE": "Mechanical", "LEVEL_ID": "CQ3.L03", "FACILITY_ID": "CQ3", "ELEVATION_RELATIVE": 12.8, "ELEVATION_ABSOLUTE": 16.3, "HEIGHT_RELATIVE": 3.9, "ROOM_NUMBER": "03.24", "AREA_PLAN_M2": 5.4, "AREA_MODEL_M2": 5.4, "AREA_DIFF_PCT": 0.0, "SOURCE_NOTE": "inferred: typical floor, as LV04"}}, {"type": "Feature", "geometry": {"type": "Polygon", "coordinates": [[[-5.91928185, 54.60484067], [-5.9192667, 54.60483441], [-5.91930686, 54.60480179], [-5.91932202, 54.60480805], [-5.91928185, 54.60484067]]]}, "properties": {"UNIT_ID": "CQ3.03.01", "NAME": "Service", "USE_TYPE": "Mechanical", "LEVEL_ID": "CQ3.L03", "FACILITY_ID": "CQ3", "ELEVATION_RELATIVE": 12.8, "ELEVATION_ABSOLUTE": 16.3, "HEIGHT_RELATIVE": 3.9, "ROOM_NUMBER": "03.01", "AREA_PLAN_M2": 5.4, "AREA_MODEL_M2": 5.4, "AREA_DIFF_PCT": 0.0, "SOURCE_NOTE": "inferred: typical floor, as LV04"}}, {"type": "Feature", "geometry": {"type": "Polygon", "coordinates": [[[-5.91932382, 54.60480659], [-5.91930867, 54.60480033], [-5.91934883, 54.60476771], [-5.91936399, 54.60477397], [-5.91932382, 54.60480659]]]}, "properties": {"UNIT_ID": "CQ3.03.02", "NAME": "Service", "USE_TYPE": "Mechanical", "LEVEL_ID": "CQ3.L03", "FACILITY_ID": "CQ3", "ELEVATION_RELATIVE": 12.8, "ELEVATION_ABSOLUTE": 16.3, "HEIGHT_RELATIVE": 3.9, "ROOM_NUMBER": "03.02", "AREA_PLAN_M2": 5.4, "AREA_MODEL_M2": 5.4, "AREA_DIFF_PCT": 0.0, "SOURCE_NOTE": "inferred: typical floor, as LV04"}}, {"type": "Feature", "geometry": {"type": "Polygon", "coordinates": [[[-5.9192202, 54.60475274], [-5.91920454, 54.60474628], [-5.91921499, 54.60473779], [-5.91921726, 54.60473873], [-5.91921019, 54.60474448], [-5.91921039, 54.60474464], [-5.91921777, 54.60473894], [-5.91923065, 54.60474426], [-5.9192202, 54.60475274]]]}, "properties": {"UNIT_ID": "CQ3.03.08", "NAME": "Smk Vnt", "USE_TYPE": "Mechanical", "LEVEL_ID": "CQ3.L03", "FACILITY_ID": "CQ3", "ELEVATION_RELATIVE": 12.8, "ELEVATION_ABSOLUTE": 16.3, "HEIGHT_RELATIVE": 3.9, "ROOM_NUMBER": "03.08", "AREA_PLAN_M2": 1.5, "AREA_MODEL_M2": 1.4, "AREA_DIFF_PCT": -6.7, "SOURCE_NOTE": "inferred: typical floor, as LV04"}}, {"type": "Feature", "geometry": {"type": "Polygon", "coordinates": [[[-5.91920277, 54.60474555], [-5.91919495, 54.60474231], [-5.91920539, 54.60473383], [-5.91921322, 54.60473706], [-5.91920277, 54.60474555]]]}, "properties": {"UNIT_ID": "CQ3.03.09", "NAME": "WR", "USE_TYPE": "Mechanical", "LEVEL_ID": "CQ3.L03", "FACILITY_ID": "CQ3", "ELEVATION_RELATIVE": 12.8, "ELEVATION_ABSOLUTE": 16.3, "HEIGHT_RELATIVE": 3.9, "ROOM_NUMBER": "03.09", "AREA_PLAN_M2": 0.7, "AREA_MODEL_M2": 0.7, "AREA_DIFF_PCT": 0.0, "SOURCE_NOTE": "inferred: typical floor, as LV04"}}, {"type": "Feature", "geometry": {"type": "Polygon", "coordinates": [[[-5.91926298, 54.6048331], [-5.91932386, 54.60478366], [-5.91928624, 54.60476811], [-5.91922536, 54.60481755], [-5.91926298, 54.6048331]]]}, "properties": {"UNIT_ID": "CQ3.03.03", "NAME": "Stair 1", "USE_TYPE": "Stairs", "LEVEL_ID": "CQ3.L03", "FACILITY_ID": "CQ3", "ELEVATION_RELATIVE": 12.8, "ELEVATION_ABSOLUTE": 16.3, "HEIGHT_RELATIVE": 3.9, "ROOM_NUMBER": "03.03", "AREA_PLAN_M2": 19.4, "AREA_MODEL_M2": 20.1, "AREA_DIFF_PCT": 3.6, "SOURCE_NOTE": "inferred: typical floor, as LV04"}}, {"type": "Feature", "geometry": {"type": "Polygon", "coordinates": [[[-5.91921932, 54.60481658], [-5.91921629, 54.6048156], [-5.91922529, 54.60480953], [-5.91922362, 54.60480846], [-5.9192172, 54.60480731], [-5.91921272, 54.60480762], [-5.91920925, 54.60480834], [-5.91920468, 54.60481077], [-5.9191992, 54.60480851], [-5.91920253, 54.60480488], [-5.91920219, 54.60480482], [-5.91919867, 54.60480832], [-5.91919608, 54.60480698], [-5.91925981, 54.60475554], [-5.91925942, 54.60475483], [-5.91920832, 54.60473394], [-5.91921161, 54.60473096], [-5.91921127, 54.6047309], [-5.91920677, 54.60473418], [-5.91920633, 54.60473399], [-5.91922632, 54.60471776], [-5.91927938, 54.60473968], [-5.91928159, 54.60473819], [-5.9192841, 54.60473894], [-5.91927936, 54.60474216], [-5.91927957, 54.60474233], [-5.91928458, 54.60473918], [-5.9192901, 54.60474146], [-5.91928869, 54.60474261], [-5.91928746, 54.60474511], [-5.9192881, 54.60474884], [-5.91929147, 54.60475218], [-5.91929417, 54.60475329], [-5.91930152, 54.6047464], [-5.91930354, 54.60474723], [-5.91930181, 54.60474895], [-5.91931547, 54.60475459], [-5.919298, 54.60476877], [-5.91928469, 54.60476349], [-5.91921932, 54.60481658]]]}, "properties": {"UNIT_ID": "CQ3.03.06", "NAME": "FF Core", "USE_TYPE": "Firefighting Lobby", "LEVEL_ID": "CQ3.L03", "FACILITY_ID": "CQ3", "ELEVATION_RELATIVE": 12.8, "ELEVATION_ABSOLUTE": 16.3, "HEIGHT_RELATIVE": 3.9, "ROOM_NUMBER": "03.06", "AREA_PLAN_M2": 28.4, "AREA_MODEL_M2": 26.9, "AREA_DIFF_PCT": -5.3, "SOURCE_NOTE": "inferred: typical floor, as LV04"}}, {"type": "Feature", "geometry": {"type": "Polygon", "coordinates": [[[-5.91932667, 54.60478107], [-5.91929915, 54.60476969], [-5.91930833, 54.60476223], [-5.91933586, 54.60477361], [-5.91932667, 54.60478107]]]}, "properties": {"UNIT_ID": "CQ3.03.04", "NAME": "WC Supply", "USE_TYPE": "Mechanical", "LEVEL_ID": "CQ3.L03", "FACILITY_ID": "CQ3", "ELEVATION_RELATIVE": 12.8, "ELEVATION_ABSOLUTE": 16.3, "HEIGHT_RELATIVE": 3.9, "ROOM_NUMBER": "03.04", "AREA_PLAN_M2": 2.2, "AREA_MODEL_M2": 2.2, "AREA_DIFF_PCT": 0.0, "SOURCE_NOTE": "inferred: typical floor, as LV04"}}, {"type": "Feature", "geometry": {"type": "Polygon", "coordinates": [[[-5.91933586, 54.60477361], [-5.91930833, 54.60476223], [-5.91931752, 54.60475478], [-5.91934505, 54.60476615], [-5.91933586, 54.60477361]]]}, "properties": {"UNIT_ID": "CQ3.03.05", "NAME": "WC Extract", "USE_TYPE": "Mechanical", "LEVEL_ID": "CQ3.L03", "FACILITY_ID": "CQ3", "ELEVATION_RELATIVE": 12.8, "ELEVATION_ABSOLUTE": 16.3, "HEIGHT_RELATIVE": 3.9, "ROOM_NUMBER": "03.05", "AREA_PLAN_M2": 2.2, "AREA_MODEL_M2": 2.2, "AREA_DIFF_PCT": 0.0, "SOURCE_NOTE": "inferred: typical floor, as LV04"}}, {"type": "Feature", "geometry": {"type": "Polygon", "coordinates": [[[-5.91906995, 54.60469067], [-5.91905404, 54.6046841], [-5.91906448, 54.60467561], [-5.91907762, 54.60468104], [-5.91907052, 54.6046868], [-5.91907053, 54.6046868], [-5.91907787, 54.60468114], [-5.91908039, 54.60468218], [-5.91906995, 54.60469067]]]}, "properties": {"UNIT_ID": "CQ3.03.19", "NAME": "Smk Vnt", "USE_TYPE": "Mechanical", "LEVEL_ID": "CQ3.L03", "FACILITY_ID": "CQ3", "ELEVATION_RELATIVE": 12.8, "ELEVATION_ABSOLUTE": 16.3, "HEIGHT_RELATIVE": 3.9, "ROOM_NUMBER": "03.19", "AREA_PLAN_M2": 1.5, "AREA_MODEL_M2": 1.5, "AREA_DIFF_PCT": 0.0, "SOURCE_NOTE": "inferred: typical floor, as LV04"}}, {"type": "Feature", "geometry": {"type": "Polygon", "coordinates": [[[-5.91907929, 54.60469453], [-5.91907146, 54.60469129], [-5.91908191, 54.60468281], [-5.91908974, 54.60468604], [-5.91907929, 54.60469453]]]}, "properties": {"UNIT_ID": "CQ3.03.18", "NAME": "WR", "USE_TYPE": "Mechanical", "LEVEL_ID": "CQ3.L03", "FACILITY_ID": "CQ3", "ELEVATION_RELATIVE": 12.8, "ELEVATION_ABSOLUTE": 16.3, "HEIGHT_RELATIVE": 3.9, "ROOM_NUMBER": "03.18", "AREA_PLAN_M2": 0.7, "AREA_MODEL_M2": 0.7, "AREA_DIFF_PCT": 0.0, "SOURCE_NOTE": "inferred: typical floor, as LV04"}}, {"type": "Feature", "geometry": {"type": "Polygon", "coordinates": [[[-5.91914043, 54.60478224], [-5.91910862, 54.6047691], [-5.91913473, 54.60474789], [-5.91916655, 54.60476104], [-5.91914043, 54.60478224]]]}, "properties": {"UNIT_ID": "CQ3.03.10", "NAME": "Lift 1", "USE_TYPE": "Elevator", "LEVEL_ID": "CQ3.L03", "FACILITY_ID": "CQ3", "ELEVATION_RELATIVE": 12.8, "ELEVATION_ABSOLUTE": 16.3, "HEIGHT_RELATIVE": 3.9, "ROOM_NUMBER": "03.10", "AREA_PLAN_M2": 7.3, "AREA_MODEL_M2": 7.3, "AREA_DIFF_PCT": 0.0, "SOURCE_NOTE": "inferred: typical floor, as LV04"}}, {"type": "Feature", "geometry": {"type": "Polygon", "coordinates": [[[-5.91916835, 54.60475957], [-5.91913654, 54.60474643], [-5.91916283, 54.60472507], [-5.91919465, 54.60473822], [-5.91916835, 54.60475957]]]}, "properties": {"UNIT_ID": "CQ3.03.11", "NAME": "Lift 2", "USE_TYPE": "Elevator", "LEVEL_ID": "CQ3.L03", "FACILITY_ID": "CQ3", "ELEVATION_RELATIVE": 12.8, "ELEVATION_ABSOLUTE": 16.3, "HEIGHT_RELATIVE": 3.9, "ROOM_NUMBER": "03.11", "AREA_PLAN_M2": 7.3, "AREA_MODEL_M2": 7.4, "AREA_DIFF_PCT": 1.4, "SOURCE_NOTE": "inferred: typical floor, as LV04"}}, {"type": "Feature", "geometry": {"type": "Polygon", "coordinates": [[[-5.91919645, 54.60473676], [-5.91916464, 54.60472361], [-5.91917167, 54.6047179], [-5.91916806, 54.60471618], [-5.91917975, 54.6047067], [-5.91918372, 54.60470812], [-5.91919075, 54.6047024], [-5.91922257, 54.60471555], [-5.91919645, 54.60473676]]]}, "properties": {"UNIT_ID": "CQ3.03.12", "NAME": "Lift 3 (FF)", "USE_TYPE": "Elevator", "LEVEL_ID": "CQ3.L03", "FACILITY_ID": "CQ3", "ELEVATION_RELATIVE": 12.8, "ELEVATION_ABSOLUTE": 16.3, "HEIGHT_RELATIVE": 3.9, "ROOM_NUMBER": "03.12", "AREA_PLAN_M2": 7.3, "AREA_MODEL_M2": 7.7, "AREA_DIFF_PCT": 5.5, "SOURCE_NOTE": "inferred: typical floor, as LV04"}}, {"type": "Feature", "geometry": {"type": "Polygon", "coordinates": [[[-5.91909184, 54.60472796], [-5.91906002, 54.60471482], [-5.91908632, 54.60469346], [-5.91911814, 54.60470661], [-5.91909184, 54.60472796]]]}, "properties": {"UNIT_ID": "CQ3.03.15", "NAME": "Lift 5", "USE_TYPE": "Elevator", "LEVEL_ID": "CQ3.L03", "FACILITY_ID": "CQ3", "ELEVATION_RELATIVE": 12.8, "ELEVATION_ABSOLUTE": 16.3, "HEIGHT_RELATIVE": 3.9, "ROOM_NUMBER": "03.15", "AREA_PLAN_M2": 7.3, "AREA_MODEL_M2": 7.4, "AREA_DIFF_PCT": 1.4, "SOURCE_NOTE": "inferred: typical floor, as LV04"}}, {"type": "Feature", "geometry": {"type": "Polygon", "coordinates": [[[-5.91911994, 54.60470514], [-5.91908812, 54.604692], [-5.91911424, 54.60467079], [-5.91914606, 54.60468393], [-5.91913902, 54.60468965], [-5.91914237, 54.60469126], [-5.91913069, 54.60470074], [-5.91912698, 54.60469943], [-5.91911994, 54.60470514]]]}, "properties": {"UNIT_ID": "CQ3.03.16", "NAME": "Lift 6 (FF)", "USE_TYPE": "Elevator", "LEVEL_ID": "CQ3.L03", "FACILITY_ID": "CQ3", "ELEVATION_RELATIVE": 12.8, "ELEVATION_ABSOLUTE": 16.3, "HEIGHT_RELATIVE": 3.9, "ROOM_NUMBER": "03.16", "AREA_PLAN_M2": 7.3, "AREA_MODEL_M2": 7.7, "AREA_DIFF_PCT": 5.5, "SOURCE_NOTE": "inferred: typical floor, as LV04"}}, {"type": "Feature", "geometry": {"type": "Polygon", "coordinates": [[[-5.91919578, 54.60480599], [-5.91925767, 54.60475542], [-5.91925741, 54.60475532], [-5.91924716, 54.60476364], [-5.91924691, 54.60476356], [-5.91924713, 54.60476367], [-5.91919635, 54.6048049], [-5.91914837, 54.60478508], [-5.91919791, 54.60474486], [-5.91922022, 54.60475408], [-5.91922047, 54.604754], [-5.91922017, 54.60475295], [-5.91919502, 54.60474256], [-5.91920583, 54.60473379], [-5.91923097, 54.60474418], [-5.91923227, 54.60474405], [-5.91925983, 54.60475521], [-5.91924837, 54.60476452], [-5.91924768, 54.60476446], [-5.91919628, 54.6048062], [-5.91919578, 54.60480599]], [[-5.91919549, 54.60480344], [-5.91923699, 54.60477005], [-5.91923135, 54.60476751], [-5.91918985, 54.6048009], [-5.91919549, 54.60480344]]]}, "properties": {"UNIT_ID": "CQ3.03.07", "NAME": "Female WC", "USE_TYPE": "Restroom - Female", "LEVEL_ID": "CQ3.L03", "FACILITY_ID": "CQ3", "ELEVATION_RELATIVE": 12.8, "ELEVATION_ABSOLUTE": 16.3, "HEIGHT_RELATIVE": 3.9, "ROOM_NUMBER": "03.07", "AREA_PLAN_M2": 23.4, "AREA_MODEL_M2": 24.5, "AREA_DIFF_PCT": 4.7, "SOURCE_NOTE": "inferred: typical floor, as LV04"}}, {"type": "Feature", "geometry": {"type": "Polygon", "coordinates": [[[-5.91906392, 54.60475063], [-5.9190321, 54.60473749], [-5.91905822, 54.60471628], [-5.91909004, 54.60472942], [-5.91906392, 54.60475063]]]}, "properties": {"UNIT_ID": "CQ3.03.14", "NAME": "Lift 4", "USE_TYPE": "Elevator", "LEVEL_ID": "CQ3.L03", "FACILITY_ID": "CQ3", "ELEVATION_RELATIVE": 12.8, "ELEVATION_ABSOLUTE": 16.3, "HEIGHT_RELATIVE": 3.9, "ROOM_NUMBER": "03.14", "AREA_PLAN_M2": 7.3, "AREA_MODEL_M2": 7.3, "AREA_DIFF_PCT": 0.0, "SOURCE_NOTE": "inferred: typical floor, as LV04"}}, {"type": "Feature", "geometry": {"type": "Polygon", "coordinates": [[[-5.91930584, 54.60497217], [-5.91929732, 54.60496887], [-5.91929137, 54.60497371], [-5.91924845, 54.60495597], [-5.9192544, 54.60495114], [-5.91924976, 54.60494902], [-5.91924339, 54.60495388], [-5.91917294, 54.60492477], [-5.91917889, 54.60491994], [-5.919174, 54.60491772], [-5.91916763, 54.60492258], [-5.91909718, 54.60489347], [-5.91910314, 54.60488864], [-5.91909824, 54.60488642], [-5.91909187, 54.60489128], [-5.91902117, 54.60486207], [-5.91902713, 54.60485724], [-5.91902248, 54.60485512], [-5.91901612, 54.60485998], [-5.91894567, 54.60483088], [-5.91895162, 54.60482604], [-5.91894673, 54.60482382], [-5.91894036, 54.60482868], [-5.91886991, 54.60479958], [-5.91887586, 54.60479474], [-5.91887097, 54.60479252], [-5.9188646, 54.60479738], [-5.9187939, 54.60476817], [-5.91879985, 54.60476334], [-5.91879521, 54.60476122], [-5.91878884, 54.60476608], [-5.9187184, 54.60473698], [-5.91872435, 54.60473215], [-5.91871945, 54.60472992], [-5.91871309, 54.60473479], [-5.91867042, 54.60471716], [-5.91867637, 54.60471233], [-5.91866821, 54.60470874], [-5.91876601, 54.60462932], [-5.91877411, 54.60463266], [-5.91877794, 54.60462983], [-5.9187698, 54.60462624], [-5.91877916, 54.60461864], [-5.91882657, 54.60463801], [-5.91888475, 54.60459076], [-5.91883771, 54.6045711], [-5.91884707, 54.6045635], [-5.91885516, 54.60456684], [-5.91885918, 54.60456386], [-5.91885104, 54.60456028], [-5.91894884, 54.60448086], [-5.91895735, 54.60448416], [-5.91896312, 54.60447947], [-5.91900579, 54.6044971], [-5.9190001, 54.60450203], [-5.91900533, 54.60450398], [-5.9190111, 54.6044993], [-5.91908155, 54.60452841], [-5.91907578, 54.60453309], [-5.91908042, 54.60453521], [-5.91908661, 54.6045305], [-5.91911285, 54.60454133], [-5.91911094, 54.60454319], [-5.91915514, 54.60456146], [-5.91915161, 54.60456463], [-5.91915642, 54.60456662], [-5.91916262, 54.6045619], [-5.91923307, 54.604591], [-5.9192273, 54.60459569], [-5.91923219, 54.60459791], [-5.91923838, 54.6045932], [-5.91930882, 54.6046223], [-5.91930305, 54.60462699], [-5.91930769, 54.60462911], [-5.91931388, 54.60462439], [-5.91938458, 54.6046536], [-5.91937881, 54.60465829], [-5.9193837, 54.60466051], [-5.91938989, 54.6046558], [-5.91946034, 54.6046849], [-5.91945457, 54.60468959], [-5.91945946, 54.60469181], [-5.91946565, 54.6046871], [-5.9195361, 54.6047162], [-5.91953032, 54.60472089], [-5.91953497, 54.60472301], [-5.91954115, 54.60471829], [-5.91958407, 54.60473602], [-5.91957838, 54.60474095], [-5.91958647, 54.60474429], [-5.91948866, 54.60482372], [-5.91948057, 54.60482037], [-5.91947655, 54.60482335], [-5.91948469, 54.60482694], [-5.91947533, 54.60483454], [-5.91942768, 54.60481507], [-5.91936949, 54.60486232], [-5.91941679, 54.60488208], [-5.91940742, 54.60488968], [-5.91939933, 54.60488634], [-5.91939549, 54.60488917], [-5.91940363, 54.60489276], [-5.91930584, 54.60497217]], [[-5.91890354, 54.60458662], [-5.9189071, 54.60458345], [-5.91890188, 54.6045815], [-5.91889833, 54.60458467], [-5.91890354, 54.60458662]], [[-5.91882249, 54.60465244], [-5.91882586, 54.60464942], [-5.91882065, 54.60464747], [-5.91881727, 54.60465049], [-5.91882249, 54.60465244]], [[-5.91930294, 54.60484211], [-5.91930362, 54.60484155], [-5.91930409, 54.60483932], [-5.91931227, 54.60483267], [-5.9193171, 54.60483092], [-5.91932153, 54.60482732], [-5.91932283, 54.6048241], [-5.91933102, 54.60481745], [-5.91933452, 54.60481647], [-5.91934065, 54.60481179], [-5.91934162, 54.60481071], [-5.91934209, 54.60480846], [-5.91935011, 54.60480195], [-5.91935361, 54.60480096], [-5.91935939, 54.60479658], [-5.91936036, 54.60479549], [-5.91936082, 54.60479325], [-5.91936884, 54.60478673], [-5.91937174, 54.60478594], [-5.91937316, 54.60478504], [-5.91936202, 54.60478022], [-5.91937023, 54.60477324], [-5.91930582, 54.60474663], [-5.9192989, 54.60475194], [-5.91928741, 54.60474719], [-5.91928756, 54.60474447], [-5.9192899, 54.60474138], [-5.9192813, 54.60473783], [-5.91928213, 54.60473684], [-5.91918991, 54.60469874], [-5.91918084, 54.60470581], [-5.91916917, 54.60470099], [-5.91916846, 54.60470022], [-5.9191671, 54.60469629], [-5.91916795, 54.60469371], [-5.9191687, 54.60469284], [-5.91916823, 54.60469315], [-5.91916454, 54.60469456], [-5.91915664, 54.60469533], [-5.91915514, 54.60469519], [-5.91914347, 54.60469037], [-5.91915205, 54.6046831], [-5.91906011, 54.60464511], [-5.91905708, 54.60464727], [-5.9190558, 54.6046474], [-5.91905317, 54.60464953], [-5.91904165, 54.60464477], [-5.91904215, 54.6046424], [-5.91904419, 54.60463986], [-5.9190356, 54.60463631], [-5.91903642, 54.60463533], [-5.91897173, 54.6046086], [-5.91896464, 54.60461405], [-5.9189531, 54.60460951], [-5.91895133, 54.60461094], [-5.91895033, 54.60461362], [-5.91894215, 54.60462026], [-5.91893793, 54.60462182], [-5.9189326, 54.60462616], [-5.91893141, 54.60462898], [-5.91892342, 54.60463547], [-5.9189192, 54.60463704], [-5.9189135, 54.60464166], [-5.91891232, 54.60464448], [-5.91890414, 54.60465112], [-5.9189001, 54.60465254], [-5.91889459, 54.60465702], [-5.91889359, 54.60465969], [-5.91888541, 54.60466633], [-5.91888137, 54.60466775], [-5.91887942, 54.60466934], [-5.9188906, 54.60467417], [-5.91888419, 54.60467969], [-5.91894813, 54.6047061], [-5.91894929, 54.60470548], [-5.91895863, 54.60470934], [-5.91896372, 54.60470672], [-5.9189675, 54.60470594], [-5.91897899, 54.60471069], [-5.91897345, 54.60471519], [-5.918973, 54.60471638], [-5.91906451, 54.60475418], [-5.91907358, 54.60474712], [-5.919085, 54.60475184], [-5.91908636, 54.60475332], [-5.91908729, 54.60475731], [-5.91908512, 54.60476059], [-5.9190878, 54.6047591], [-5.91909095, 54.60475813], [-5.91909736, 54.60475764], [-5.91909953, 54.60475784], [-5.91911095, 54.60476256], [-5.91910237, 54.60476983], [-5.91919384, 54.60480762], [-5.91919499, 54.60480699], [-5.91920434, 54.60481085], [-5.91920943, 54.60480823], [-5.91921321, 54.60480745], [-5.9192247, 54.6048122], [-5.91921915, 54.60481671], [-5.91921871, 54.60481789], [-5.91928269, 54.60484433], [-5.9192914, 54.60483756], [-5.91930294, 54.60484211]], [[-5.9194332, 54.60480565], [-5.91943721, 54.60480267], [-5.91943258, 54.60480056], [-5.91942856, 54.60480353], [-5.9194332, 54.60480565]], [[-5.91935254, 54.60487143], [-5.91935591, 54.60486841], [-5.91935095, 54.60486656], [-5.91934758, 54.60486958], [-5.91935254, 54.60487143]]]}, "properties": {"UNIT_ID": "CQ3.04.26", "NAME": "Office", "USE_TYPE": "Office", "LEVEL_ID": "CQ3.L04", "FACILITY_ID": "CQ3", "ELEVATION_RELATIVE": 16.7, "ELEVATION_ABSOLUTE": 20.2, "HEIGHT_RELATIVE": 3.9, "ROOM_NUMBER": "04.26", "AREA_PLAN_M2": 1274.6, "AREA_MODEL_M2": 1272.3, "AREA_DIFF_PCT": -0.2, "SOURCE_NOTE": "drawn"}}, {"type": "Feature", "geometry": {"type": "Polygon", "coordinates": [[[-5.9191049, 54.60476778], [-5.91918686, 54.60470123], [-5.91914974, 54.6046859], [-5.91906778, 54.60475245], [-5.9191049, 54.60476778]]]}, "properties": {"UNIT_ID": "CQ3.04.13", "NAME": "Lift Lobby", "USE_TYPE": "Lift Lobby", "LEVEL_ID": "CQ3.L04", "FACILITY_ID": "CQ3", "ELEVATION_RELATIVE": 16.7, "ELEVATION_ABSOLUTE": 20.2, "HEIGHT_RELATIVE": 3.9, "ROOM_NUMBER": "04.13", "AREA_PLAN_M2": 27.0, "AREA_MODEL_M2": 26.8, "AREA_DIFF_PCT": -0.7, "SOURCE_NOTE": "drawn"}}, {"type": "Feature", "geometry": {"type": "Polygon", "coordinates": [[[-5.91902867, 54.60473563], [-5.91902514, 54.60473417], [-5.91907165, 54.6046961], [-5.91907164, 54.6046961], [-5.91902489, 54.60473406], [-5.91897691, 54.60471424], [-5.91901631, 54.60468224], [-5.91901658, 54.6046823], [-5.91901639, 54.60468218], [-5.91902662, 54.60467387], [-5.91907821, 54.60469541], [-5.91902867, 54.60473563]], [[-5.91898514, 54.60471653], [-5.91901313, 54.60469411], [-5.91900749, 54.60469157], [-5.9189795, 54.604714], [-5.91898514, 54.60471653]]]}, "properties": {"UNIT_ID": "CQ3.04.17", "NAME": "Male WC", "USE_TYPE": "Restroom - Male", "LEVEL_ID": "CQ3.L04", "FACILITY_ID": "CQ3", "ELEVATION_RELATIVE": 16.7, "ELEVATION_ABSOLUTE": 20.2, "HEIGHT_RELATIVE": 3.9, "ROOM_NUMBER": "04.17", "AREA_PLAN_M2": 20.3, "AREA_MODEL_M2": 21.1, "AREA_DIFF_PCT": 3.9, "SOURCE_NOTE": "drawn"}}, {"type": "Feature", "geometry": {"type": "Polygon", "coordinates": [[[-5.91895038, 54.60470546], [-5.91901575, 54.60465238], [-5.91900381, 54.60464723], [-5.91900878, 54.60464288], [-5.91901031, 54.60464199], [-5.91901318, 54.60464294], [-5.91901838, 54.60464358], [-5.91902329, 54.60464323], [-5.91902878, 54.60464181], [-5.91903278, 54.60463914], [-5.91901917, 54.6046344], [-5.9190213, 54.60463306], [-5.91903367, 54.60463816], [-5.91903587, 54.60463668], [-5.91903814, 54.60463732], [-5.9190334, 54.60464055], [-5.91903362, 54.60464072], [-5.91903888, 54.60463767], [-5.9190444, 54.60463995], [-5.91904299, 54.60464109], [-5.91904176, 54.6046436], [-5.9190424, 54.60464733], [-5.91904576, 54.60465066], [-5.91904847, 54.60465178], [-5.91905581, 54.60464489], [-5.91905783, 54.60464572], [-5.9190561, 54.60464743], [-5.91910915, 54.60466935], [-5.91908916, 54.60468558], [-5.91908872, 54.60468541], [-5.91909262, 54.60468186], [-5.9190926, 54.60468184], [-5.91908886, 54.60468458], [-5.9190419, 54.60466518], [-5.91905001, 54.6046586], [-5.9190495, 54.60465839], [-5.91904138, 54.60466498], [-5.91903785, 54.60466329], [-5.91903701, 54.60466327], [-5.91897361, 54.60471506], [-5.91897058, 54.60471408], [-5.91897959, 54.60470802], [-5.9189779, 54.60470693], [-5.91897486, 54.6047061], [-5.91897152, 54.6047058], [-5.91896702, 54.60470611], [-5.91896354, 54.60470682], [-5.91895897, 54.60470926], [-5.9189535, 54.604707], [-5.91895659, 54.60470327], [-5.91895623, 54.60470321], [-5.9189527, 54.6047067], [-5.91895038, 54.60470546]]]}, "properties": {"UNIT_ID": "CQ3.04.21", "NAME": "FF Core", "USE_TYPE": "Firefighting Lobby", "LEVEL_ID": "CQ3.L04", "FACILITY_ID": "CQ3", "ELEVATION_RELATIVE": 16.7, "ELEVATION_ABSOLUTE": 20.2, "HEIGHT_RELATIVE": 3.9, "ROOM_NUMBER": "04.21", "AREA_PLAN_M2": 28.3, "AREA_MODEL_M2": 25.8, "AREA_DIFF_PCT": -8.8, "SOURCE_NOTE": "drawn"}}, {"type": "Feature", "geometry": {"type": "Polygon", "coordinates": [[[-5.91906067, 54.60467778], [-5.91905553, 54.60467586], [-5.91905558, 54.60467604], [-5.91905143, 54.6046794], [-5.91905075, 54.60467934], [-5.91904798, 54.60468159], [-5.91902601, 54.60467251], [-5.91903735, 54.6046633], [-5.91906463, 54.60467457], [-5.91906067, 54.60467778]]]}, "properties": {"UNIT_ID": "CQ3.04.20", "NAME": "Clnr Str", "USE_TYPE": "Janitor", "LEVEL_ID": "CQ3.L04", "FACILITY_ID": "CQ3", "ELEVATION_RELATIVE": 16.7, "ELEVATION_ABSOLUTE": 20.2, "HEIGHT_RELATIVE": 3.9, "ROOM_NUMBER": "04.20", "AREA_PLAN_M2": 2.3, "AREA_MODEL_M2": 2.4, "AREA_DIFF_PCT": 4.3, "SOURCE_NOTE": "drawn"}}, {"type": "Feature", "geometry": {"type": "Polygon", "coordinates": [[[-5.91894733, 54.60470268], [-5.91900821, 54.60465324], [-5.91897058, 54.6046377], [-5.9189097, 54.60468714], [-5.91894733, 54.60470268]]]}, "properties": {"UNIT_ID": "CQ3.04.22", "NAME": "Stair 2", "USE_TYPE": "Stairs", "LEVEL_ID": "CQ3.L04", "FACILITY_ID": "CQ3", "ELEVATION_RELATIVE": 16.7, "ELEVATION_ABSOLUTE": 20.2, "HEIGHT_RELATIVE": 3.9, "ROOM_NUMBER": "04.22", "AREA_PLAN_M2": 19.4, "AREA_MODEL_M2": 20.1, "AREA_DIFF_PCT": 3.6, "SOURCE_NOTE": "drawn"}}, {"type": "Feature", "geometry": {"type": "Polygon", "coordinates": [[[-5.91902216, 54.60464346], [-5.91901592, 54.6046434], [-5.91901031, 54.60464194], [-5.91900624, 54.60464493], [-5.9189762, 54.60463252], [-5.91899097, 54.60462052], [-5.91903036, 54.6046368], [-5.91902216, 54.60464346]]]}, "properties": {"UNIT_ID": "CQ3.04.23", "NAME": "Dis WC", "USE_TYPE": "Restroom - Accessible", "LEVEL_ID": "CQ3.L04", "FACILITY_ID": "CQ3", "ELEVATION_RELATIVE": 16.7, "ELEVATION_ABSOLUTE": 20.2, "HEIGHT_RELATIVE": 3.9, "ROOM_NUMBER": "04.23", "AREA_PLAN_M2": 4.3, "AREA_MODEL_M2": 4.7, "AREA_DIFF_PCT": 9.3, "SOURCE_NOTE": "drawn"}}, {"type": "Feature", "geometry": {"type": "Polygon", "coordinates": [[[-5.91894756, 54.60465114], [-5.9189324, 54.60464488], [-5.91897257, 54.60461226], [-5.91898772, 54.60461852], [-5.91894756, 54.60465114]]]}, "properties": {"UNIT_ID": "CQ3.04.25", "NAME": "Service", "USE_TYPE": "Mechanical", "LEVEL_ID": "CQ3.L04", "FACILITY_ID": "CQ3", "ELEVATION_RELATIVE": 16.7, "ELEVATION_ABSOLUTE": 20.2, "HEIGHT_RELATIVE": 3.9, "ROOM_NUMBER": "04.25", "AREA_PLAN_M2": 5.4, "AREA_MODEL_M2": 5.4, "AREA_DIFF_PCT": 0.0, "SOURCE_NOTE": "drawn"}}, {"type": "Feature", "geometry": {"type": "Polygon", "coordinates": [[[-5.91890559, 54.60468522], [-5.91889044, 54.60467896], [-5.9189306, 54.60464634], [-5.91894575, 54.6046526], [-5.91890559, 54.60468522]]]}, "properties": {"UNIT_ID": "CQ3.04.24", "NAME": "Service", "USE_TYPE": "Mechanical", "LEVEL_ID": "CQ3.L04", "FACILITY_ID": "CQ3", "ELEVATION_RELATIVE": 16.7, "ELEVATION_ABSOLUTE": 20.2, "HEIGHT_RELATIVE": 3.9, "ROOM_NUMBER": "04.24", "AREA_PLAN_M2": 5.4, "AREA_MODEL_M2": 5.4, "AREA_DIFF_PCT": 0.0, "SOURCE_NOTE": "drawn"}}, {"type": "Feature", "geometry": {"type": "Polygon", "coordinates": [[[-5.91928185, 54.60484067], [-5.9192667, 54.60483441], [-5.91930686, 54.60480179], [-5.91932202, 54.60480805], [-5.91928185, 54.60484067]]]}, "properties": {"UNIT_ID": "CQ3.04.01", "NAME": "Service", "USE_TYPE": "Mechanical", "LEVEL_ID": "CQ3.L04", "FACILITY_ID": "CQ3", "ELEVATION_RELATIVE": 16.7, "ELEVATION_ABSOLUTE": 20.2, "HEIGHT_RELATIVE": 3.9, "ROOM_NUMBER": "04.01", "AREA_PLAN_M2": 5.4, "AREA_MODEL_M2": 5.4, "AREA_DIFF_PCT": 0.0, "SOURCE_NOTE": "drawn"}}, {"type": "Feature", "geometry": {"type": "Polygon", "coordinates": [[[-5.91932382, 54.60480659], [-5.91930867, 54.60480033], [-5.91934883, 54.60476771], [-5.91936399, 54.60477397], [-5.91932382, 54.60480659]]]}, "properties": {"UNIT_ID": "CQ3.04.02", "NAME": "Service", "USE_TYPE": "Mechanical", "LEVEL_ID": "CQ3.L04", "FACILITY_ID": "CQ3", "ELEVATION_RELATIVE": 16.7, "ELEVATION_ABSOLUTE": 20.2, "HEIGHT_RELATIVE": 3.9, "ROOM_NUMBER": "04.02", "AREA_PLAN_M2": 5.4, "AREA_MODEL_M2": 5.4, "AREA_DIFF_PCT": 0.0, "SOURCE_NOTE": "drawn"}}, {"type": "Feature", "geometry": {"type": "Polygon", "coordinates": [[[-5.9192202, 54.60475274], [-5.91920454, 54.60474628], [-5.91921499, 54.60473779], [-5.91921726, 54.60473873], [-5.91921019, 54.60474448], [-5.91921039, 54.60474464], [-5.91921777, 54.60473894], [-5.91923065, 54.60474426], [-5.9192202, 54.60475274]]]}, "properties": {"UNIT_ID": "CQ3.04.08", "NAME": "Smk Vnt", "USE_TYPE": "Mechanical", "LEVEL_ID": "CQ3.L04", "FACILITY_ID": "CQ3", "ELEVATION_RELATIVE": 16.7, "ELEVATION_ABSOLUTE": 20.2, "HEIGHT_RELATIVE": 3.9, "ROOM_NUMBER": "04.08", "AREA_PLAN_M2": 1.5, "AREA_MODEL_M2": 1.4, "AREA_DIFF_PCT": -6.7, "SOURCE_NOTE": "drawn"}}, {"type": "Feature", "geometry": {"type": "Polygon", "coordinates": [[[-5.91920277, 54.60474555], [-5.91919495, 54.60474231], [-5.91920539, 54.60473383], [-5.91921322, 54.60473706], [-5.91920277, 54.60474555]]]}, "properties": {"UNIT_ID": "CQ3.04.09", "NAME": "WR", "USE_TYPE": "Mechanical", "LEVEL_ID": "CQ3.L04", "FACILITY_ID": "CQ3", "ELEVATION_RELATIVE": 16.7, "ELEVATION_ABSOLUTE": 20.2, "HEIGHT_RELATIVE": 3.9, "ROOM_NUMBER": "04.09", "AREA_PLAN_M2": 0.7, "AREA_MODEL_M2": 0.7, "AREA_DIFF_PCT": 0.0, "SOURCE_NOTE": "drawn"}}, {"type": "Feature", "geometry": {"type": "Polygon", "coordinates": [[[-5.91926298, 54.6048331], [-5.91932386, 54.60478366], [-5.91928624, 54.60476811], [-5.91922536, 54.60481755], [-5.91926298, 54.6048331]]]}, "properties": {"UNIT_ID": "CQ3.04.03", "NAME": "Stair 1", "USE_TYPE": "Stairs", "LEVEL_ID": "CQ3.L04", "FACILITY_ID": "CQ3", "ELEVATION_RELATIVE": 16.7, "ELEVATION_ABSOLUTE": 20.2, "HEIGHT_RELATIVE": 3.9, "ROOM_NUMBER": "04.03", "AREA_PLAN_M2": 19.4, "AREA_MODEL_M2": 20.1, "AREA_DIFF_PCT": 3.6, "SOURCE_NOTE": "drawn"}}, {"type": "Feature", "geometry": {"type": "Polygon", "coordinates": [[[-5.91921932, 54.60481658], [-5.91921629, 54.6048156], [-5.91922529, 54.60480953], [-5.91922362, 54.60480846], [-5.9192172, 54.60480731], [-5.91921272, 54.60480762], [-5.91920925, 54.60480834], [-5.91920468, 54.60481077], [-5.9191992, 54.60480851], [-5.91920253, 54.60480488], [-5.91920219, 54.60480482], [-5.91919867, 54.60480832], [-5.91919608, 54.60480698], [-5.91925981, 54.60475554], [-5.91925942, 54.60475483], [-5.91920832, 54.60473394], [-5.91921161, 54.60473096], [-5.91921127, 54.6047309], [-5.91920677, 54.60473418], [-5.91920633, 54.60473399], [-5.91922632, 54.60471776], [-5.91927938, 54.60473968], [-5.91928159, 54.60473819], [-5.9192841, 54.60473894], [-5.91927936, 54.60474216], [-5.91927957, 54.60474233], [-5.91928458, 54.60473918], [-5.9192901, 54.60474146], [-5.91928869, 54.60474261], [-5.91928746, 54.60474511], [-5.9192881, 54.60474884], [-5.91929147, 54.60475218], [-5.91929417, 54.60475329], [-5.91930152, 54.6047464], [-5.91930354, 54.60474723], [-5.91930181, 54.60474895], [-5.91931547, 54.60475459], [-5.919298, 54.60476877], [-5.91928469, 54.60476349], [-5.91921932, 54.60481658]]]}, "properties": {"UNIT_ID": "CQ3.04.06", "NAME": "FF Core", "USE_TYPE": "Firefighting Lobby", "LEVEL_ID": "CQ3.L04", "FACILITY_ID": "CQ3", "ELEVATION_RELATIVE": 16.7, "ELEVATION_ABSOLUTE": 20.2, "HEIGHT_RELATIVE": 3.9, "ROOM_NUMBER": "04.06", "AREA_PLAN_M2": 28.4, "AREA_MODEL_M2": 26.9, "AREA_DIFF_PCT": -5.3, "SOURCE_NOTE": "drawn"}}, {"type": "Feature", "geometry": {"type": "Polygon", "coordinates": [[[-5.91932667, 54.60478107], [-5.91929915, 54.60476969], [-5.91930833, 54.60476223], [-5.91933586, 54.60477361], [-5.91932667, 54.60478107]]]}, "properties": {"UNIT_ID": "CQ3.04.04", "NAME": "WC Supply", "USE_TYPE": "Mechanical", "LEVEL_ID": "CQ3.L04", "FACILITY_ID": "CQ3", "ELEVATION_RELATIVE": 16.7, "ELEVATION_ABSOLUTE": 20.2, "HEIGHT_RELATIVE": 3.9, "ROOM_NUMBER": "04.04", "AREA_PLAN_M2": 2.2, "AREA_MODEL_M2": 2.2, "AREA_DIFF_PCT": 0.0, "SOURCE_NOTE": "drawn"}}, {"type": "Feature", "geometry": {"type": "Polygon", "coordinates": [[[-5.91933586, 54.60477361], [-5.91930833, 54.60476223], [-5.91931752, 54.60475478], [-5.91934505, 54.60476615], [-5.91933586, 54.60477361]]]}, "properties": {"UNIT_ID": "CQ3.04.05", "NAME": "WC Extract", "USE_TYPE": "Mechanical", "LEVEL_ID": "CQ3.L04", "FACILITY_ID": "CQ3", "ELEVATION_RELATIVE": 16.7, "ELEVATION_ABSOLUTE": 20.2, "HEIGHT_RELATIVE": 3.9, "ROOM_NUMBER": "04.05", "AREA_PLAN_M2": 2.2, "AREA_MODEL_M2": 2.2, "AREA_DIFF_PCT": 0.0, "SOURCE_NOTE": "drawn"}}, {"type": "Feature", "geometry": {"type": "Polygon", "coordinates": [[[-5.91906995, 54.60469067], [-5.91905404, 54.6046841], [-5.91906448, 54.60467561], [-5.91907762, 54.60468104], [-5.91907052, 54.6046868], [-5.91907053, 54.6046868], [-5.91907787, 54.60468114], [-5.91908039, 54.60468218], [-5.91906995, 54.60469067]]]}, "properties": {"UNIT_ID": "CQ3.04.19", "NAME": "Smk Vnt", "USE_TYPE": "Mechanical", "LEVEL_ID": "CQ3.L04", "FACILITY_ID": "CQ3", "ELEVATION_RELATIVE": 16.7, "ELEVATION_ABSOLUTE": 20.2, "HEIGHT_RELATIVE": 3.9, "ROOM_NUMBER": "04.19", "AREA_PLAN_M2": 1.5, "AREA_MODEL_M2": 1.5, "AREA_DIFF_PCT": 0.0, "SOURCE_NOTE": "drawn"}}, {"type": "Feature", "geometry": {"type": "Polygon", "coordinates": [[[-5.91907929, 54.60469453], [-5.91907146, 54.60469129], [-5.91908191, 54.60468281], [-5.91908974, 54.60468604], [-5.91907929, 54.60469453]]]}, "properties": {"UNIT_ID": "CQ3.04.18", "NAME": "WR", "USE_TYPE": "Mechanical", "LEVEL_ID": "CQ3.L04", "FACILITY_ID": "CQ3", "ELEVATION_RELATIVE": 16.7, "ELEVATION_ABSOLUTE": 20.2, "HEIGHT_RELATIVE": 3.9, "ROOM_NUMBER": "04.18", "AREA_PLAN_M2": 0.7, "AREA_MODEL_M2": 0.7, "AREA_DIFF_PCT": 0.0, "SOURCE_NOTE": "drawn"}}, {"type": "Feature", "geometry": {"type": "Polygon", "coordinates": [[[-5.91914043, 54.60478224], [-5.91910862, 54.6047691], [-5.91913473, 54.60474789], [-5.91916655, 54.60476104], [-5.91914043, 54.60478224]]]}, "properties": {"UNIT_ID": "CQ3.04.10", "NAME": "Lift 1", "USE_TYPE": "Elevator", "LEVEL_ID": "CQ3.L04", "FACILITY_ID": "CQ3", "ELEVATION_RELATIVE": 16.7, "ELEVATION_ABSOLUTE": 20.2, "HEIGHT_RELATIVE": 3.9, "ROOM_NUMBER": "04.10", "AREA_PLAN_M2": 7.3, "AREA_MODEL_M2": 7.3, "AREA_DIFF_PCT": 0.0, "SOURCE_NOTE": "drawn"}}, {"type": "Feature", "geometry": {"type": "Polygon", "coordinates": [[[-5.91916835, 54.60475957], [-5.91913654, 54.60474643], [-5.91916283, 54.60472507], [-5.91919465, 54.60473822], [-5.91916835, 54.60475957]]]}, "properties": {"UNIT_ID": "CQ3.04.11", "NAME": "Lift 2", "USE_TYPE": "Elevator", "LEVEL_ID": "CQ3.L04", "FACILITY_ID": "CQ3", "ELEVATION_RELATIVE": 16.7, "ELEVATION_ABSOLUTE": 20.2, "HEIGHT_RELATIVE": 3.9, "ROOM_NUMBER": "04.11", "AREA_PLAN_M2": 7.3, "AREA_MODEL_M2": 7.4, "AREA_DIFF_PCT": 1.4, "SOURCE_NOTE": "drawn"}}, {"type": "Feature", "geometry": {"type": "Polygon", "coordinates": [[[-5.91919645, 54.60473676], [-5.91916464, 54.60472361], [-5.91917167, 54.6047179], [-5.91916806, 54.60471618], [-5.91917975, 54.6047067], [-5.91918372, 54.60470812], [-5.91919075, 54.6047024], [-5.91922257, 54.60471555], [-5.91919645, 54.60473676]]]}, "properties": {"UNIT_ID": "CQ3.04.12", "NAME": "Lift 3 (FF)", "USE_TYPE": "Elevator", "LEVEL_ID": "CQ3.L04", "FACILITY_ID": "CQ3", "ELEVATION_RELATIVE": 16.7, "ELEVATION_ABSOLUTE": 20.2, "HEIGHT_RELATIVE": 3.9, "ROOM_NUMBER": "04.12", "AREA_PLAN_M2": 7.3, "AREA_MODEL_M2": 7.7, "AREA_DIFF_PCT": 5.5, "SOURCE_NOTE": "drawn"}}, {"type": "Feature", "geometry": {"type": "Polygon", "coordinates": [[[-5.91909184, 54.60472796], [-5.91906002, 54.60471482], [-5.91908632, 54.60469346], [-5.91911814, 54.60470661], [-5.91909184, 54.60472796]]]}, "properties": {"UNIT_ID": "CQ3.04.15", "NAME": "Lift 5", "USE_TYPE": "Elevator", "LEVEL_ID": "CQ3.L04", "FACILITY_ID": "CQ3", "ELEVATION_RELATIVE": 16.7, "ELEVATION_ABSOLUTE": 20.2, "HEIGHT_RELATIVE": 3.9, "ROOM_NUMBER": "04.15", "AREA_PLAN_M2": 7.3, "AREA_MODEL_M2": 7.4, "AREA_DIFF_PCT": 1.4, "SOURCE_NOTE": "drawn"}}, {"type": "Feature", "geometry": {"type": "Polygon", "coordinates": [[[-5.91911994, 54.60470514], [-5.91908812, 54.604692], [-5.91911424, 54.60467079], [-5.91914606, 54.60468393], [-5.91913902, 54.60468965], [-5.91914237, 54.60469126], [-5.91913069, 54.60470074], [-5.91912698, 54.60469943], [-5.91911994, 54.60470514]]]}, "properties": {"UNIT_ID": "CQ3.04.16", "NAME": "Lift 6 (FF)", "USE_TYPE": "Elevator", "LEVEL_ID": "CQ3.L04", "FACILITY_ID": "CQ3", "ELEVATION_RELATIVE": 16.7, "ELEVATION_ABSOLUTE": 20.2, "HEIGHT_RELATIVE": 3.9, "ROOM_NUMBER": "04.16", "AREA_PLAN_M2": 7.3, "AREA_MODEL_M2": 7.7, "AREA_DIFF_PCT": 5.5, "SOURCE_NOTE": "drawn"}}, {"type": "Feature", "geometry": {"type": "Polygon", "coordinates": [[[-5.91919578, 54.60480599], [-5.91925767, 54.60475542], [-5.91925741, 54.60475532], [-5.91924716, 54.60476364], [-5.91924691, 54.60476356], [-5.91924713, 54.60476367], [-5.91919635, 54.6048049], [-5.91914837, 54.60478508], [-5.91919791, 54.60474486], [-5.91922022, 54.60475408], [-5.91922047, 54.604754], [-5.91922017, 54.60475295], [-5.91919502, 54.60474256], [-5.91920583, 54.60473379], [-5.91923097, 54.60474418], [-5.91923227, 54.60474405], [-5.91925983, 54.60475521], [-5.91924837, 54.60476452], [-5.91924768, 54.60476446], [-5.91919628, 54.6048062], [-5.91919578, 54.60480599]], [[-5.91919549, 54.60480344], [-5.91923699, 54.60477005], [-5.91923135, 54.60476751], [-5.91918985, 54.6048009], [-5.91919549, 54.60480344]]]}, "properties": {"UNIT_ID": "CQ3.04.07", "NAME": "Female WC", "USE_TYPE": "Restroom - Female", "LEVEL_ID": "CQ3.L04", "FACILITY_ID": "CQ3", "ELEVATION_RELATIVE": 16.7, "ELEVATION_ABSOLUTE": 20.2, "HEIGHT_RELATIVE": 3.9, "ROOM_NUMBER": "04.07", "AREA_PLAN_M2": 23.4, "AREA_MODEL_M2": 24.5, "AREA_DIFF_PCT": 4.7, "SOURCE_NOTE": "drawn"}}, {"type": "Feature", "geometry": {"type": "Polygon", "coordinates": [[[-5.91906392, 54.60475063], [-5.9190321, 54.60473749], [-5.91905822, 54.60471628], [-5.91909004, 54.60472942], [-5.91906392, 54.60475063]]]}, "properties": {"UNIT_ID": "CQ3.04.14", "NAME": "Lift 4", "USE_TYPE": "Elevator", "LEVEL_ID": "CQ3.L04", "FACILITY_ID": "CQ3", "ELEVATION_RELATIVE": 16.7, "ELEVATION_ABSOLUTE": 20.2, "HEIGHT_RELATIVE": 3.9, "ROOM_NUMBER": "04.14", "AREA_PLAN_M2": 7.3, "AREA_MODEL_M2": 7.3, "AREA_DIFF_PCT": 0.0, "SOURCE_NOTE": "drawn"}}, {"type": "Feature", "geometry": {"type": "Polygon", "coordinates": [[[-5.91930584, 54.60497217], [-5.91929732, 54.60496887], [-5.91929137, 54.60497371], [-5.91924845, 54.60495597], [-5.9192544, 54.60495114], [-5.91924976, 54.60494902], [-5.91924339, 54.60495388], [-5.91917294, 54.60492477], [-5.91917889, 54.60491994], [-5.919174, 54.60491772], [-5.91916763, 54.60492258], [-5.91909718, 54.60489347], [-5.91910314, 54.60488864], [-5.91909824, 54.60488642], [-5.91909187, 54.60489128], [-5.91902117, 54.60486207], [-5.91902713, 54.60485724], [-5.91902248, 54.60485512], [-5.91901612, 54.60485998], [-5.91894567, 54.60483088], [-5.91895162, 54.60482604], [-5.91894673, 54.60482382], [-5.91894036, 54.60482868], [-5.91886991, 54.60479958], [-5.91887586, 54.60479474], [-5.91887097, 54.60479252], [-5.9188646, 54.60479738], [-5.9187939, 54.60476817], [-5.91879985, 54.60476334], [-5.91879521, 54.60476122], [-5.91878884, 54.60476608], [-5.9187184, 54.60473698], [-5.91872435, 54.60473215], [-5.91871945, 54.60472992], [-5.91871309, 54.60473479], [-5.91867042, 54.60471716], [-5.91867637, 54.60471233], [-5.91866821, 54.60470874], [-5.91876601, 54.60462932], [-5.91877411, 54.60463266], [-5.91877794, 54.60462983], [-5.9187698, 54.60462624], [-5.91877916, 54.60461864], [-5.91882657, 54.60463801], [-5.91888475, 54.60459076], [-5.91883771, 54.6045711], [-5.91884707, 54.6045635], [-5.91885516, 54.60456684], [-5.91885918, 54.60456386], [-5.91885104, 54.60456028], [-5.91894884, 54.60448086], [-5.91895735, 54.60448416], [-5.91896312, 54.60447947], [-5.91900579, 54.6044971], [-5.9190001, 54.60450203], [-5.91900533, 54.60450398], [-5.9190111, 54.6044993], [-5.91908155, 54.60452841], [-5.91907578, 54.60453309], [-5.91908042, 54.60453521], [-5.91908661, 54.6045305], [-5.91911285, 54.60454133], [-5.91911094, 54.60454319], [-5.91915514, 54.60456146], [-5.91915161, 54.60456463], [-5.91915642, 54.60456662], [-5.91916262, 54.6045619], [-5.91923307, 54.604591], [-5.9192273, 54.60459569], [-5.91923219, 54.60459791], [-5.91923838, 54.6045932], [-5.91930882, 54.6046223], [-5.91930305, 54.60462699], [-5.91930769, 54.60462911], [-5.91931388, 54.60462439], [-5.91938458, 54.6046536], [-5.91937881, 54.60465829], [-5.9193837, 54.60466051], [-5.91938989, 54.6046558], [-5.91946034, 54.6046849], [-5.91945457, 54.60468959], [-5.91945946, 54.60469181], [-5.91946565, 54.6046871], [-5.9195361, 54.6047162], [-5.91953032, 54.60472089], [-5.91953497, 54.60472301], [-5.91954115, 54.60471829], [-5.91958407, 54.60473602], [-5.91957838, 54.60474095], [-5.91958647, 54.60474429], [-5.91948866, 54.60482372], [-5.91948057, 54.60482037], [-5.91947655, 54.60482335], [-5.91948469, 54.60482694], [-5.91947533, 54.60483454], [-5.91942768, 54.60481507], [-5.91936949, 54.60486232], [-5.91941679, 54.60488208], [-5.91940742, 54.60488968], [-5.91939933, 54.60488634], [-5.91939549, 54.60488917], [-5.91940363, 54.60489276], [-5.91930584, 54.60497217]], [[-5.91890354, 54.60458662], [-5.9189071, 54.60458345], [-5.91890188, 54.6045815], [-5.91889833, 54.60458467], [-5.91890354, 54.60458662]], [[-5.91882249, 54.60465244], [-5.91882586, 54.60464942], [-5.91882065, 54.60464747], [-5.91881727, 54.60465049], [-5.91882249, 54.60465244]], [[-5.91930294, 54.60484211], [-5.91930362, 54.60484155], [-5.91930409, 54.60483932], [-5.91931227, 54.60483267], [-5.9193171, 54.60483092], [-5.91932153, 54.60482732], [-5.91932283, 54.6048241], [-5.91933102, 54.60481745], [-5.91933452, 54.60481647], [-5.91934065, 54.60481179], [-5.91934162, 54.60481071], [-5.91934209, 54.60480846], [-5.91935011, 54.60480195], [-5.91935361, 54.60480096], [-5.91935939, 54.60479658], [-5.91936036, 54.60479549], [-5.91936082, 54.60479325], [-5.91936884, 54.60478673], [-5.91937174, 54.60478594], [-5.91937316, 54.60478504], [-5.91936202, 54.60478022], [-5.91937023, 54.60477324], [-5.91930582, 54.60474663], [-5.9192989, 54.60475194], [-5.91928741, 54.60474719], [-5.91928756, 54.60474447], [-5.9192899, 54.60474138], [-5.9192813, 54.60473783], [-5.91928213, 54.60473684], [-5.91918991, 54.60469874], [-5.91918084, 54.60470581], [-5.91916917, 54.60470099], [-5.91916846, 54.60470022], [-5.9191671, 54.60469629], [-5.91916795, 54.60469371], [-5.9191687, 54.60469284], [-5.91916823, 54.60469315], [-5.91916454, 54.60469456], [-5.91915664, 54.60469533], [-5.91915514, 54.60469519], [-5.91914347, 54.60469037], [-5.91915205, 54.6046831], [-5.91906011, 54.60464511], [-5.91905708, 54.60464727], [-5.9190558, 54.6046474], [-5.91905317, 54.60464953], [-5.91904165, 54.60464477], [-5.91904215, 54.6046424], [-5.91904419, 54.60463986], [-5.9190356, 54.60463631], [-5.91903642, 54.60463533], [-5.91897173, 54.6046086], [-5.91896464, 54.60461405], [-5.9189531, 54.60460951], [-5.91895133, 54.60461094], [-5.91895033, 54.60461362], [-5.91894215, 54.60462026], [-5.91893793, 54.60462182], [-5.9189326, 54.60462616], [-5.91893141, 54.60462898], [-5.91892342, 54.60463547], [-5.9189192, 54.60463704], [-5.9189135, 54.60464166], [-5.91891232, 54.60464448], [-5.91890414, 54.60465112], [-5.9189001, 54.60465254], [-5.91889459, 54.60465702], [-5.91889359, 54.60465969], [-5.91888541, 54.60466633], [-5.91888137, 54.60466775], [-5.91887942, 54.60466934], [-5.9188906, 54.60467417], [-5.91888419, 54.60467969], [-5.91894813, 54.6047061], [-5.91894929, 54.60470548], [-5.91895863, 54.60470934], [-5.91896372, 54.60470672], [-5.9189675, 54.60470594], [-5.91897899, 54.60471069], [-5.91897345, 54.60471519], [-5.918973, 54.60471638], [-5.91906451, 54.60475418], [-5.91907358, 54.60474712], [-5.919085, 54.60475184], [-5.91908636, 54.60475332], [-5.91908729, 54.60475731], [-5.91908512, 54.60476059], [-5.9190878, 54.6047591], [-5.91909095, 54.60475813], [-5.91909736, 54.60475764], [-5.91909953, 54.60475784], [-5.91911095, 54.60476256], [-5.91910237, 54.60476983], [-5.91919384, 54.60480762], [-5.91919499, 54.60480699], [-5.91920434, 54.60481085], [-5.91920943, 54.60480823], [-5.91921321, 54.60480745], [-5.9192247, 54.6048122], [-5.91921915, 54.60481671], [-5.91921871, 54.60481789], [-5.91928269, 54.60484433], [-5.9192914, 54.60483756], [-5.91930294, 54.60484211]], [[-5.9194332, 54.60480565], [-5.91943721, 54.60480267], [-5.91943258, 54.60480056], [-5.91942856, 54.60480353], [-5.9194332, 54.60480565]], [[-5.91935254, 54.60487143], [-5.91935591, 54.60486841], [-5.91935095, 54.60486656], [-5.91934758, 54.60486958], [-5.91935254, 54.60487143]]]}, "properties": {"UNIT_ID": "CQ3.05.26", "NAME": "Office", "USE_TYPE": "Office", "LEVEL_ID": "CQ3.L05", "FACILITY_ID": "CQ3", "ELEVATION_RELATIVE": 20.6, "ELEVATION_ABSOLUTE": 24.1, "HEIGHT_RELATIVE": 3.9, "ROOM_NUMBER": "05.26", "AREA_PLAN_M2": 1274.6, "AREA_MODEL_M2": 1272.3, "AREA_DIFF_PCT": -0.2, "SOURCE_NOTE": "inferred: typical floor, as LV04"}}, {"type": "Feature", "geometry": {"type": "Polygon", "coordinates": [[[-5.9191049, 54.60476778], [-5.91918686, 54.60470123], [-5.91914974, 54.6046859], [-5.91906778, 54.60475245], [-5.9191049, 54.60476778]]]}, "properties": {"UNIT_ID": "CQ3.05.13", "NAME": "Lift Lobby", "USE_TYPE": "Lift Lobby", "LEVEL_ID": "CQ3.L05", "FACILITY_ID": "CQ3", "ELEVATION_RELATIVE": 20.6, "ELEVATION_ABSOLUTE": 24.1, "HEIGHT_RELATIVE": 3.9, "ROOM_NUMBER": "05.13", "AREA_PLAN_M2": 27.0, "AREA_MODEL_M2": 26.8, "AREA_DIFF_PCT": -0.7, "SOURCE_NOTE": "inferred: typical floor, as LV04"}}, {"type": "Feature", "geometry": {"type": "Polygon", "coordinates": [[[-5.91902867, 54.60473563], [-5.91902514, 54.60473417], [-5.91907165, 54.6046961], [-5.91907164, 54.6046961], [-5.91902489, 54.60473406], [-5.91897691, 54.60471424], [-5.91901631, 54.60468224], [-5.91901658, 54.6046823], [-5.91901639, 54.60468218], [-5.91902662, 54.60467387], [-5.91907821, 54.60469541], [-5.91902867, 54.60473563]], [[-5.91898514, 54.60471653], [-5.91901313, 54.60469411], [-5.91900749, 54.60469157], [-5.9189795, 54.604714], [-5.91898514, 54.60471653]]]}, "properties": {"UNIT_ID": "CQ3.05.17", "NAME": "Male WC", "USE_TYPE": "Restroom - Male", "LEVEL_ID": "CQ3.L05", "FACILITY_ID": "CQ3", "ELEVATION_RELATIVE": 20.6, "ELEVATION_ABSOLUTE": 24.1, "HEIGHT_RELATIVE": 3.9, "ROOM_NUMBER": "05.17", "AREA_PLAN_M2": 20.3, "AREA_MODEL_M2": 21.1, "AREA_DIFF_PCT": 3.9, "SOURCE_NOTE": "inferred: typical floor, as LV04"}}, {"type": "Feature", "geometry": {"type": "Polygon", "coordinates": [[[-5.91895038, 54.60470546], [-5.91901575, 54.60465238], [-5.91900381, 54.60464723], [-5.91900878, 54.60464288], [-5.91901031, 54.60464199], [-5.91901318, 54.60464294], [-5.91901838, 54.60464358], [-5.91902329, 54.60464323], [-5.91902878, 54.60464181], [-5.91903278, 54.60463914], [-5.91901917, 54.6046344], [-5.9190213, 54.60463306], [-5.91903367, 54.60463816], [-5.91903587, 54.60463668], [-5.91903814, 54.60463732], [-5.9190334, 54.60464055], [-5.91903362, 54.60464072], [-5.91903888, 54.60463767], [-5.9190444, 54.60463995], [-5.91904299, 54.60464109], [-5.91904176, 54.6046436], [-5.9190424, 54.60464733], [-5.91904576, 54.60465066], [-5.91904847, 54.60465178], [-5.91905581, 54.60464489], [-5.91905783, 54.60464572], [-5.9190561, 54.60464743], [-5.91910915, 54.60466935], [-5.91908916, 54.60468558], [-5.91908872, 54.60468541], [-5.91909262, 54.60468186], [-5.9190926, 54.60468184], [-5.91908886, 54.60468458], [-5.9190419, 54.60466518], [-5.91905001, 54.6046586], [-5.9190495, 54.60465839], [-5.91904138, 54.60466498], [-5.91903785, 54.60466329], [-5.91903701, 54.60466327], [-5.91897361, 54.60471506], [-5.91897058, 54.60471408], [-5.91897959, 54.60470802], [-5.9189779, 54.60470693], [-5.91897486, 54.6047061], [-5.91897152, 54.6047058], [-5.91896702, 54.60470611], [-5.91896354, 54.60470682], [-5.91895897, 54.60470926], [-5.9189535, 54.604707], [-5.91895659, 54.60470327], [-5.91895623, 54.60470321], [-5.9189527, 54.6047067], [-5.91895038, 54.60470546]]]}, "properties": {"UNIT_ID": "CQ3.05.21", "NAME": "FF Core", "USE_TYPE": "Firefighting Lobby", "LEVEL_ID": "CQ3.L05", "FACILITY_ID": "CQ3", "ELEVATION_RELATIVE": 20.6, "ELEVATION_ABSOLUTE": 24.1, "HEIGHT_RELATIVE": 3.9, "ROOM_NUMBER": "05.21", "AREA_PLAN_M2": 28.3, "AREA_MODEL_M2": 25.8, "AREA_DIFF_PCT": -8.8, "SOURCE_NOTE": "inferred: typical floor, as LV04"}}, {"type": "Feature", "geometry": {"type": "Polygon", "coordinates": [[[-5.91906067, 54.60467778], [-5.91905553, 54.60467586], [-5.91905558, 54.60467604], [-5.91905143, 54.6046794], [-5.91905075, 54.60467934], [-5.91904798, 54.60468159], [-5.91902601, 54.60467251], [-5.91903735, 54.6046633], [-5.91906463, 54.60467457], [-5.91906067, 54.60467778]]]}, "properties": {"UNIT_ID": "CQ3.05.20", "NAME": "Clnr Str", "USE_TYPE": "Janitor", "LEVEL_ID": "CQ3.L05", "FACILITY_ID": "CQ3", "ELEVATION_RELATIVE": 20.6, "ELEVATION_ABSOLUTE": 24.1, "HEIGHT_RELATIVE": 3.9, "ROOM_NUMBER": "05.20", "AREA_PLAN_M2": 2.3, "AREA_MODEL_M2": 2.4, "AREA_DIFF_PCT": 4.3, "SOURCE_NOTE": "inferred: typical floor, as LV04"}}, {"type": "Feature", "geometry": {"type": "Polygon", "coordinates": [[[-5.91894733, 54.60470268], [-5.91900821, 54.60465324], [-5.91897058, 54.6046377], [-5.9189097, 54.60468714], [-5.91894733, 54.60470268]]]}, "properties": {"UNIT_ID": "CQ3.05.22", "NAME": "Stair 2", "USE_TYPE": "Stairs", "LEVEL_ID": "CQ3.L05", "FACILITY_ID": "CQ3", "ELEVATION_RELATIVE": 20.6, "ELEVATION_ABSOLUTE": 24.1, "HEIGHT_RELATIVE": 3.9, "ROOM_NUMBER": "05.22", "AREA_PLAN_M2": 19.4, "AREA_MODEL_M2": 20.1, "AREA_DIFF_PCT": 3.6, "SOURCE_NOTE": "inferred: typical floor, as LV04"}}, {"type": "Feature", "geometry": {"type": "Polygon", "coordinates": [[[-5.91902216, 54.60464346], [-5.91901592, 54.6046434], [-5.91901031, 54.60464194], [-5.91900624, 54.60464493], [-5.9189762, 54.60463252], [-5.91899097, 54.60462052], [-5.91903036, 54.6046368], [-5.91902216, 54.60464346]]]}, "properties": {"UNIT_ID": "CQ3.05.23", "NAME": "Dis WC", "USE_TYPE": "Restroom - Accessible", "LEVEL_ID": "CQ3.L05", "FACILITY_ID": "CQ3", "ELEVATION_RELATIVE": 20.6, "ELEVATION_ABSOLUTE": 24.1, "HEIGHT_RELATIVE": 3.9, "ROOM_NUMBER": "05.23", "AREA_PLAN_M2": 4.3, "AREA_MODEL_M2": 4.7, "AREA_DIFF_PCT": 9.3, "SOURCE_NOTE": "inferred: typical floor, as LV04"}}, {"type": "Feature", "geometry": {"type": "Polygon", "coordinates": [[[-5.91894756, 54.60465114], [-5.9189324, 54.60464488], [-5.91897257, 54.60461226], [-5.91898772, 54.60461852], [-5.91894756, 54.60465114]]]}, "properties": {"UNIT_ID": "CQ3.05.25", "NAME": "Service", "USE_TYPE": "Mechanical", "LEVEL_ID": "CQ3.L05", "FACILITY_ID": "CQ3", "ELEVATION_RELATIVE": 20.6, "ELEVATION_ABSOLUTE": 24.1, "HEIGHT_RELATIVE": 3.9, "ROOM_NUMBER": "05.25", "AREA_PLAN_M2": 5.4, "AREA_MODEL_M2": 5.4, "AREA_DIFF_PCT": 0.0, "SOURCE_NOTE": "inferred: typical floor, as LV04"}}, {"type": "Feature", "geometry": {"type": "Polygon", "coordinates": [[[-5.91890559, 54.60468522], [-5.91889044, 54.60467896], [-5.9189306, 54.60464634], [-5.91894575, 54.6046526], [-5.91890559, 54.60468522]]]}, "properties": {"UNIT_ID": "CQ3.05.24", "NAME": "Service", "USE_TYPE": "Mechanical", "LEVEL_ID": "CQ3.L05", "FACILITY_ID": "CQ3", "ELEVATION_RELATIVE": 20.6, "ELEVATION_ABSOLUTE": 24.1, "HEIGHT_RELATIVE": 3.9, "ROOM_NUMBER": "05.24", "AREA_PLAN_M2": 5.4, "AREA_MODEL_M2": 5.4, "AREA_DIFF_PCT": 0.0, "SOURCE_NOTE": "inferred: typical floor, as LV04"}}, {"type": "Feature", "geometry": {"type": "Polygon", "coordinates": [[[-5.91928185, 54.60484067], [-5.9192667, 54.60483441], [-5.91930686, 54.60480179], [-5.91932202, 54.60480805], [-5.91928185, 54.60484067]]]}, "properties": {"UNIT_ID": "CQ3.05.01", "NAME": "Service", "USE_TYPE": "Mechanical", "LEVEL_ID": "CQ3.L05", "FACILITY_ID": "CQ3", "ELEVATION_RELATIVE": 20.6, "ELEVATION_ABSOLUTE": 24.1, "HEIGHT_RELATIVE": 3.9, "ROOM_NUMBER": "05.01", "AREA_PLAN_M2": 5.4, "AREA_MODEL_M2": 5.4, "AREA_DIFF_PCT": 0.0, "SOURCE_NOTE": "inferred: typical floor, as LV04"}}, {"type": "Feature", "geometry": {"type": "Polygon", "coordinates": [[[-5.91932382, 54.60480659], [-5.91930867, 54.60480033], [-5.91934883, 54.60476771], [-5.91936399, 54.60477397], [-5.91932382, 54.60480659]]]}, "properties": {"UNIT_ID": "CQ3.05.02", "NAME": "Service", "USE_TYPE": "Mechanical", "LEVEL_ID": "CQ3.L05", "FACILITY_ID": "CQ3", "ELEVATION_RELATIVE": 20.6, "ELEVATION_ABSOLUTE": 24.1, "HEIGHT_RELATIVE": 3.9, "ROOM_NUMBER": "05.02", "AREA_PLAN_M2": 5.4, "AREA_MODEL_M2": 5.4, "AREA_DIFF_PCT": 0.0, "SOURCE_NOTE": "inferred: typical floor, as LV04"}}, {"type": "Feature", "geometry": {"type": "Polygon", "coordinates": [[[-5.9192202, 54.60475274], [-5.91920454, 54.60474628], [-5.91921499, 54.60473779], [-5.91921726, 54.60473873], [-5.91921019, 54.60474448], [-5.91921039, 54.60474464], [-5.91921777, 54.60473894], [-5.91923065, 54.60474426], [-5.9192202, 54.60475274]]]}, "properties": {"UNIT_ID": "CQ3.05.08", "NAME": "Smk Vnt", "USE_TYPE": "Mechanical", "LEVEL_ID": "CQ3.L05", "FACILITY_ID": "CQ3", "ELEVATION_RELATIVE": 20.6, "ELEVATION_ABSOLUTE": 24.1, "HEIGHT_RELATIVE": 3.9, "ROOM_NUMBER": "05.08", "AREA_PLAN_M2": 1.5, "AREA_MODEL_M2": 1.4, "AREA_DIFF_PCT": -6.7, "SOURCE_NOTE": "inferred: typical floor, as LV04"}}, {"type": "Feature", "geometry": {"type": "Polygon", "coordinates": [[[-5.91920277, 54.60474555], [-5.91919495, 54.60474231], [-5.91920539, 54.60473383], [-5.91921322, 54.60473706], [-5.91920277, 54.60474555]]]}, "properties": {"UNIT_ID": "CQ3.05.09", "NAME": "WR", "USE_TYPE": "Mechanical", "LEVEL_ID": "CQ3.L05", "FACILITY_ID": "CQ3", "ELEVATION_RELATIVE": 20.6, "ELEVATION_ABSOLUTE": 24.1, "HEIGHT_RELATIVE": 3.9, "ROOM_NUMBER": "05.09", "AREA_PLAN_M2": 0.7, "AREA_MODEL_M2": 0.7, "AREA_DIFF_PCT": 0.0, "SOURCE_NOTE": "inferred: typical floor, as LV04"}}, {"type": "Feature", "geometry": {"type": "Polygon", "coordinates": [[[-5.91926298, 54.6048331], [-5.91932386, 54.60478366], [-5.91928624, 54.60476811], [-5.91922536, 54.60481755], [-5.91926298, 54.6048331]]]}, "properties": {"UNIT_ID": "CQ3.05.03", "NAME": "Stair 1", "USE_TYPE": "Stairs", "LEVEL_ID": "CQ3.L05", "FACILITY_ID": "CQ3", "ELEVATION_RELATIVE": 20.6, "ELEVATION_ABSOLUTE": 24.1, "HEIGHT_RELATIVE": 3.9, "ROOM_NUMBER": "05.03", "AREA_PLAN_M2": 19.4, "AREA_MODEL_M2": 20.1, "AREA_DIFF_PCT": 3.6, "SOURCE_NOTE": "inferred: typical floor, as LV04"}}, {"type": "Feature", "geometry": {"type": "Polygon", "coordinates": [[[-5.91921932, 54.60481658], [-5.91921629, 54.6048156], [-5.91922529, 54.60480953], [-5.91922362, 54.60480846], [-5.9192172, 54.60480731], [-5.91921272, 54.60480762], [-5.91920925, 54.60480834], [-5.91920468, 54.60481077], [-5.9191992, 54.60480851], [-5.91920253, 54.60480488], [-5.91920219, 54.60480482], [-5.91919867, 54.60480832], [-5.91919608, 54.60480698], [-5.91925981, 54.60475554], [-5.91925942, 54.60475483], [-5.91920832, 54.60473394], [-5.91921161, 54.60473096], [-5.91921127, 54.6047309], [-5.91920677, 54.60473418], [-5.91920633, 54.60473399], [-5.91922632, 54.60471776], [-5.91927938, 54.60473968], [-5.91928159, 54.60473819], [-5.9192841, 54.60473894], [-5.91927936, 54.60474216], [-5.91927957, 54.60474233], [-5.91928458, 54.60473918], [-5.9192901, 54.60474146], [-5.91928869, 54.60474261], [-5.91928746, 54.60474511], [-5.9192881, 54.60474884], [-5.91929147, 54.60475218], [-5.91929417, 54.60475329], [-5.91930152, 54.6047464], [-5.91930354, 54.60474723], [-5.91930181, 54.60474895], [-5.91931547, 54.60475459], [-5.919298, 54.60476877], [-5.91928469, 54.60476349], [-5.91921932, 54.60481658]]]}, "properties": {"UNIT_ID": "CQ3.05.06", "NAME": "FF Core", "USE_TYPE": "Firefighting Lobby", "LEVEL_ID": "CQ3.L05", "FACILITY_ID": "CQ3", "ELEVATION_RELATIVE": 20.6, "ELEVATION_ABSOLUTE": 24.1, "HEIGHT_RELATIVE": 3.9, "ROOM_NUMBER": "05.06", "AREA_PLAN_M2": 28.4, "AREA_MODEL_M2": 26.9, "AREA_DIFF_PCT": -5.3, "SOURCE_NOTE": "inferred: typical floor, as LV04"}}, {"type": "Feature", "geometry": {"type": "Polygon", "coordinates": [[[-5.91932667, 54.60478107], [-5.91929915, 54.60476969], [-5.91930833, 54.60476223], [-5.91933586, 54.60477361], [-5.91932667, 54.60478107]]]}, "properties": {"UNIT_ID": "CQ3.05.04", "NAME": "WC Supply", "USE_TYPE": "Mechanical", "LEVEL_ID": "CQ3.L05", "FACILITY_ID": "CQ3", "ELEVATION_RELATIVE": 20.6, "ELEVATION_ABSOLUTE": 24.1, "HEIGHT_RELATIVE": 3.9, "ROOM_NUMBER": "05.04", "AREA_PLAN_M2": 2.2, "AREA_MODEL_M2": 2.2, "AREA_DIFF_PCT": 0.0, "SOURCE_NOTE": "inferred: typical floor, as LV04"}}, {"type": "Feature", "geometry": {"type": "Polygon", "coordinates": [[[-5.91933586, 54.60477361], [-5.91930833, 54.60476223], [-5.91931752, 54.60475478], [-5.91934505, 54.60476615], [-5.91933586, 54.60477361]]]}, "properties": {"UNIT_ID": "CQ3.05.05", "NAME": "WC Extract", "USE_TYPE": "Mechanical", "LEVEL_ID": "CQ3.L05", "FACILITY_ID": "CQ3", "ELEVATION_RELATIVE": 20.6, "ELEVATION_ABSOLUTE": 24.1, "HEIGHT_RELATIVE": 3.9, "ROOM_NUMBER": "05.05", "AREA_PLAN_M2": 2.2, "AREA_MODEL_M2": 2.2, "AREA_DIFF_PCT": 0.0, "SOURCE_NOTE": "inferred: typical floor, as LV04"}}, {"type": "Feature", "geometry": {"type": "Polygon", "coordinates": [[[-5.91906995, 54.60469067], [-5.91905404, 54.6046841], [-5.91906448, 54.60467561], [-5.91907762, 54.60468104], [-5.91907052, 54.6046868], [-5.91907053, 54.6046868], [-5.91907787, 54.60468114], [-5.91908039, 54.60468218], [-5.91906995, 54.60469067]]]}, "properties": {"UNIT_ID": "CQ3.05.19", "NAME": "Smk Vnt", "USE_TYPE": "Mechanical", "LEVEL_ID": "CQ3.L05", "FACILITY_ID": "CQ3", "ELEVATION_RELATIVE": 20.6, "ELEVATION_ABSOLUTE": 24.1, "HEIGHT_RELATIVE": 3.9, "ROOM_NUMBER": "05.19", "AREA_PLAN_M2": 1.5, "AREA_MODEL_M2": 1.5, "AREA_DIFF_PCT": 0.0, "SOURCE_NOTE": "inferred: typical floor, as LV04"}}, {"type": "Feature", "geometry": {"type": "Polygon", "coordinates": [[[-5.91907929, 54.60469453], [-5.91907146, 54.60469129], [-5.91908191, 54.60468281], [-5.91908974, 54.60468604], [-5.91907929, 54.60469453]]]}, "properties": {"UNIT_ID": "CQ3.05.18", "NAME": "WR", "USE_TYPE": "Mechanical", "LEVEL_ID": "CQ3.L05", "FACILITY_ID": "CQ3", "ELEVATION_RELATIVE": 20.6, "ELEVATION_ABSOLUTE": 24.1, "HEIGHT_RELATIVE": 3.9, "ROOM_NUMBER": "05.18", "AREA_PLAN_M2": 0.7, "AREA_MODEL_M2": 0.7, "AREA_DIFF_PCT": 0.0, "SOURCE_NOTE": "inferred: typical floor, as LV04"}}, {"type": "Feature", "geometry": {"type": "Polygon", "coordinates": [[[-5.91914043, 54.60478224], [-5.91910862, 54.6047691], [-5.91913473, 54.60474789], [-5.91916655, 54.60476104], [-5.91914043, 54.60478224]]]}, "properties": {"UNIT_ID": "CQ3.05.10", "NAME": "Lift 1", "USE_TYPE": "Elevator", "LEVEL_ID": "CQ3.L05", "FACILITY_ID": "CQ3", "ELEVATION_RELATIVE": 20.6, "ELEVATION_ABSOLUTE": 24.1, "HEIGHT_RELATIVE": 3.9, "ROOM_NUMBER": "05.10", "AREA_PLAN_M2": 7.3, "AREA_MODEL_M2": 7.3, "AREA_DIFF_PCT": 0.0, "SOURCE_NOTE": "inferred: typical floor, as LV04"}}, {"type": "Feature", "geometry": {"type": "Polygon", "coordinates": [[[-5.91916835, 54.60475957], [-5.91913654, 54.60474643], [-5.91916283, 54.60472507], [-5.91919465, 54.60473822], [-5.91916835, 54.60475957]]]}, "properties": {"UNIT_ID": "CQ3.05.11", "NAME": "Lift 2", "USE_TYPE": "Elevator", "LEVEL_ID": "CQ3.L05", "FACILITY_ID": "CQ3", "ELEVATION_RELATIVE": 20.6, "ELEVATION_ABSOLUTE": 24.1, "HEIGHT_RELATIVE": 3.9, "ROOM_NUMBER": "05.11", "AREA_PLAN_M2": 7.3, "AREA_MODEL_M2": 7.4, "AREA_DIFF_PCT": 1.4, "SOURCE_NOTE": "inferred: typical floor, as LV04"}}, {"type": "Feature", "geometry": {"type": "Polygon", "coordinates": [[[-5.91919645, 54.60473676], [-5.91916464, 54.60472361], [-5.91917167, 54.6047179], [-5.91916806, 54.60471618], [-5.91917975, 54.6047067], [-5.91918372, 54.60470812], [-5.91919075, 54.6047024], [-5.91922257, 54.60471555], [-5.91919645, 54.60473676]]]}, "properties": {"UNIT_ID": "CQ3.05.12", "NAME": "Lift 3 (FF)", "USE_TYPE": "Elevator", "LEVEL_ID": "CQ3.L05", "FACILITY_ID": "CQ3", "ELEVATION_RELATIVE": 20.6, "ELEVATION_ABSOLUTE": 24.1, "HEIGHT_RELATIVE": 3.9, "ROOM_NUMBER": "05.12", "AREA_PLAN_M2": 7.3, "AREA_MODEL_M2": 7.7, "AREA_DIFF_PCT": 5.5, "SOURCE_NOTE": "inferred: typical floor, as LV04"}}, {"type": "Feature", "geometry": {"type": "Polygon", "coordinates": [[[-5.91909184, 54.60472796], [-5.91906002, 54.60471482], [-5.91908632, 54.60469346], [-5.91911814, 54.60470661], [-5.91909184, 54.60472796]]]}, "properties": {"UNIT_ID": "CQ3.05.15", "NAME": "Lift 5", "USE_TYPE": "Elevator", "LEVEL_ID": "CQ3.L05", "FACILITY_ID": "CQ3", "ELEVATION_RELATIVE": 20.6, "ELEVATION_ABSOLUTE": 24.1, "HEIGHT_RELATIVE": 3.9, "ROOM_NUMBER": "05.15", "AREA_PLAN_M2": 7.3, "AREA_MODEL_M2": 7.4, "AREA_DIFF_PCT": 1.4, "SOURCE_NOTE": "inferred: typical floor, as LV04"}}, {"type": "Feature", "geometry": {"type": "Polygon", "coordinates": [[[-5.91911994, 54.60470514], [-5.91908812, 54.604692], [-5.91911424, 54.60467079], [-5.91914606, 54.60468393], [-5.91913902, 54.60468965], [-5.91914237, 54.60469126], [-5.91913069, 54.60470074], [-5.91912698, 54.60469943], [-5.91911994, 54.60470514]]]}, "properties": {"UNIT_ID": "CQ3.05.16", "NAME": "Lift 6 (FF)", "USE_TYPE": "Elevator", "LEVEL_ID": "CQ3.L05", "FACILITY_ID": "CQ3", "ELEVATION_RELATIVE": 20.6, "ELEVATION_ABSOLUTE": 24.1, "HEIGHT_RELATIVE": 3.9, "ROOM_NUMBER": "05.16", "AREA_PLAN_M2": 7.3, "AREA_MODEL_M2": 7.7, "AREA_DIFF_PCT": 5.5, "SOURCE_NOTE": "inferred: typical floor, as LV04"}}, {"type": "Feature", "geometry": {"type": "Polygon", "coordinates": [[[-5.91919578, 54.60480599], [-5.91925767, 54.60475542], [-5.91925741, 54.60475532], [-5.91924716, 54.60476364], [-5.91924691, 54.60476356], [-5.91924713, 54.60476367], [-5.91919635, 54.6048049], [-5.91914837, 54.60478508], [-5.91919791, 54.60474486], [-5.91922022, 54.60475408], [-5.91922047, 54.604754], [-5.91922017, 54.60475295], [-5.91919502, 54.60474256], [-5.91920583, 54.60473379], [-5.91923097, 54.60474418], [-5.91923227, 54.60474405], [-5.91925983, 54.60475521], [-5.91924837, 54.60476452], [-5.91924768, 54.60476446], [-5.91919628, 54.6048062], [-5.91919578, 54.60480599]], [[-5.91919549, 54.60480344], [-5.91923699, 54.60477005], [-5.91923135, 54.60476751], [-5.91918985, 54.6048009], [-5.91919549, 54.60480344]]]}, "properties": {"UNIT_ID": "CQ3.05.07", "NAME": "Female WC", "USE_TYPE": "Restroom - Female", "LEVEL_ID": "CQ3.L05", "FACILITY_ID": "CQ3", "ELEVATION_RELATIVE": 20.6, "ELEVATION_ABSOLUTE": 24.1, "HEIGHT_RELATIVE": 3.9, "ROOM_NUMBER": "05.07", "AREA_PLAN_M2": 23.4, "AREA_MODEL_M2": 24.5, "AREA_DIFF_PCT": 4.7, "SOURCE_NOTE": "inferred: typical floor, as LV04"}}, {"type": "Feature", "geometry": {"type": "Polygon", "coordinates": [[[-5.91906392, 54.60475063], [-5.9190321, 54.60473749], [-5.91905822, 54.60471628], [-5.91909004, 54.60472942], [-5.91906392, 54.60475063]]]}, "properties": {"UNIT_ID": "CQ3.05.14", "NAME": "Lift 4", "USE_TYPE": "Elevator", "LEVEL_ID": "CQ3.L05", "FACILITY_ID": "CQ3", "ELEVATION_RELATIVE": 20.6, "ELEVATION_ABSOLUTE": 24.1, "HEIGHT_RELATIVE": 3.9, "ROOM_NUMBER": "05.14", "AREA_PLAN_M2": 7.3, "AREA_MODEL_M2": 7.3, "AREA_DIFF_PCT": 0.0, "SOURCE_NOTE": "inferred: typical floor, as LV04"}}, {"type": "Feature", "geometry": {"type": "Polygon", "coordinates": [[[-5.91930584, 54.60497217], [-5.91929732, 54.60496887], [-5.91929137, 54.60497371], [-5.91924845, 54.60495597], [-5.9192544, 54.60495114], [-5.91924976, 54.60494902], [-5.91924339, 54.60495388], [-5.91917294, 54.60492477], [-5.91917889, 54.60491994], [-5.919174, 54.60491772], [-5.91916763, 54.60492258], [-5.91909718, 54.60489347], [-5.91910314, 54.60488864], [-5.91909824, 54.60488642], [-5.91909187, 54.60489128], [-5.91902117, 54.60486207], [-5.91902713, 54.60485724], [-5.91902248, 54.60485512], [-5.91901612, 54.60485998], [-5.91894567, 54.60483088], [-5.91895162, 54.60482604], [-5.91894673, 54.60482382], [-5.91894036, 54.60482868], [-5.91886991, 54.60479958], [-5.91887586, 54.60479474], [-5.91887097, 54.60479252], [-5.9188646, 54.60479738], [-5.9187939, 54.60476817], [-5.91879985, 54.60476334], [-5.91879521, 54.60476122], [-5.91878884, 54.60476608], [-5.9187184, 54.60473698], [-5.91872435, 54.60473215], [-5.91871945, 54.60472992], [-5.91871309, 54.60473479], [-5.91867042, 54.60471716], [-5.91867637, 54.60471233], [-5.91866821, 54.60470874], [-5.91876601, 54.60462932], [-5.91877411, 54.60463266], [-5.91877794, 54.60462983], [-5.9187698, 54.60462624], [-5.91877916, 54.60461864], [-5.91882657, 54.60463801], [-5.91888475, 54.60459076], [-5.91883771, 54.6045711], [-5.91884707, 54.6045635], [-5.91885516, 54.60456684], [-5.91885918, 54.60456386], [-5.91885104, 54.60456028], [-5.91894884, 54.60448086], [-5.91895735, 54.60448416], [-5.91896312, 54.60447947], [-5.91900579, 54.6044971], [-5.9190001, 54.60450203], [-5.91900533, 54.60450398], [-5.9190111, 54.6044993], [-5.91908155, 54.60452841], [-5.91907578, 54.60453309], [-5.91908042, 54.60453521], [-5.91908661, 54.6045305], [-5.91911285, 54.60454133], [-5.91911094, 54.60454319], [-5.91915514, 54.60456146], [-5.91915161, 54.60456463], [-5.91915642, 54.60456662], [-5.91916262, 54.6045619], [-5.91923307, 54.604591], [-5.9192273, 54.60459569], [-5.91923219, 54.60459791], [-5.91923838, 54.6045932], [-5.91930882, 54.6046223], [-5.91930305, 54.60462699], [-5.91930769, 54.60462911], [-5.91931388, 54.60462439], [-5.91938458, 54.6046536], [-5.91937881, 54.60465829], [-5.9193837, 54.60466051], [-5.91938989, 54.6046558], [-5.91946034, 54.6046849], [-5.91945457, 54.60468959], [-5.91945946, 54.60469181], [-5.91946565, 54.6046871], [-5.9195361, 54.6047162], [-5.91953032, 54.60472089], [-5.91953497, 54.60472301], [-5.91954115, 54.60471829], [-5.91958407, 54.60473602], [-5.91957838, 54.60474095], [-5.91958647, 54.60474429], [-5.91948866, 54.60482372], [-5.91948057, 54.60482037], [-5.91947655, 54.60482335], [-5.91948469, 54.60482694], [-5.91947533, 54.60483454], [-5.91942768, 54.60481507], [-5.91936949, 54.60486232], [-5.91941679, 54.60488208], [-5.91940742, 54.60488968], [-5.91939933, 54.60488634], [-5.91939549, 54.60488917], [-5.91940363, 54.60489276], [-5.91930584, 54.60497217]], [[-5.91890354, 54.60458662], [-5.9189071, 54.60458345], [-5.91890188, 54.6045815], [-5.91889833, 54.60458467], [-5.91890354, 54.60458662]], [[-5.91882249, 54.60465244], [-5.91882586, 54.60464942], [-5.91882065, 54.60464747], [-5.91881727, 54.60465049], [-5.91882249, 54.60465244]], [[-5.91930294, 54.60484211], [-5.91930362, 54.60484155], [-5.91930409, 54.60483932], [-5.91931227, 54.60483267], [-5.9193171, 54.60483092], [-5.91932153, 54.60482732], [-5.91932283, 54.6048241], [-5.91933102, 54.60481745], [-5.91933452, 54.60481647], [-5.91934065, 54.60481179], [-5.91934162, 54.60481071], [-5.91934209, 54.60480846], [-5.91935011, 54.60480195], [-5.91935361, 54.60480096], [-5.91935939, 54.60479658], [-5.91936036, 54.60479549], [-5.91936082, 54.60479325], [-5.91936884, 54.60478673], [-5.91937174, 54.60478594], [-5.91937316, 54.60478504], [-5.91936202, 54.60478022], [-5.91937023, 54.60477324], [-5.91930582, 54.60474663], [-5.9192989, 54.60475194], [-5.91928741, 54.60474719], [-5.91928756, 54.60474447], [-5.9192899, 54.60474138], [-5.9192813, 54.60473783], [-5.91928213, 54.60473684], [-5.91918991, 54.60469874], [-5.91918084, 54.60470581], [-5.91916917, 54.60470099], [-5.91916846, 54.60470022], [-5.9191671, 54.60469629], [-5.91916795, 54.60469371], [-5.9191687, 54.60469284], [-5.91916823, 54.60469315], [-5.91916454, 54.60469456], [-5.91915664, 54.60469533], [-5.91915514, 54.60469519], [-5.91914347, 54.60469037], [-5.91915205, 54.6046831], [-5.91906011, 54.60464511], [-5.91905708, 54.60464727], [-5.9190558, 54.6046474], [-5.91905317, 54.60464953], [-5.91904165, 54.60464477], [-5.91904215, 54.6046424], [-5.91904419, 54.60463986], [-5.9190356, 54.60463631], [-5.91903642, 54.60463533], [-5.91897173, 54.6046086], [-5.91896464, 54.60461405], [-5.9189531, 54.60460951], [-5.91895133, 54.60461094], [-5.91895033, 54.60461362], [-5.91894215, 54.60462026], [-5.91893793, 54.60462182], [-5.9189326, 54.60462616], [-5.91893141, 54.60462898], [-5.91892342, 54.60463547], [-5.9189192, 54.60463704], [-5.9189135, 54.60464166], [-5.91891232, 54.60464448], [-5.91890414, 54.60465112], [-5.9189001, 54.60465254], [-5.91889459, 54.60465702], [-5.91889359, 54.60465969], [-5.91888541, 54.60466633], [-5.91888137, 54.60466775], [-5.91887942, 54.60466934], [-5.9188906, 54.60467417], [-5.91888419, 54.60467969], [-5.91894813, 54.6047061], [-5.91894929, 54.60470548], [-5.91895863, 54.60470934], [-5.91896372, 54.60470672], [-5.9189675, 54.60470594], [-5.91897899, 54.60471069], [-5.91897345, 54.60471519], [-5.918973, 54.60471638], [-5.91906451, 54.60475418], [-5.91907358, 54.60474712], [-5.919085, 54.60475184], [-5.91908636, 54.60475332], [-5.91908729, 54.60475731], [-5.91908512, 54.60476059], [-5.9190878, 54.6047591], [-5.91909095, 54.60475813], [-5.91909736, 54.60475764], [-5.91909953, 54.60475784], [-5.91911095, 54.60476256], [-5.91910237, 54.60476983], [-5.91919384, 54.60480762], [-5.91919499, 54.60480699], [-5.91920434, 54.60481085], [-5.91920943, 54.60480823], [-5.91921321, 54.60480745], [-5.9192247, 54.6048122], [-5.91921915, 54.60481671], [-5.91921871, 54.60481789], [-5.91928269, 54.60484433], [-5.9192914, 54.60483756], [-5.91930294, 54.60484211]], [[-5.9194332, 54.60480565], [-5.91943721, 54.60480267], [-5.91943258, 54.60480056], [-5.91942856, 54.60480353], [-5.9194332, 54.60480565]], [[-5.91935254, 54.60487143], [-5.91935591, 54.60486841], [-5.91935095, 54.60486656], [-5.91934758, 54.60486958], [-5.91935254, 54.60487143]]]}, "properties": {"UNIT_ID": "CQ3.06.26", "NAME": "Office", "USE_TYPE": "Office", "LEVEL_ID": "CQ3.L06", "FACILITY_ID": "CQ3", "ELEVATION_RELATIVE": 24.5, "ELEVATION_ABSOLUTE": 28.0, "HEIGHT_RELATIVE": 3.9, "ROOM_NUMBER": "06.26", "AREA_PLAN_M2": 1275.8, "AREA_MODEL_M2": 1272.3, "AREA_DIFF_PCT": -0.3, "SOURCE_NOTE": "drawn"}}, {"type": "Feature", "geometry": {"type": "Polygon", "coordinates": [[[-5.9191049, 54.60476778], [-5.91918686, 54.60470123], [-5.91914974, 54.6046859], [-5.91906778, 54.60475245], [-5.9191049, 54.60476778]]]}, "properties": {"UNIT_ID": "CQ3.06.13", "NAME": "Lift Lobby", "USE_TYPE": "Lift Lobby", "LEVEL_ID": "CQ3.L06", "FACILITY_ID": "CQ3", "ELEVATION_RELATIVE": 24.5, "ELEVATION_ABSOLUTE": 28.0, "HEIGHT_RELATIVE": 3.9, "ROOM_NUMBER": "06.13", "AREA_PLAN_M2": 27.0, "AREA_MODEL_M2": 26.8, "AREA_DIFF_PCT": -0.7, "SOURCE_NOTE": "drawn"}}, {"type": "Feature", "geometry": {"type": "Polygon", "coordinates": [[[-5.91902867, 54.60473563], [-5.91902514, 54.60473417], [-5.91907165, 54.6046961], [-5.91907164, 54.6046961], [-5.91902489, 54.60473406], [-5.91897691, 54.60471424], [-5.91901631, 54.60468224], [-5.91901658, 54.6046823], [-5.91901639, 54.60468218], [-5.91902662, 54.60467387], [-5.91907821, 54.60469541], [-5.91902867, 54.60473563]], [[-5.91898514, 54.60471653], [-5.91901313, 54.60469411], [-5.91900749, 54.60469157], [-5.9189795, 54.604714], [-5.91898514, 54.60471653]]]}, "properties": {"UNIT_ID": "CQ3.06.17", "NAME": "Male WC", "USE_TYPE": "Restroom - Male", "LEVEL_ID": "CQ3.L06", "FACILITY_ID": "CQ3", "ELEVATION_RELATIVE": 24.5, "ELEVATION_ABSOLUTE": 28.0, "HEIGHT_RELATIVE": 3.9, "ROOM_NUMBER": "06.17", "AREA_PLAN_M2": 20.3, "AREA_MODEL_M2": 21.1, "AREA_DIFF_PCT": 3.9, "SOURCE_NOTE": "drawn"}}, {"type": "Feature", "geometry": {"type": "Polygon", "coordinates": [[[-5.91895038, 54.60470546], [-5.91901575, 54.60465238], [-5.91900381, 54.60464723], [-5.91900878, 54.60464288], [-5.91901031, 54.60464199], [-5.91901318, 54.60464294], [-5.91901838, 54.60464358], [-5.91902329, 54.60464323], [-5.91902878, 54.60464181], [-5.91903278, 54.60463914], [-5.91901917, 54.6046344], [-5.9190213, 54.60463306], [-5.91903367, 54.60463816], [-5.91903587, 54.60463668], [-5.91903814, 54.60463732], [-5.9190334, 54.60464055], [-5.91903362, 54.60464072], [-5.91903888, 54.60463767], [-5.9190444, 54.60463995], [-5.91904299, 54.60464109], [-5.91904176, 54.6046436], [-5.9190424, 54.60464733], [-5.91904576, 54.60465066], [-5.91904847, 54.60465178], [-5.91905581, 54.60464489], [-5.91905783, 54.60464572], [-5.9190561, 54.60464743], [-5.91910915, 54.60466935], [-5.91908916, 54.60468558], [-5.91908872, 54.60468541], [-5.91909262, 54.60468186], [-5.9190926, 54.60468184], [-5.91908886, 54.60468458], [-5.9190419, 54.60466518], [-5.91905001, 54.6046586], [-5.9190495, 54.60465839], [-5.91904138, 54.60466498], [-5.91903785, 54.60466329], [-5.91903701, 54.60466327], [-5.91897361, 54.60471506], [-5.91897058, 54.60471408], [-5.91897959, 54.60470802], [-5.9189779, 54.60470693], [-5.91897486, 54.6047061], [-5.91897152, 54.6047058], [-5.91896702, 54.60470611], [-5.91896354, 54.60470682], [-5.91895897, 54.60470926], [-5.9189535, 54.604707], [-5.91895659, 54.60470327], [-5.91895623, 54.60470321], [-5.9189527, 54.6047067], [-5.91895038, 54.60470546]]]}, "properties": {"UNIT_ID": "CQ3.06.21", "NAME": "FF Core", "USE_TYPE": "Firefighting Lobby", "LEVEL_ID": "CQ3.L06", "FACILITY_ID": "CQ3", "ELEVATION_RELATIVE": 24.5, "ELEVATION_ABSOLUTE": 28.0, "HEIGHT_RELATIVE": 3.9, "ROOM_NUMBER": "06.21", "AREA_PLAN_M2": 28.3, "AREA_MODEL_M2": 25.8, "AREA_DIFF_PCT": -8.8, "SOURCE_NOTE": "drawn"}}, {"type": "Feature", "geometry": {"type": "Polygon", "coordinates": [[[-5.91906067, 54.60467778], [-5.91905553, 54.60467586], [-5.91905558, 54.60467604], [-5.91905143, 54.6046794], [-5.91905075, 54.60467934], [-5.91904798, 54.60468159], [-5.91902601, 54.60467251], [-5.91903735, 54.6046633], [-5.91906463, 54.60467457], [-5.91906067, 54.60467778]]]}, "properties": {"UNIT_ID": "CQ3.06.20", "NAME": "Clnr Str", "USE_TYPE": "Janitor", "LEVEL_ID": "CQ3.L06", "FACILITY_ID": "CQ3", "ELEVATION_RELATIVE": 24.5, "ELEVATION_ABSOLUTE": 28.0, "HEIGHT_RELATIVE": 3.9, "ROOM_NUMBER": "06.20", "AREA_PLAN_M2": 2.3, "AREA_MODEL_M2": 2.4, "AREA_DIFF_PCT": 4.3, "SOURCE_NOTE": "drawn"}}, {"type": "Feature", "geometry": {"type": "Polygon", "coordinates": [[[-5.91894733, 54.60470268], [-5.91900821, 54.60465324], [-5.91897058, 54.6046377], [-5.9189097, 54.60468714], [-5.91894733, 54.60470268]]]}, "properties": {"UNIT_ID": "CQ3.06.22", "NAME": "Stair 2", "USE_TYPE": "Stairs", "LEVEL_ID": "CQ3.L06", "FACILITY_ID": "CQ3", "ELEVATION_RELATIVE": 24.5, "ELEVATION_ABSOLUTE": 28.0, "HEIGHT_RELATIVE": 3.9, "ROOM_NUMBER": "06.22", "AREA_PLAN_M2": 19.4, "AREA_MODEL_M2": 20.1, "AREA_DIFF_PCT": 3.6, "SOURCE_NOTE": "drawn"}}, {"type": "Feature", "geometry": {"type": "Polygon", "coordinates": [[[-5.91902216, 54.60464346], [-5.91901592, 54.6046434], [-5.91901031, 54.60464194], [-5.91900624, 54.60464493], [-5.9189762, 54.60463252], [-5.91899097, 54.60462052], [-5.91903036, 54.6046368], [-5.91902216, 54.60464346]]]}, "properties": {"UNIT_ID": "CQ3.06.23", "NAME": "Dis WC", "USE_TYPE": "Restroom - Accessible", "LEVEL_ID": "CQ3.L06", "FACILITY_ID": "CQ3", "ELEVATION_RELATIVE": 24.5, "ELEVATION_ABSOLUTE": 28.0, "HEIGHT_RELATIVE": 3.9, "ROOM_NUMBER": "06.23", "AREA_PLAN_M2": 4.3, "AREA_MODEL_M2": 4.7, "AREA_DIFF_PCT": 9.3, "SOURCE_NOTE": "drawn"}}, {"type": "Feature", "geometry": {"type": "Polygon", "coordinates": [[[-5.91894756, 54.60465114], [-5.9189324, 54.60464488], [-5.91897257, 54.60461226], [-5.91898772, 54.60461852], [-5.91894756, 54.60465114]]]}, "properties": {"UNIT_ID": "CQ3.06.25", "NAME": "Service", "USE_TYPE": "Mechanical", "LEVEL_ID": "CQ3.L06", "FACILITY_ID": "CQ3", "ELEVATION_RELATIVE": 24.5, "ELEVATION_ABSOLUTE": 28.0, "HEIGHT_RELATIVE": 3.9, "ROOM_NUMBER": "06.25", "AREA_PLAN_M2": 5.4, "AREA_MODEL_M2": 5.4, "AREA_DIFF_PCT": 0.0, "SOURCE_NOTE": "drawn"}}, {"type": "Feature", "geometry": {"type": "Polygon", "coordinates": [[[-5.91890559, 54.60468522], [-5.91889044, 54.60467896], [-5.9189306, 54.60464634], [-5.91894575, 54.6046526], [-5.91890559, 54.60468522]]]}, "properties": {"UNIT_ID": "CQ3.06.24", "NAME": "Service", "USE_TYPE": "Mechanical", "LEVEL_ID": "CQ3.L06", "FACILITY_ID": "CQ3", "ELEVATION_RELATIVE": 24.5, "ELEVATION_ABSOLUTE": 28.0, "HEIGHT_RELATIVE": 3.9, "ROOM_NUMBER": "06.24", "AREA_PLAN_M2": 5.4, "AREA_MODEL_M2": 5.4, "AREA_DIFF_PCT": 0.0, "SOURCE_NOTE": "drawn"}}, {"type": "Feature", "geometry": {"type": "Polygon", "coordinates": [[[-5.91928185, 54.60484067], [-5.9192667, 54.60483441], [-5.91930686, 54.60480179], [-5.91932202, 54.60480805], [-5.91928185, 54.60484067]]]}, "properties": {"UNIT_ID": "CQ3.06.01", "NAME": "Service", "USE_TYPE": "Mechanical", "LEVEL_ID": "CQ3.L06", "FACILITY_ID": "CQ3", "ELEVATION_RELATIVE": 24.5, "ELEVATION_ABSOLUTE": 28.0, "HEIGHT_RELATIVE": 3.9, "ROOM_NUMBER": "06.01", "AREA_PLAN_M2": 5.4, "AREA_MODEL_M2": 5.4, "AREA_DIFF_PCT": 0.0, "SOURCE_NOTE": "drawn"}}, {"type": "Feature", "geometry": {"type": "Polygon", "coordinates": [[[-5.91932382, 54.60480659], [-5.91930867, 54.60480033], [-5.91934883, 54.60476771], [-5.91936399, 54.60477397], [-5.91932382, 54.60480659]]]}, "properties": {"UNIT_ID": "CQ3.06.02", "NAME": "Service", "USE_TYPE": "Mechanical", "LEVEL_ID": "CQ3.L06", "FACILITY_ID": "CQ3", "ELEVATION_RELATIVE": 24.5, "ELEVATION_ABSOLUTE": 28.0, "HEIGHT_RELATIVE": 3.9, "ROOM_NUMBER": "06.02", "AREA_PLAN_M2": 5.4, "AREA_MODEL_M2": 5.4, "AREA_DIFF_PCT": 0.0, "SOURCE_NOTE": "drawn"}}, {"type": "Feature", "geometry": {"type": "Polygon", "coordinates": [[[-5.9192202, 54.60475274], [-5.91920454, 54.60474628], [-5.91921499, 54.60473779], [-5.91921726, 54.60473873], [-5.91921019, 54.60474448], [-5.91921039, 54.60474464], [-5.91921777, 54.60473894], [-5.91923065, 54.60474426], [-5.9192202, 54.60475274]]]}, "properties": {"UNIT_ID": "CQ3.06.08", "NAME": "Smk Vnt", "USE_TYPE": "Mechanical", "LEVEL_ID": "CQ3.L06", "FACILITY_ID": "CQ3", "ELEVATION_RELATIVE": 24.5, "ELEVATION_ABSOLUTE": 28.0, "HEIGHT_RELATIVE": 3.9, "ROOM_NUMBER": "06.08", "AREA_PLAN_M2": 1.5, "AREA_MODEL_M2": 1.4, "AREA_DIFF_PCT": -6.7, "SOURCE_NOTE": "drawn"}}, {"type": "Feature", "geometry": {"type": "Polygon", "coordinates": [[[-5.91920277, 54.60474555], [-5.91919495, 54.60474231], [-5.91920539, 54.60473383], [-5.91921322, 54.60473706], [-5.91920277, 54.60474555]]]}, "properties": {"UNIT_ID": "CQ3.06.09", "NAME": "WR", "USE_TYPE": "Mechanical", "LEVEL_ID": "CQ3.L06", "FACILITY_ID": "CQ3", "ELEVATION_RELATIVE": 24.5, "ELEVATION_ABSOLUTE": 28.0, "HEIGHT_RELATIVE": 3.9, "ROOM_NUMBER": "06.09", "AREA_PLAN_M2": 0.7, "AREA_MODEL_M2": 0.7, "AREA_DIFF_PCT": 0.0, "SOURCE_NOTE": "drawn"}}, {"type": "Feature", "geometry": {"type": "Polygon", "coordinates": [[[-5.91926298, 54.6048331], [-5.91932386, 54.60478366], [-5.91928624, 54.60476811], [-5.91922536, 54.60481755], [-5.91926298, 54.6048331]]]}, "properties": {"UNIT_ID": "CQ3.06.03", "NAME": "Stair 1", "USE_TYPE": "Stairs", "LEVEL_ID": "CQ3.L06", "FACILITY_ID": "CQ3", "ELEVATION_RELATIVE": 24.5, "ELEVATION_ABSOLUTE": 28.0, "HEIGHT_RELATIVE": 3.9, "ROOM_NUMBER": "06.03", "AREA_PLAN_M2": 19.4, "AREA_MODEL_M2": 20.1, "AREA_DIFF_PCT": 3.6, "SOURCE_NOTE": "drawn"}}, {"type": "Feature", "geometry": {"type": "Polygon", "coordinates": [[[-5.91921932, 54.60481658], [-5.91921629, 54.6048156], [-5.91922529, 54.60480953], [-5.91922362, 54.60480846], [-5.9192172, 54.60480731], [-5.91921272, 54.60480762], [-5.91920925, 54.60480834], [-5.91920468, 54.60481077], [-5.9191992, 54.60480851], [-5.91920253, 54.60480488], [-5.91920219, 54.60480482], [-5.91919867, 54.60480832], [-5.91919608, 54.60480698], [-5.91925981, 54.60475554], [-5.91925942, 54.60475483], [-5.91920832, 54.60473394], [-5.91921161, 54.60473096], [-5.91921127, 54.6047309], [-5.91920677, 54.60473418], [-5.91920633, 54.60473399], [-5.91922632, 54.60471776], [-5.91927938, 54.60473968], [-5.91928159, 54.60473819], [-5.9192841, 54.60473894], [-5.91927936, 54.60474216], [-5.91927957, 54.60474233], [-5.91928458, 54.60473918], [-5.9192901, 54.60474146], [-5.91928869, 54.60474261], [-5.91928746, 54.60474511], [-5.9192881, 54.60474884], [-5.91929147, 54.60475218], [-5.91929417, 54.60475329], [-5.91930152, 54.6047464], [-5.91930354, 54.60474723], [-5.91930181, 54.60474895], [-5.91931547, 54.60475459], [-5.919298, 54.60476877], [-5.91928469, 54.60476349], [-5.91921932, 54.60481658]]]}, "properties": {"UNIT_ID": "CQ3.06.06", "NAME": "FF Core", "USE_TYPE": "Firefighting Lobby", "LEVEL_ID": "CQ3.L06", "FACILITY_ID": "CQ3", "ELEVATION_RELATIVE": 24.5, "ELEVATION_ABSOLUTE": 28.0, "HEIGHT_RELATIVE": 3.9, "ROOM_NUMBER": "06.06", "AREA_PLAN_M2": 28.4, "AREA_MODEL_M2": 26.9, "AREA_DIFF_PCT": -5.3, "SOURCE_NOTE": "drawn"}}, {"type": "Feature", "geometry": {"type": "Polygon", "coordinates": [[[-5.91932667, 54.60478107], [-5.91929915, 54.60476969], [-5.91930833, 54.60476223], [-5.91933586, 54.60477361], [-5.91932667, 54.60478107]]]}, "properties": {"UNIT_ID": "CQ3.06.04", "NAME": "WC Supply", "USE_TYPE": "Mechanical", "LEVEL_ID": "CQ3.L06", "FACILITY_ID": "CQ3", "ELEVATION_RELATIVE": 24.5, "ELEVATION_ABSOLUTE": 28.0, "HEIGHT_RELATIVE": 3.9, "ROOM_NUMBER": "06.04", "AREA_PLAN_M2": 2.2, "AREA_MODEL_M2": 2.2, "AREA_DIFF_PCT": 0.0, "SOURCE_NOTE": "drawn"}}, {"type": "Feature", "geometry": {"type": "Polygon", "coordinates": [[[-5.91933586, 54.60477361], [-5.91930833, 54.60476223], [-5.91931752, 54.60475478], [-5.91934505, 54.60476615], [-5.91933586, 54.60477361]]]}, "properties": {"UNIT_ID": "CQ3.06.05", "NAME": "WC Extract", "USE_TYPE": "Mechanical", "LEVEL_ID": "CQ3.L06", "FACILITY_ID": "CQ3", "ELEVATION_RELATIVE": 24.5, "ELEVATION_ABSOLUTE": 28.0, "HEIGHT_RELATIVE": 3.9, "ROOM_NUMBER": "06.05", "AREA_PLAN_M2": 2.2, "AREA_MODEL_M2": 2.2, "AREA_DIFF_PCT": 0.0, "SOURCE_NOTE": "drawn"}}, {"type": "Feature", "geometry": {"type": "Polygon", "coordinates": [[[-5.91906995, 54.60469067], [-5.91905404, 54.6046841], [-5.91906448, 54.60467561], [-5.91907762, 54.60468104], [-5.91907052, 54.6046868], [-5.91907053, 54.6046868], [-5.91907787, 54.60468114], [-5.91908039, 54.60468218], [-5.91906995, 54.60469067]]]}, "properties": {"UNIT_ID": "CQ3.06.19", "NAME": "Smk Vnt", "USE_TYPE": "Mechanical", "LEVEL_ID": "CQ3.L06", "FACILITY_ID": "CQ3", "ELEVATION_RELATIVE": 24.5, "ELEVATION_ABSOLUTE": 28.0, "HEIGHT_RELATIVE": 3.9, "ROOM_NUMBER": "06.19", "AREA_PLAN_M2": 1.5, "AREA_MODEL_M2": 1.5, "AREA_DIFF_PCT": 0.0, "SOURCE_NOTE": "drawn"}}, {"type": "Feature", "geometry": {"type": "Polygon", "coordinates": [[[-5.91907929, 54.60469453], [-5.91907146, 54.60469129], [-5.91908191, 54.60468281], [-5.91908974, 54.60468604], [-5.91907929, 54.60469453]]]}, "properties": {"UNIT_ID": "CQ3.06.18", "NAME": "WR", "USE_TYPE": "Mechanical", "LEVEL_ID": "CQ3.L06", "FACILITY_ID": "CQ3", "ELEVATION_RELATIVE": 24.5, "ELEVATION_ABSOLUTE": 28.0, "HEIGHT_RELATIVE": 3.9, "ROOM_NUMBER": "06.18", "AREA_PLAN_M2": 0.7, "AREA_MODEL_M2": 0.7, "AREA_DIFF_PCT": 0.0, "SOURCE_NOTE": "drawn"}}, {"type": "Feature", "geometry": {"type": "Polygon", "coordinates": [[[-5.91914043, 54.60478224], [-5.91910862, 54.6047691], [-5.91913473, 54.60474789], [-5.91916655, 54.60476104], [-5.91914043, 54.60478224]]]}, "properties": {"UNIT_ID": "CQ3.06.10", "NAME": "Lift 1", "USE_TYPE": "Elevator", "LEVEL_ID": "CQ3.L06", "FACILITY_ID": "CQ3", "ELEVATION_RELATIVE": 24.5, "ELEVATION_ABSOLUTE": 28.0, "HEIGHT_RELATIVE": 3.9, "ROOM_NUMBER": "06.10", "AREA_PLAN_M2": 7.3, "AREA_MODEL_M2": 7.3, "AREA_DIFF_PCT": 0.0, "SOURCE_NOTE": "drawn"}}, {"type": "Feature", "geometry": {"type": "Polygon", "coordinates": [[[-5.91916835, 54.60475957], [-5.91913654, 54.60474643], [-5.91916283, 54.60472507], [-5.91919465, 54.60473822], [-5.91916835, 54.60475957]]]}, "properties": {"UNIT_ID": "CQ3.06.11", "NAME": "Lift 2", "USE_TYPE": "Elevator", "LEVEL_ID": "CQ3.L06", "FACILITY_ID": "CQ3", "ELEVATION_RELATIVE": 24.5, "ELEVATION_ABSOLUTE": 28.0, "HEIGHT_RELATIVE": 3.9, "ROOM_NUMBER": "06.11", "AREA_PLAN_M2": 7.3, "AREA_MODEL_M2": 7.4, "AREA_DIFF_PCT": 1.4, "SOURCE_NOTE": "drawn"}}, {"type": "Feature", "geometry": {"type": "Polygon", "coordinates": [[[-5.91919645, 54.60473676], [-5.91916464, 54.60472361], [-5.91917167, 54.6047179], [-5.91916806, 54.60471618], [-5.91917975, 54.6047067], [-5.91918372, 54.60470812], [-5.91919075, 54.6047024], [-5.91922257, 54.60471555], [-5.91919645, 54.60473676]]]}, "properties": {"UNIT_ID": "CQ3.06.12", "NAME": "Lift 3 (FF)", "USE_TYPE": "Elevator", "LEVEL_ID": "CQ3.L06", "FACILITY_ID": "CQ3", "ELEVATION_RELATIVE": 24.5, "ELEVATION_ABSOLUTE": 28.0, "HEIGHT_RELATIVE": 3.9, "ROOM_NUMBER": "06.12", "AREA_PLAN_M2": 7.3, "AREA_MODEL_M2": 7.7, "AREA_DIFF_PCT": 5.5, "SOURCE_NOTE": "drawn"}}, {"type": "Feature", "geometry": {"type": "Polygon", "coordinates": [[[-5.91909184, 54.60472796], [-5.91906002, 54.60471482], [-5.91908632, 54.60469346], [-5.91911814, 54.60470661], [-5.91909184, 54.60472796]]]}, "properties": {"UNIT_ID": "CQ3.06.15", "NAME": "Lift 5", "USE_TYPE": "Elevator", "LEVEL_ID": "CQ3.L06", "FACILITY_ID": "CQ3", "ELEVATION_RELATIVE": 24.5, "ELEVATION_ABSOLUTE": 28.0, "HEIGHT_RELATIVE": 3.9, "ROOM_NUMBER": "06.15", "AREA_PLAN_M2": 7.3, "AREA_MODEL_M2": 7.4, "AREA_DIFF_PCT": 1.4, "SOURCE_NOTE": "drawn"}}, {"type": "Feature", "geometry": {"type": "Polygon", "coordinates": [[[-5.91911994, 54.60470514], [-5.91908812, 54.604692], [-5.91911424, 54.60467079], [-5.91914606, 54.60468393], [-5.91913902, 54.60468965], [-5.91914237, 54.60469126], [-5.91913069, 54.60470074], [-5.91912698, 54.60469943], [-5.91911994, 54.60470514]]]}, "properties": {"UNIT_ID": "CQ3.06.16", "NAME": "Lift 6 (FF)", "USE_TYPE": "Elevator", "LEVEL_ID": "CQ3.L06", "FACILITY_ID": "CQ3", "ELEVATION_RELATIVE": 24.5, "ELEVATION_ABSOLUTE": 28.0, "HEIGHT_RELATIVE": 3.9, "ROOM_NUMBER": "06.16", "AREA_PLAN_M2": 7.3, "AREA_MODEL_M2": 7.7, "AREA_DIFF_PCT": 5.5, "SOURCE_NOTE": "drawn"}}, {"type": "Feature", "geometry": {"type": "Polygon", "coordinates": [[[-5.91919578, 54.60480599], [-5.91925767, 54.60475542], [-5.91925741, 54.60475532], [-5.91924716, 54.60476364], [-5.91924691, 54.60476356], [-5.91924713, 54.60476367], [-5.91919635, 54.6048049], [-5.91914837, 54.60478508], [-5.91919791, 54.60474486], [-5.91922022, 54.60475408], [-5.91922047, 54.604754], [-5.91922017, 54.60475295], [-5.91919502, 54.60474256], [-5.91920583, 54.60473379], [-5.91923097, 54.60474418], [-5.91923227, 54.60474405], [-5.91925983, 54.60475521], [-5.91924837, 54.60476452], [-5.91924768, 54.60476446], [-5.91919628, 54.6048062], [-5.91919578, 54.60480599]], [[-5.91919549, 54.60480344], [-5.91923699, 54.60477005], [-5.91923135, 54.60476751], [-5.91918985, 54.6048009], [-5.91919549, 54.60480344]]]}, "properties": {"UNIT_ID": "CQ3.06.07", "NAME": "Female WC", "USE_TYPE": "Restroom - Female", "LEVEL_ID": "CQ3.L06", "FACILITY_ID": "CQ3", "ELEVATION_RELATIVE": 24.5, "ELEVATION_ABSOLUTE": 28.0, "HEIGHT_RELATIVE": 3.9, "ROOM_NUMBER": "06.07", "AREA_PLAN_M2": 23.4, "AREA_MODEL_M2": 24.5, "AREA_DIFF_PCT": 4.7, "SOURCE_NOTE": "drawn"}}, {"type": "Feature", "geometry": {"type": "Polygon", "coordinates": [[[-5.91906392, 54.60475063], [-5.9190321, 54.60473749], [-5.91905822, 54.60471628], [-5.91909004, 54.60472942], [-5.91906392, 54.60475063]]]}, "properties": {"UNIT_ID": "CQ3.06.14", "NAME": "Lift 4", "USE_TYPE": "Elevator", "LEVEL_ID": "CQ3.L06", "FACILITY_ID": "CQ3", "ELEVATION_RELATIVE": 24.5, "ELEVATION_ABSOLUTE": 28.0, "HEIGHT_RELATIVE": 3.9, "ROOM_NUMBER": "06.14", "AREA_PLAN_M2": 7.3, "AREA_MODEL_M2": 7.3, "AREA_DIFF_PCT": 0.0, "SOURCE_NOTE": "drawn"}}, {"type": "Feature", "geometry": {"type": "Polygon", "coordinates": [[[-5.91930584, 54.60497217], [-5.91929732, 54.60496887], [-5.91929137, 54.60497371], [-5.91924845, 54.60495597], [-5.9192544, 54.60495114], [-5.91924976, 54.60494902], [-5.91924339, 54.60495388], [-5.91917294, 54.60492477], [-5.91917889, 54.60491994], [-5.919174, 54.60491772], [-5.91916763, 54.60492258], [-5.91909718, 54.60489347], [-5.91910314, 54.60488864], [-5.91909824, 54.60488642], [-5.91909187, 54.60489128], [-5.91902117, 54.60486207], [-5.91902713, 54.60485724], [-5.91902248, 54.60485512], [-5.91901612, 54.60485998], [-5.91894567, 54.60483088], [-5.91895162, 54.60482604], [-5.91894673, 54.60482382], [-5.91894036, 54.60482868], [-5.91886991, 54.60479958], [-5.91887586, 54.60479474], [-5.91887097, 54.60479252], [-5.9188646, 54.60479738], [-5.9187939, 54.60476817], [-5.91879985, 54.60476334], [-5.91879521, 54.60476122], [-5.91878884, 54.60476608], [-5.9187184, 54.60473698], [-5.91872435, 54.60473215], [-5.91871945, 54.60472992], [-5.91871309, 54.60473479], [-5.91867042, 54.60471716], [-5.91867637, 54.60471233], [-5.91866821, 54.60470874], [-5.91876601, 54.60462932], [-5.91877411, 54.60463266], [-5.91877794, 54.60462983], [-5.9187698, 54.60462624], [-5.91877916, 54.60461864], [-5.91882657, 54.60463801], [-5.91888475, 54.60459076], [-5.91883771, 54.6045711], [-5.91884707, 54.6045635], [-5.91885516, 54.60456684], [-5.91885918, 54.60456386], [-5.91885104, 54.60456028], [-5.91894884, 54.60448086], [-5.91895735, 54.60448416], [-5.91896312, 54.60447947], [-5.91900579, 54.6044971], [-5.9190001, 54.60450203], [-5.91900533, 54.60450398], [-5.9190111, 54.6044993], [-5.91908155, 54.60452841], [-5.91907578, 54.60453309], [-5.91908042, 54.60453521], [-5.91908661, 54.6045305], [-5.91911285, 54.60454133], [-5.91911094, 54.60454319], [-5.91915514, 54.60456146], [-5.91915161, 54.60456463], [-5.91915642, 54.60456662], [-5.91916262, 54.6045619], [-5.91923307, 54.604591], [-5.9192273, 54.60459569], [-5.91923219, 54.60459791], [-5.91923838, 54.6045932], [-5.91930882, 54.6046223], [-5.91930305, 54.60462699], [-5.91930769, 54.60462911], [-5.91931388, 54.60462439], [-5.91938458, 54.6046536], [-5.91937881, 54.60465829], [-5.9193837, 54.60466051], [-5.91938989, 54.6046558], [-5.91946034, 54.6046849], [-5.91945457, 54.60468959], [-5.91945946, 54.60469181], [-5.91946565, 54.6046871], [-5.9195361, 54.6047162], [-5.91953032, 54.60472089], [-5.91953497, 54.60472301], [-5.91954115, 54.60471829], [-5.91958407, 54.60473602], [-5.91957838, 54.60474095], [-5.91958647, 54.60474429], [-5.91948866, 54.60482372], [-5.91948057, 54.60482037], [-5.91947655, 54.60482335], [-5.91948469, 54.60482694], [-5.91947533, 54.60483454], [-5.91942768, 54.60481507], [-5.91936949, 54.60486232], [-5.91941679, 54.60488208], [-5.91940742, 54.60488968], [-5.91939933, 54.60488634], [-5.91939549, 54.60488917], [-5.91940363, 54.60489276], [-5.91930584, 54.60497217]], [[-5.91890354, 54.60458662], [-5.9189071, 54.60458345], [-5.91890188, 54.6045815], [-5.91889833, 54.60458467], [-5.91890354, 54.60458662]], [[-5.91882249, 54.60465244], [-5.91882586, 54.60464942], [-5.91882065, 54.60464747], [-5.91881727, 54.60465049], [-5.91882249, 54.60465244]], [[-5.91930294, 54.60484211], [-5.91930362, 54.60484155], [-5.91930409, 54.60483932], [-5.91931227, 54.60483267], [-5.9193171, 54.60483092], [-5.91932153, 54.60482732], [-5.91932283, 54.6048241], [-5.91933102, 54.60481745], [-5.91933452, 54.60481647], [-5.91934065, 54.60481179], [-5.91934162, 54.60481071], [-5.91934209, 54.60480846], [-5.91935011, 54.60480195], [-5.91935361, 54.60480096], [-5.91935939, 54.60479658], [-5.91936036, 54.60479549], [-5.91936082, 54.60479325], [-5.91936884, 54.60478673], [-5.91937174, 54.60478594], [-5.91937316, 54.60478504], [-5.91936202, 54.60478022], [-5.91937023, 54.60477324], [-5.91930582, 54.60474663], [-5.9192989, 54.60475194], [-5.91928741, 54.60474719], [-5.91928756, 54.60474447], [-5.9192899, 54.60474138], [-5.9192813, 54.60473783], [-5.91928213, 54.60473684], [-5.91918991, 54.60469874], [-5.91918084, 54.60470581], [-5.91916917, 54.60470099], [-5.91916846, 54.60470022], [-5.9191671, 54.60469629], [-5.91916795, 54.60469371], [-5.9191687, 54.60469284], [-5.91916823, 54.60469315], [-5.91916454, 54.60469456], [-5.91915664, 54.60469533], [-5.91915514, 54.60469519], [-5.91914347, 54.60469037], [-5.91915205, 54.6046831], [-5.91906011, 54.60464511], [-5.91905708, 54.60464727], [-5.9190558, 54.6046474], [-5.91905317, 54.60464953], [-5.91904165, 54.60464477], [-5.91904215, 54.6046424], [-5.91904419, 54.60463986], [-5.9190356, 54.60463631], [-5.91903642, 54.60463533], [-5.91897173, 54.6046086], [-5.91896464, 54.60461405], [-5.9189531, 54.60460951], [-5.91895133, 54.60461094], [-5.91895033, 54.60461362], [-5.91894215, 54.60462026], [-5.91893793, 54.60462182], [-5.9189326, 54.60462616], [-5.91893141, 54.60462898], [-5.91892342, 54.60463547], [-5.9189192, 54.60463704], [-5.9189135, 54.60464166], [-5.91891232, 54.60464448], [-5.91890414, 54.60465112], [-5.9189001, 54.60465254], [-5.91889459, 54.60465702], [-5.91889359, 54.60465969], [-5.91888541, 54.60466633], [-5.91888137, 54.60466775], [-5.91887942, 54.60466934], [-5.9188906, 54.60467417], [-5.91888419, 54.60467969], [-5.91894813, 54.6047061], [-5.91894929, 54.60470548], [-5.91895863, 54.60470934], [-5.91896372, 54.60470672], [-5.9189675, 54.60470594], [-5.91897899, 54.60471069], [-5.91897345, 54.60471519], [-5.918973, 54.60471638], [-5.91906451, 54.60475418], [-5.91907358, 54.60474712], [-5.919085, 54.60475184], [-5.91908636, 54.60475332], [-5.91908729, 54.60475731], [-5.91908512, 54.60476059], [-5.9190878, 54.6047591], [-5.91909095, 54.60475813], [-5.91909736, 54.60475764], [-5.91909953, 54.60475784], [-5.91911095, 54.60476256], [-5.91910237, 54.60476983], [-5.91919384, 54.60480762], [-5.91919499, 54.60480699], [-5.91920434, 54.60481085], [-5.91920943, 54.60480823], [-5.91921321, 54.60480745], [-5.9192247, 54.6048122], [-5.91921915, 54.60481671], [-5.91921871, 54.60481789], [-5.91928269, 54.60484433], [-5.9192914, 54.60483756], [-5.91930294, 54.60484211]], [[-5.9194332, 54.60480565], [-5.91943721, 54.60480267], [-5.91943258, 54.60480056], [-5.91942856, 54.60480353], [-5.9194332, 54.60480565]], [[-5.91935254, 54.60487143], [-5.91935591, 54.60486841], [-5.91935095, 54.60486656], [-5.91934758, 54.60486958], [-5.91935254, 54.60487143]]]}, "properties": {"UNIT_ID": "CQ3.07.26", "NAME": "Office", "USE_TYPE": "Office", "LEVEL_ID": "CQ3.L07", "FACILITY_ID": "CQ3", "ELEVATION_RELATIVE": 28.4, "ELEVATION_ABSOLUTE": 31.9, "HEIGHT_RELATIVE": 3.9, "ROOM_NUMBER": "07.26", "AREA_PLAN_M2": 1275.8, "AREA_MODEL_M2": 1272.3, "AREA_DIFF_PCT": -0.3, "SOURCE_NOTE": "inferred: typical floor, as LV06"}}, {"type": "Feature", "geometry": {"type": "Polygon", "coordinates": [[[-5.9191049, 54.60476778], [-5.91918686, 54.60470123], [-5.91914974, 54.6046859], [-5.91906778, 54.60475245], [-5.9191049, 54.60476778]]]}, "properties": {"UNIT_ID": "CQ3.07.13", "NAME": "Lift Lobby", "USE_TYPE": "Lift Lobby", "LEVEL_ID": "CQ3.L07", "FACILITY_ID": "CQ3", "ELEVATION_RELATIVE": 28.4, "ELEVATION_ABSOLUTE": 31.9, "HEIGHT_RELATIVE": 3.9, "ROOM_NUMBER": "07.13", "AREA_PLAN_M2": 27.0, "AREA_MODEL_M2": 26.8, "AREA_DIFF_PCT": -0.7, "SOURCE_NOTE": "inferred: typical floor, as LV06"}}, {"type": "Feature", "geometry": {"type": "Polygon", "coordinates": [[[-5.91902867, 54.60473563], [-5.91902514, 54.60473417], [-5.91907165, 54.6046961], [-5.91907164, 54.6046961], [-5.91902489, 54.60473406], [-5.91897691, 54.60471424], [-5.91901631, 54.60468224], [-5.91901658, 54.6046823], [-5.91901639, 54.60468218], [-5.91902662, 54.60467387], [-5.91907821, 54.60469541], [-5.91902867, 54.60473563]], [[-5.91898514, 54.60471653], [-5.91901313, 54.60469411], [-5.91900749, 54.60469157], [-5.9189795, 54.604714], [-5.91898514, 54.60471653]]]}, "properties": {"UNIT_ID": "CQ3.07.17", "NAME": "Male WC", "USE_TYPE": "Restroom - Male", "LEVEL_ID": "CQ3.L07", "FACILITY_ID": "CQ3", "ELEVATION_RELATIVE": 28.4, "ELEVATION_ABSOLUTE": 31.9, "HEIGHT_RELATIVE": 3.9, "ROOM_NUMBER": "07.17", "AREA_PLAN_M2": 20.3, "AREA_MODEL_M2": 21.1, "AREA_DIFF_PCT": 3.9, "SOURCE_NOTE": "inferred: typical floor, as LV06"}}, {"type": "Feature", "geometry": {"type": "Polygon", "coordinates": [[[-5.91895038, 54.60470546], [-5.91901575, 54.60465238], [-5.91900381, 54.60464723], [-5.91900878, 54.60464288], [-5.91901031, 54.60464199], [-5.91901318, 54.60464294], [-5.91901838, 54.60464358], [-5.91902329, 54.60464323], [-5.91902878, 54.60464181], [-5.91903278, 54.60463914], [-5.91901917, 54.6046344], [-5.9190213, 54.60463306], [-5.91903367, 54.60463816], [-5.91903587, 54.60463668], [-5.91903814, 54.60463732], [-5.9190334, 54.60464055], [-5.91903362, 54.60464072], [-5.91903888, 54.60463767], [-5.9190444, 54.60463995], [-5.91904299, 54.60464109], [-5.91904176, 54.6046436], [-5.9190424, 54.60464733], [-5.91904576, 54.60465066], [-5.91904847, 54.60465178], [-5.91905581, 54.60464489], [-5.91905783, 54.60464572], [-5.9190561, 54.60464743], [-5.91910915, 54.60466935], [-5.91908916, 54.60468558], [-5.91908872, 54.60468541], [-5.91909262, 54.60468186], [-5.9190926, 54.60468184], [-5.91908886, 54.60468458], [-5.9190419, 54.60466518], [-5.91905001, 54.6046586], [-5.9190495, 54.60465839], [-5.91904138, 54.60466498], [-5.91903785, 54.60466329], [-5.91903701, 54.60466327], [-5.91897361, 54.60471506], [-5.91897058, 54.60471408], [-5.91897959, 54.60470802], [-5.9189779, 54.60470693], [-5.91897486, 54.6047061], [-5.91897152, 54.6047058], [-5.91896702, 54.60470611], [-5.91896354, 54.60470682], [-5.91895897, 54.60470926], [-5.9189535, 54.604707], [-5.91895659, 54.60470327], [-5.91895623, 54.60470321], [-5.9189527, 54.6047067], [-5.91895038, 54.60470546]]]}, "properties": {"UNIT_ID": "CQ3.07.21", "NAME": "FF Core", "USE_TYPE": "Firefighting Lobby", "LEVEL_ID": "CQ3.L07", "FACILITY_ID": "CQ3", "ELEVATION_RELATIVE": 28.4, "ELEVATION_ABSOLUTE": 31.9, "HEIGHT_RELATIVE": 3.9, "ROOM_NUMBER": "07.21", "AREA_PLAN_M2": 28.3, "AREA_MODEL_M2": 25.8, "AREA_DIFF_PCT": -8.8, "SOURCE_NOTE": "inferred: typical floor, as LV06"}}, {"type": "Feature", "geometry": {"type": "Polygon", "coordinates": [[[-5.91906067, 54.60467778], [-5.91905553, 54.60467586], [-5.91905558, 54.60467604], [-5.91905143, 54.6046794], [-5.91905075, 54.60467934], [-5.91904798, 54.60468159], [-5.91902601, 54.60467251], [-5.91903735, 54.6046633], [-5.91906463, 54.60467457], [-5.91906067, 54.60467778]]]}, "properties": {"UNIT_ID": "CQ3.07.20", "NAME": "Clnr Str", "USE_TYPE": "Janitor", "LEVEL_ID": "CQ3.L07", "FACILITY_ID": "CQ3", "ELEVATION_RELATIVE": 28.4, "ELEVATION_ABSOLUTE": 31.9, "HEIGHT_RELATIVE": 3.9, "ROOM_NUMBER": "07.20", "AREA_PLAN_M2": 2.3, "AREA_MODEL_M2": 2.4, "AREA_DIFF_PCT": 4.3, "SOURCE_NOTE": "inferred: typical floor, as LV06"}}, {"type": "Feature", "geometry": {"type": "Polygon", "coordinates": [[[-5.91894733, 54.60470268], [-5.91900821, 54.60465324], [-5.91897058, 54.6046377], [-5.9189097, 54.60468714], [-5.91894733, 54.60470268]]]}, "properties": {"UNIT_ID": "CQ3.07.22", "NAME": "Stair 2", "USE_TYPE": "Stairs", "LEVEL_ID": "CQ3.L07", "FACILITY_ID": "CQ3", "ELEVATION_RELATIVE": 28.4, "ELEVATION_ABSOLUTE": 31.9, "HEIGHT_RELATIVE": 3.9, "ROOM_NUMBER": "07.22", "AREA_PLAN_M2": 19.4, "AREA_MODEL_M2": 20.1, "AREA_DIFF_PCT": 3.6, "SOURCE_NOTE": "inferred: typical floor, as LV06"}}, {"type": "Feature", "geometry": {"type": "Polygon", "coordinates": [[[-5.91902216, 54.60464346], [-5.91901592, 54.6046434], [-5.91901031, 54.60464194], [-5.91900624, 54.60464493], [-5.9189762, 54.60463252], [-5.91899097, 54.60462052], [-5.91903036, 54.6046368], [-5.91902216, 54.60464346]]]}, "properties": {"UNIT_ID": "CQ3.07.23", "NAME": "Dis WC", "USE_TYPE": "Restroom - Accessible", "LEVEL_ID": "CQ3.L07", "FACILITY_ID": "CQ3", "ELEVATION_RELATIVE": 28.4, "ELEVATION_ABSOLUTE": 31.9, "HEIGHT_RELATIVE": 3.9, "ROOM_NUMBER": "07.23", "AREA_PLAN_M2": 4.3, "AREA_MODEL_M2": 4.7, "AREA_DIFF_PCT": 9.3, "SOURCE_NOTE": "inferred: typical floor, as LV06"}}, {"type": "Feature", "geometry": {"type": "Polygon", "coordinates": [[[-5.91894756, 54.60465114], [-5.9189324, 54.60464488], [-5.91897257, 54.60461226], [-5.91898772, 54.60461852], [-5.91894756, 54.60465114]]]}, "properties": {"UNIT_ID": "CQ3.07.25", "NAME": "Service", "USE_TYPE": "Mechanical", "LEVEL_ID": "CQ3.L07", "FACILITY_ID": "CQ3", "ELEVATION_RELATIVE": 28.4, "ELEVATION_ABSOLUTE": 31.9, "HEIGHT_RELATIVE": 3.9, "ROOM_NUMBER": "07.25", "AREA_PLAN_M2": 5.4, "AREA_MODEL_M2": 5.4, "AREA_DIFF_PCT": 0.0, "SOURCE_NOTE": "inferred: typical floor, as LV06"}}, {"type": "Feature", "geometry": {"type": "Polygon", "coordinates": [[[-5.91890559, 54.60468522], [-5.91889044, 54.60467896], [-5.9189306, 54.60464634], [-5.91894575, 54.6046526], [-5.91890559, 54.60468522]]]}, "properties": {"UNIT_ID": "CQ3.07.24", "NAME": "Service", "USE_TYPE": "Mechanical", "LEVEL_ID": "CQ3.L07", "FACILITY_ID": "CQ3", "ELEVATION_RELATIVE": 28.4, "ELEVATION_ABSOLUTE": 31.9, "HEIGHT_RELATIVE": 3.9, "ROOM_NUMBER": "07.24", "AREA_PLAN_M2": 5.4, "AREA_MODEL_M2": 5.4, "AREA_DIFF_PCT": 0.0, "SOURCE_NOTE": "inferred: typical floor, as LV06"}}, {"type": "Feature", "geometry": {"type": "Polygon", "coordinates": [[[-5.91928185, 54.60484067], [-5.9192667, 54.60483441], [-5.91930686, 54.60480179], [-5.91932202, 54.60480805], [-5.91928185, 54.60484067]]]}, "properties": {"UNIT_ID": "CQ3.07.01", "NAME": "Service", "USE_TYPE": "Mechanical", "LEVEL_ID": "CQ3.L07", "FACILITY_ID": "CQ3", "ELEVATION_RELATIVE": 28.4, "ELEVATION_ABSOLUTE": 31.9, "HEIGHT_RELATIVE": 3.9, "ROOM_NUMBER": "07.01", "AREA_PLAN_M2": 5.4, "AREA_MODEL_M2": 5.4, "AREA_DIFF_PCT": 0.0, "SOURCE_NOTE": "inferred: typical floor, as LV06"}}, {"type": "Feature", "geometry": {"type": "Polygon", "coordinates": [[[-5.91932382, 54.60480659], [-5.91930867, 54.60480033], [-5.91934883, 54.60476771], [-5.91936399, 54.60477397], [-5.91932382, 54.60480659]]]}, "properties": {"UNIT_ID": "CQ3.07.02", "NAME": "Service", "USE_TYPE": "Mechanical", "LEVEL_ID": "CQ3.L07", "FACILITY_ID": "CQ3", "ELEVATION_RELATIVE": 28.4, "ELEVATION_ABSOLUTE": 31.9, "HEIGHT_RELATIVE": 3.9, "ROOM_NUMBER": "07.02", "AREA_PLAN_M2": 5.4, "AREA_MODEL_M2": 5.4, "AREA_DIFF_PCT": 0.0, "SOURCE_NOTE": "inferred: typical floor, as LV06"}}, {"type": "Feature", "geometry": {"type": "Polygon", "coordinates": [[[-5.9192202, 54.60475274], [-5.91920454, 54.60474628], [-5.91921499, 54.60473779], [-5.91921726, 54.60473873], [-5.91921019, 54.60474448], [-5.91921039, 54.60474464], [-5.91921777, 54.60473894], [-5.91923065, 54.60474426], [-5.9192202, 54.60475274]]]}, "properties": {"UNIT_ID": "CQ3.07.08", "NAME": "Smk Vnt", "USE_TYPE": "Mechanical", "LEVEL_ID": "CQ3.L07", "FACILITY_ID": "CQ3", "ELEVATION_RELATIVE": 28.4, "ELEVATION_ABSOLUTE": 31.9, "HEIGHT_RELATIVE": 3.9, "ROOM_NUMBER": "07.08", "AREA_PLAN_M2": 1.5, "AREA_MODEL_M2": 1.4, "AREA_DIFF_PCT": -6.7, "SOURCE_NOTE": "inferred: typical floor, as LV06"}}, {"type": "Feature", "geometry": {"type": "Polygon", "coordinates": [[[-5.91920277, 54.60474555], [-5.91919495, 54.60474231], [-5.91920539, 54.60473383], [-5.91921322, 54.60473706], [-5.91920277, 54.60474555]]]}, "properties": {"UNIT_ID": "CQ3.07.09", "NAME": "WR", "USE_TYPE": "Mechanical", "LEVEL_ID": "CQ3.L07", "FACILITY_ID": "CQ3", "ELEVATION_RELATIVE": 28.4, "ELEVATION_ABSOLUTE": 31.9, "HEIGHT_RELATIVE": 3.9, "ROOM_NUMBER": "07.09", "AREA_PLAN_M2": 0.7, "AREA_MODEL_M2": 0.7, "AREA_DIFF_PCT": 0.0, "SOURCE_NOTE": "inferred: typical floor, as LV06"}}, {"type": "Feature", "geometry": {"type": "Polygon", "coordinates": [[[-5.91926298, 54.6048331], [-5.91932386, 54.60478366], [-5.91928624, 54.60476811], [-5.91922536, 54.60481755], [-5.91926298, 54.6048331]]]}, "properties": {"UNIT_ID": "CQ3.07.03", "NAME": "Stair 1", "USE_TYPE": "Stairs", "LEVEL_ID": "CQ3.L07", "FACILITY_ID": "CQ3", "ELEVATION_RELATIVE": 28.4, "ELEVATION_ABSOLUTE": 31.9, "HEIGHT_RELATIVE": 3.9, "ROOM_NUMBER": "07.03", "AREA_PLAN_M2": 19.4, "AREA_MODEL_M2": 20.1, "AREA_DIFF_PCT": 3.6, "SOURCE_NOTE": "inferred: typical floor, as LV06"}}, {"type": "Feature", "geometry": {"type": "Polygon", "coordinates": [[[-5.91921932, 54.60481658], [-5.91921629, 54.6048156], [-5.91922529, 54.60480953], [-5.91922362, 54.60480846], [-5.9192172, 54.60480731], [-5.91921272, 54.60480762], [-5.91920925, 54.60480834], [-5.91920468, 54.60481077], [-5.9191992, 54.60480851], [-5.91920253, 54.60480488], [-5.91920219, 54.60480482], [-5.91919867, 54.60480832], [-5.91919608, 54.60480698], [-5.91925981, 54.60475554], [-5.91925942, 54.60475483], [-5.91920832, 54.60473394], [-5.91921161, 54.60473096], [-5.91921127, 54.6047309], [-5.91920677, 54.60473418], [-5.91920633, 54.60473399], [-5.91922632, 54.60471776], [-5.91927938, 54.60473968], [-5.91928159, 54.60473819], [-5.9192841, 54.60473894], [-5.91927936, 54.60474216], [-5.91927957, 54.60474233], [-5.91928458, 54.60473918], [-5.9192901, 54.60474146], [-5.91928869, 54.60474261], [-5.91928746, 54.60474511], [-5.9192881, 54.60474884], [-5.91929147, 54.60475218], [-5.91929417, 54.60475329], [-5.91930152, 54.6047464], [-5.91930354, 54.60474723], [-5.91930181, 54.60474895], [-5.91931547, 54.60475459], [-5.919298, 54.60476877], [-5.91928469, 54.60476349], [-5.91921932, 54.60481658]]]}, "properties": {"UNIT_ID": "CQ3.07.06", "NAME": "FF Core", "USE_TYPE": "Firefighting Lobby", "LEVEL_ID": "CQ3.L07", "FACILITY_ID": "CQ3", "ELEVATION_RELATIVE": 28.4, "ELEVATION_ABSOLUTE": 31.9, "HEIGHT_RELATIVE": 3.9, "ROOM_NUMBER": "07.06", "AREA_PLAN_M2": 28.4, "AREA_MODEL_M2": 26.9, "AREA_DIFF_PCT": -5.3, "SOURCE_NOTE": "inferred: typical floor, as LV06"}}, {"type": "Feature", "geometry": {"type": "Polygon", "coordinates": [[[-5.91932667, 54.60478107], [-5.91929915, 54.60476969], [-5.91930833, 54.60476223], [-5.91933586, 54.60477361], [-5.91932667, 54.60478107]]]}, "properties": {"UNIT_ID": "CQ3.07.04", "NAME": "WC Supply", "USE_TYPE": "Mechanical", "LEVEL_ID": "CQ3.L07", "FACILITY_ID": "CQ3", "ELEVATION_RELATIVE": 28.4, "ELEVATION_ABSOLUTE": 31.9, "HEIGHT_RELATIVE": 3.9, "ROOM_NUMBER": "07.04", "AREA_PLAN_M2": 2.2, "AREA_MODEL_M2": 2.2, "AREA_DIFF_PCT": 0.0, "SOURCE_NOTE": "inferred: typical floor, as LV06"}}, {"type": "Feature", "geometry": {"type": "Polygon", "coordinates": [[[-5.91933586, 54.60477361], [-5.91930833, 54.60476223], [-5.91931752, 54.60475478], [-5.91934505, 54.60476615], [-5.91933586, 54.60477361]]]}, "properties": {"UNIT_ID": "CQ3.07.05", "NAME": "WC Extract", "USE_TYPE": "Mechanical", "LEVEL_ID": "CQ3.L07", "FACILITY_ID": "CQ3", "ELEVATION_RELATIVE": 28.4, "ELEVATION_ABSOLUTE": 31.9, "HEIGHT_RELATIVE": 3.9, "ROOM_NUMBER": "07.05", "AREA_PLAN_M2": 2.2, "AREA_MODEL_M2": 2.2, "AREA_DIFF_PCT": 0.0, "SOURCE_NOTE": "inferred: typical floor, as LV06"}}, {"type": "Feature", "geometry": {"type": "Polygon", "coordinates": [[[-5.91906995, 54.60469067], [-5.91905404, 54.6046841], [-5.91906448, 54.60467561], [-5.91907762, 54.60468104], [-5.91907052, 54.6046868], [-5.91907053, 54.6046868], [-5.91907787, 54.60468114], [-5.91908039, 54.60468218], [-5.91906995, 54.60469067]]]}, "properties": {"UNIT_ID": "CQ3.07.19", "NAME": "Smk Vnt", "USE_TYPE": "Mechanical", "LEVEL_ID": "CQ3.L07", "FACILITY_ID": "CQ3", "ELEVATION_RELATIVE": 28.4, "ELEVATION_ABSOLUTE": 31.9, "HEIGHT_RELATIVE": 3.9, "ROOM_NUMBER": "07.19", "AREA_PLAN_M2": 1.5, "AREA_MODEL_M2": 1.5, "AREA_DIFF_PCT": 0.0, "SOURCE_NOTE": "inferred: typical floor, as LV06"}}, {"type": "Feature", "geometry": {"type": "Polygon", "coordinates": [[[-5.91907929, 54.60469453], [-5.91907146, 54.60469129], [-5.91908191, 54.60468281], [-5.91908974, 54.60468604], [-5.91907929, 54.60469453]]]}, "properties": {"UNIT_ID": "CQ3.07.18", "NAME": "WR", "USE_TYPE": "Mechanical", "LEVEL_ID": "CQ3.L07", "FACILITY_ID": "CQ3", "ELEVATION_RELATIVE": 28.4, "ELEVATION_ABSOLUTE": 31.9, "HEIGHT_RELATIVE": 3.9, "ROOM_NUMBER": "07.18", "AREA_PLAN_M2": 0.7, "AREA_MODEL_M2": 0.7, "AREA_DIFF_PCT": 0.0, "SOURCE_NOTE": "inferred: typical floor, as LV06"}}, {"type": "Feature", "geometry": {"type": "Polygon", "coordinates": [[[-5.91914043, 54.60478224], [-5.91910862, 54.6047691], [-5.91913473, 54.60474789], [-5.91916655, 54.60476104], [-5.91914043, 54.60478224]]]}, "properties": {"UNIT_ID": "CQ3.07.10", "NAME": "Lift 1", "USE_TYPE": "Elevator", "LEVEL_ID": "CQ3.L07", "FACILITY_ID": "CQ3", "ELEVATION_RELATIVE": 28.4, "ELEVATION_ABSOLUTE": 31.9, "HEIGHT_RELATIVE": 3.9, "ROOM_NUMBER": "07.10", "AREA_PLAN_M2": 7.3, "AREA_MODEL_M2": 7.3, "AREA_DIFF_PCT": 0.0, "SOURCE_NOTE": "inferred: typical floor, as LV06"}}, {"type": "Feature", "geometry": {"type": "Polygon", "coordinates": [[[-5.91916835, 54.60475957], [-5.91913654, 54.60474643], [-5.91916283, 54.60472507], [-5.91919465, 54.60473822], [-5.91916835, 54.60475957]]]}, "properties": {"UNIT_ID": "CQ3.07.11", "NAME": "Lift 2", "USE_TYPE": "Elevator", "LEVEL_ID": "CQ3.L07", "FACILITY_ID": "CQ3", "ELEVATION_RELATIVE": 28.4, "ELEVATION_ABSOLUTE": 31.9, "HEIGHT_RELATIVE": 3.9, "ROOM_NUMBER": "07.11", "AREA_PLAN_M2": 7.3, "AREA_MODEL_M2": 7.4, "AREA_DIFF_PCT": 1.4, "SOURCE_NOTE": "inferred: typical floor, as LV06"}}, {"type": "Feature", "geometry": {"type": "Polygon", "coordinates": [[[-5.91919645, 54.60473676], [-5.91916464, 54.60472361], [-5.91917167, 54.6047179], [-5.91916806, 54.60471618], [-5.91917975, 54.6047067], [-5.91918372, 54.60470812], [-5.91919075, 54.6047024], [-5.91922257, 54.60471555], [-5.91919645, 54.60473676]]]}, "properties": {"UNIT_ID": "CQ3.07.12", "NAME": "Lift 3 (FF)", "USE_TYPE": "Elevator", "LEVEL_ID": "CQ3.L07", "FACILITY_ID": "CQ3", "ELEVATION_RELATIVE": 28.4, "ELEVATION_ABSOLUTE": 31.9, "HEIGHT_RELATIVE": 3.9, "ROOM_NUMBER": "07.12", "AREA_PLAN_M2": 7.3, "AREA_MODEL_M2": 7.7, "AREA_DIFF_PCT": 5.5, "SOURCE_NOTE": "inferred: typical floor, as LV06"}}, {"type": "Feature", "geometry": {"type": "Polygon", "coordinates": [[[-5.91909184, 54.60472796], [-5.91906002, 54.60471482], [-5.91908632, 54.60469346], [-5.91911814, 54.60470661], [-5.91909184, 54.60472796]]]}, "properties": {"UNIT_ID": "CQ3.07.15", "NAME": "Lift 5", "USE_TYPE": "Elevator", "LEVEL_ID": "CQ3.L07", "FACILITY_ID": "CQ3", "ELEVATION_RELATIVE": 28.4, "ELEVATION_ABSOLUTE": 31.9, "HEIGHT_RELATIVE": 3.9, "ROOM_NUMBER": "07.15", "AREA_PLAN_M2": 7.3, "AREA_MODEL_M2": 7.4, "AREA_DIFF_PCT": 1.4, "SOURCE_NOTE": "inferred: typical floor, as LV06"}}, {"type": "Feature", "geometry": {"type": "Polygon", "coordinates": [[[-5.91911994, 54.60470514], [-5.91908812, 54.604692], [-5.91911424, 54.60467079], [-5.91914606, 54.60468393], [-5.91913902, 54.60468965], [-5.91914237, 54.60469126], [-5.91913069, 54.60470074], [-5.91912698, 54.60469943], [-5.91911994, 54.60470514]]]}, "properties": {"UNIT_ID": "CQ3.07.16", "NAME": "Lift 6 (FF)", "USE_TYPE": "Elevator", "LEVEL_ID": "CQ3.L07", "FACILITY_ID": "CQ3", "ELEVATION_RELATIVE": 28.4, "ELEVATION_ABSOLUTE": 31.9, "HEIGHT_RELATIVE": 3.9, "ROOM_NUMBER": "07.16", "AREA_PLAN_M2": 7.3, "AREA_MODEL_M2": 7.7, "AREA_DIFF_PCT": 5.5, "SOURCE_NOTE": "inferred: typical floor, as LV06"}}, {"type": "Feature", "geometry": {"type": "Polygon", "coordinates": [[[-5.91919578, 54.60480599], [-5.91925767, 54.60475542], [-5.91925741, 54.60475532], [-5.91924716, 54.60476364], [-5.91924691, 54.60476356], [-5.91924713, 54.60476367], [-5.91919635, 54.6048049], [-5.91914837, 54.60478508], [-5.91919791, 54.60474486], [-5.91922022, 54.60475408], [-5.91922047, 54.604754], [-5.91922017, 54.60475295], [-5.91919502, 54.60474256], [-5.91920583, 54.60473379], [-5.91923097, 54.60474418], [-5.91923227, 54.60474405], [-5.91925983, 54.60475521], [-5.91924837, 54.60476452], [-5.91924768, 54.60476446], [-5.91919628, 54.6048062], [-5.91919578, 54.60480599]], [[-5.91919549, 54.60480344], [-5.91923699, 54.60477005], [-5.91923135, 54.60476751], [-5.91918985, 54.6048009], [-5.91919549, 54.60480344]]]}, "properties": {"UNIT_ID": "CQ3.07.07", "NAME": "Female WC", "USE_TYPE": "Restroom - Female", "LEVEL_ID": "CQ3.L07", "FACILITY_ID": "CQ3", "ELEVATION_RELATIVE": 28.4, "ELEVATION_ABSOLUTE": 31.9, "HEIGHT_RELATIVE": 3.9, "ROOM_NUMBER": "07.07", "AREA_PLAN_M2": 23.4, "AREA_MODEL_M2": 24.5, "AREA_DIFF_PCT": 4.7, "SOURCE_NOTE": "inferred: typical floor, as LV06"}}, {"type": "Feature", "geometry": {"type": "Polygon", "coordinates": [[[-5.91906392, 54.60475063], [-5.9190321, 54.60473749], [-5.91905822, 54.60471628], [-5.91909004, 54.60472942], [-5.91906392, 54.60475063]]]}, "properties": {"UNIT_ID": "CQ3.07.14", "NAME": "Lift 4", "USE_TYPE": "Elevator", "LEVEL_ID": "CQ3.L07", "FACILITY_ID": "CQ3", "ELEVATION_RELATIVE": 28.4, "ELEVATION_ABSOLUTE": 31.9, "HEIGHT_RELATIVE": 3.9, "ROOM_NUMBER": "07.14", "AREA_PLAN_M2": 7.3, "AREA_MODEL_M2": 7.3, "AREA_DIFF_PCT": 0.0, "SOURCE_NOTE": "inferred: typical floor, as LV06"}}, {"type": "Feature", "geometry": {"type": "Polygon", "coordinates": [[[-5.9191049, 54.60476778], [-5.91918686, 54.60470123], [-5.91914974, 54.6046859], [-5.91906778, 54.60475245], [-5.9191049, 54.60476778]]]}, "properties": {"UNIT_ID": "CQ3.08.13", "NAME": "Lift Lobby", "USE_TYPE": "Lift Lobby", "LEVEL_ID": "CQ3.L08", "FACILITY_ID": "CQ3", "ELEVATION_RELATIVE": 32.3, "ELEVATION_ABSOLUTE": 35.8, "HEIGHT_RELATIVE": 3.9, "ROOM_NUMBER": "08.13", "AREA_PLAN_M2": 27.0, "AREA_MODEL_M2": 26.8, "AREA_DIFF_PCT": -0.7, "SOURCE_NOTE": "drawn"}}, {"type": "Feature", "geometry": {"type": "Polygon", "coordinates": [[[-5.91902867, 54.60473563], [-5.91902514, 54.60473417], [-5.91907165, 54.6046961], [-5.91907164, 54.6046961], [-5.91902489, 54.60473406], [-5.91897691, 54.60471424], [-5.91901631, 54.60468224], [-5.91901658, 54.6046823], [-5.91901639, 54.60468218], [-5.91902662, 54.60467387], [-5.91907821, 54.60469541], [-5.91902867, 54.60473563]], [[-5.91898514, 54.60471653], [-5.91901313, 54.60469411], [-5.91900749, 54.60469157], [-5.9189795, 54.604714], [-5.91898514, 54.60471653]]]}, "properties": {"UNIT_ID": "CQ3.08.17", "NAME": "Male WC", "USE_TYPE": "Restroom - Male", "LEVEL_ID": "CQ3.L08", "FACILITY_ID": "CQ3", "ELEVATION_RELATIVE": 32.3, "ELEVATION_ABSOLUTE": 35.8, "HEIGHT_RELATIVE": 3.9, "ROOM_NUMBER": "08.17", "AREA_PLAN_M2": 20.3, "AREA_MODEL_M2": 21.1, "AREA_DIFF_PCT": 3.9, "SOURCE_NOTE": "drawn"}}, {"type": "Feature", "geometry": {"type": "Polygon", "coordinates": [[[-5.91895038, 54.60470546], [-5.91901575, 54.60465238], [-5.91900381, 54.60464723], [-5.91900878, 54.60464288], [-5.91901031, 54.60464199], [-5.91901318, 54.60464294], [-5.91901838, 54.60464358], [-5.91902329, 54.60464323], [-5.91902878, 54.60464181], [-5.91903278, 54.60463914], [-5.91901917, 54.6046344], [-5.9190213, 54.60463306], [-5.91903367, 54.60463816], [-5.91903587, 54.60463668], [-5.91903814, 54.60463732], [-5.9190334, 54.60464055], [-5.91903362, 54.60464072], [-5.91903888, 54.60463767], [-5.9190444, 54.60463995], [-5.91904299, 54.60464109], [-5.91904176, 54.6046436], [-5.9190424, 54.60464733], [-5.91904576, 54.60465066], [-5.91904847, 54.60465178], [-5.91905581, 54.60464489], [-5.91905783, 54.60464572], [-5.9190561, 54.60464743], [-5.91910915, 54.60466935], [-5.91908916, 54.60468558], [-5.91908872, 54.60468541], [-5.91909262, 54.60468186], [-5.9190926, 54.60468184], [-5.91908886, 54.60468458], [-5.9190419, 54.60466518], [-5.91905001, 54.6046586], [-5.9190495, 54.60465839], [-5.91904138, 54.60466498], [-5.91903785, 54.60466329], [-5.91903701, 54.60466327], [-5.91897361, 54.60471506], [-5.91897058, 54.60471408], [-5.91897959, 54.60470802], [-5.9189779, 54.60470693], [-5.91897486, 54.6047061], [-5.91897152, 54.6047058], [-5.91896702, 54.60470611], [-5.91896354, 54.60470682], [-5.91895897, 54.60470926], [-5.9189535, 54.604707], [-5.91895659, 54.60470327], [-5.91895623, 54.60470321], [-5.9189527, 54.6047067], [-5.91895038, 54.60470546]]]}, "properties": {"UNIT_ID": "CQ3.08.21", "NAME": "FF Core", "USE_TYPE": "Firefighting Lobby", "LEVEL_ID": "CQ3.L08", "FACILITY_ID": "CQ3", "ELEVATION_RELATIVE": 32.3, "ELEVATION_ABSOLUTE": 35.8, "HEIGHT_RELATIVE": 3.9, "ROOM_NUMBER": "08.21", "AREA_PLAN_M2": 28.3, "AREA_MODEL_M2": 25.8, "AREA_DIFF_PCT": -8.8, "SOURCE_NOTE": "drawn"}}, {"type": "Feature", "geometry": {"type": "Polygon", "coordinates": [[[-5.91906067, 54.60467778], [-5.91905553, 54.60467586], [-5.91905558, 54.60467604], [-5.91905143, 54.6046794], [-5.91905075, 54.60467934], [-5.91904798, 54.60468159], [-5.91902601, 54.60467251], [-5.91903735, 54.6046633], [-5.91906463, 54.60467457], [-5.91906067, 54.60467778]]]}, "properties": {"UNIT_ID": "CQ3.08.20", "NAME": "Clnr Str", "USE_TYPE": "Janitor", "LEVEL_ID": "CQ3.L08", "FACILITY_ID": "CQ3", "ELEVATION_RELATIVE": 32.3, "ELEVATION_ABSOLUTE": 35.8, "HEIGHT_RELATIVE": 3.9, "ROOM_NUMBER": "08.20", "AREA_PLAN_M2": 2.3, "AREA_MODEL_M2": 2.4, "AREA_DIFF_PCT": 4.3, "SOURCE_NOTE": "drawn"}}, {"type": "Feature", "geometry": {"type": "Polygon", "coordinates": [[[-5.91894733, 54.60470268], [-5.91900821, 54.60465324], [-5.91897058, 54.6046377], [-5.9189097, 54.60468714], [-5.91894733, 54.60470268]]]}, "properties": {"UNIT_ID": "CQ3.08.22", "NAME": "Stair 2", "USE_TYPE": "Stairs", "LEVEL_ID": "CQ3.L08", "FACILITY_ID": "CQ3", "ELEVATION_RELATIVE": 32.3, "ELEVATION_ABSOLUTE": 35.8, "HEIGHT_RELATIVE": 3.9, "ROOM_NUMBER": "08.22", "AREA_PLAN_M2": 19.4, "AREA_MODEL_M2": 20.1, "AREA_DIFF_PCT": 3.6, "SOURCE_NOTE": "drawn"}}, {"type": "Feature", "geometry": {"type": "Polygon", "coordinates": [[[-5.91902216, 54.60464346], [-5.91901592, 54.6046434], [-5.91901031, 54.60464194], [-5.91900624, 54.60464493], [-5.9189762, 54.60463252], [-5.91899097, 54.60462052], [-5.91903036, 54.6046368], [-5.91902216, 54.60464346]]]}, "properties": {"UNIT_ID": "CQ3.08.23", "NAME": "Dis WC", "USE_TYPE": "Restroom - Accessible", "LEVEL_ID": "CQ3.L08", "FACILITY_ID": "CQ3", "ELEVATION_RELATIVE": 32.3, "ELEVATION_ABSOLUTE": 35.8, "HEIGHT_RELATIVE": 3.9, "ROOM_NUMBER": "08.23", "AREA_PLAN_M2": 4.3, "AREA_MODEL_M2": 4.7, "AREA_DIFF_PCT": 9.3, "SOURCE_NOTE": "drawn"}}, {"type": "Feature", "geometry": {"type": "Polygon", "coordinates": [[[-5.91894756, 54.60465114], [-5.9189324, 54.60464488], [-5.91897257, 54.60461226], [-5.91898772, 54.60461852], [-5.91894756, 54.60465114]]]}, "properties": {"UNIT_ID": "CQ3.08.25", "NAME": "Service", "USE_TYPE": "Mechanical", "LEVEL_ID": "CQ3.L08", "FACILITY_ID": "CQ3", "ELEVATION_RELATIVE": 32.3, "ELEVATION_ABSOLUTE": 35.8, "HEIGHT_RELATIVE": 3.9, "ROOM_NUMBER": "08.25", "AREA_PLAN_M2": 5.4, "AREA_MODEL_M2": 5.4, "AREA_DIFF_PCT": 0.0, "SOURCE_NOTE": "drawn"}}, {"type": "Feature", "geometry": {"type": "Polygon", "coordinates": [[[-5.91890559, 54.60468522], [-5.91889044, 54.60467896], [-5.9189306, 54.60464634], [-5.91894575, 54.6046526], [-5.91890559, 54.60468522]]]}, "properties": {"UNIT_ID": "CQ3.08.24", "NAME": "Service", "USE_TYPE": "Mechanical", "LEVEL_ID": "CQ3.L08", "FACILITY_ID": "CQ3", "ELEVATION_RELATIVE": 32.3, "ELEVATION_ABSOLUTE": 35.8, "HEIGHT_RELATIVE": 3.9, "ROOM_NUMBER": "08.24", "AREA_PLAN_M2": 5.4, "AREA_MODEL_M2": 5.4, "AREA_DIFF_PCT": 0.0, "SOURCE_NOTE": "drawn"}}, {"type": "Feature", "geometry": {"type": "Polygon", "coordinates": [[[-5.91928185, 54.60484067], [-5.9192667, 54.60483441], [-5.91930686, 54.60480179], [-5.91932202, 54.60480805], [-5.91928185, 54.60484067]]]}, "properties": {"UNIT_ID": "CQ3.08.01", "NAME": "Service", "USE_TYPE": "Mechanical", "LEVEL_ID": "CQ3.L08", "FACILITY_ID": "CQ3", "ELEVATION_RELATIVE": 32.3, "ELEVATION_ABSOLUTE": 35.8, "HEIGHT_RELATIVE": 3.9, "ROOM_NUMBER": "08.01", "AREA_PLAN_M2": 5.4, "AREA_MODEL_M2": 5.4, "AREA_DIFF_PCT": 0.0, "SOURCE_NOTE": "drawn"}}, {"type": "Feature", "geometry": {"type": "Polygon", "coordinates": [[[-5.91932382, 54.60480659], [-5.91930867, 54.60480033], [-5.91934883, 54.60476771], [-5.91936399, 54.60477397], [-5.91932382, 54.60480659]]]}, "properties": {"UNIT_ID": "CQ3.08.02", "NAME": "Service", "USE_TYPE": "Mechanical", "LEVEL_ID": "CQ3.L08", "FACILITY_ID": "CQ3", "ELEVATION_RELATIVE": 32.3, "ELEVATION_ABSOLUTE": 35.8, "HEIGHT_RELATIVE": 3.9, "ROOM_NUMBER": "08.02", "AREA_PLAN_M2": 5.4, "AREA_MODEL_M2": 5.4, "AREA_DIFF_PCT": 0.0, "SOURCE_NOTE": "drawn"}}, {"type": "Feature", "geometry": {"type": "Polygon", "coordinates": [[[-5.9192202, 54.60475274], [-5.91920454, 54.60474628], [-5.91921499, 54.60473779], [-5.91921726, 54.60473873], [-5.91921019, 54.60474448], [-5.91921039, 54.60474464], [-5.91921777, 54.60473894], [-5.91923065, 54.60474426], [-5.9192202, 54.60475274]]]}, "properties": {"UNIT_ID": "CQ3.08.08", "NAME": "Smk Vnt", "USE_TYPE": "Mechanical", "LEVEL_ID": "CQ3.L08", "FACILITY_ID": "CQ3", "ELEVATION_RELATIVE": 32.3, "ELEVATION_ABSOLUTE": 35.8, "HEIGHT_RELATIVE": 3.9, "ROOM_NUMBER": "08.08", "AREA_PLAN_M2": 1.5, "AREA_MODEL_M2": 1.4, "AREA_DIFF_PCT": -6.7, "SOURCE_NOTE": "drawn"}}, {"type": "Feature", "geometry": {"type": "Polygon", "coordinates": [[[-5.91920277, 54.60474555], [-5.91919495, 54.60474231], [-5.91920539, 54.60473383], [-5.91921322, 54.60473706], [-5.91920277, 54.60474555]]]}, "properties": {"UNIT_ID": "CQ3.08.09", "NAME": "WR", "USE_TYPE": "Mechanical", "LEVEL_ID": "CQ3.L08", "FACILITY_ID": "CQ3", "ELEVATION_RELATIVE": 32.3, "ELEVATION_ABSOLUTE": 35.8, "HEIGHT_RELATIVE": 3.9, "ROOM_NUMBER": "08.09", "AREA_PLAN_M2": 0.7, "AREA_MODEL_M2": 0.7, "AREA_DIFF_PCT": 0.0, "SOURCE_NOTE": "drawn"}}, {"type": "Feature", "geometry": {"type": "Polygon", "coordinates": [[[-5.91926298, 54.6048331], [-5.91932386, 54.60478366], [-5.91928624, 54.60476811], [-5.91922536, 54.60481755], [-5.91926298, 54.6048331]]]}, "properties": {"UNIT_ID": "CQ3.08.03", "NAME": "Stair 1", "USE_TYPE": "Stairs", "LEVEL_ID": "CQ3.L08", "FACILITY_ID": "CQ3", "ELEVATION_RELATIVE": 32.3, "ELEVATION_ABSOLUTE": 35.8, "HEIGHT_RELATIVE": 3.9, "ROOM_NUMBER": "08.03", "AREA_PLAN_M2": 19.4, "AREA_MODEL_M2": 20.1, "AREA_DIFF_PCT": 3.6, "SOURCE_NOTE": "drawn"}}, {"type": "Feature", "geometry": {"type": "Polygon", "coordinates": [[[-5.91921932, 54.60481658], [-5.91921629, 54.6048156], [-5.91922529, 54.60480953], [-5.91922362, 54.60480846], [-5.9192172, 54.60480731], [-5.91921272, 54.60480762], [-5.91920925, 54.60480834], [-5.91920468, 54.60481077], [-5.9191992, 54.60480851], [-5.91920253, 54.60480488], [-5.91920219, 54.60480482], [-5.91919867, 54.60480832], [-5.91919608, 54.60480698], [-5.91925981, 54.60475554], [-5.91925942, 54.60475483], [-5.91920832, 54.60473394], [-5.91921161, 54.60473096], [-5.91921127, 54.6047309], [-5.91920677, 54.60473418], [-5.91920633, 54.60473399], [-5.91922632, 54.60471776], [-5.91927938, 54.60473968], [-5.91928159, 54.60473819], [-5.9192841, 54.60473894], [-5.91927936, 54.60474216], [-5.91927957, 54.60474233], [-5.91928458, 54.60473918], [-5.9192901, 54.60474146], [-5.91928869, 54.60474261], [-5.91928746, 54.60474511], [-5.9192881, 54.60474884], [-5.91929147, 54.60475218], [-5.91929417, 54.60475329], [-5.91930152, 54.6047464], [-5.91930354, 54.60474723], [-5.91930181, 54.60474895], [-5.91931547, 54.60475459], [-5.919298, 54.60476877], [-5.91928469, 54.60476349], [-5.91921932, 54.60481658]]]}, "properties": {"UNIT_ID": "CQ3.08.06", "NAME": "FF Core", "USE_TYPE": "Firefighting Lobby", "LEVEL_ID": "CQ3.L08", "FACILITY_ID": "CQ3", "ELEVATION_RELATIVE": 32.3, "ELEVATION_ABSOLUTE": 35.8, "HEIGHT_RELATIVE": 3.9, "ROOM_NUMBER": "08.06", "AREA_PLAN_M2": 28.4, "AREA_MODEL_M2": 26.9, "AREA_DIFF_PCT": -5.3, "SOURCE_NOTE": "drawn"}}, {"type": "Feature", "geometry": {"type": "Polygon", "coordinates": [[[-5.91932667, 54.60478107], [-5.91929915, 54.60476969], [-5.91930833, 54.60476223], [-5.91933586, 54.60477361], [-5.91932667, 54.60478107]]]}, "properties": {"UNIT_ID": "CQ3.08.04", "NAME": "WC Supply", "USE_TYPE": "Mechanical", "LEVEL_ID": "CQ3.L08", "FACILITY_ID": "CQ3", "ELEVATION_RELATIVE": 32.3, "ELEVATION_ABSOLUTE": 35.8, "HEIGHT_RELATIVE": 3.9, "ROOM_NUMBER": "08.04", "AREA_PLAN_M2": 2.2, "AREA_MODEL_M2": 2.2, "AREA_DIFF_PCT": 0.0, "SOURCE_NOTE": "drawn"}}, {"type": "Feature", "geometry": {"type": "Polygon", "coordinates": [[[-5.91933586, 54.60477361], [-5.91930833, 54.60476223], [-5.91931752, 54.60475478], [-5.91934505, 54.60476615], [-5.91933586, 54.60477361]]]}, "properties": {"UNIT_ID": "CQ3.08.05", "NAME": "WC Extract", "USE_TYPE": "Mechanical", "LEVEL_ID": "CQ3.L08", "FACILITY_ID": "CQ3", "ELEVATION_RELATIVE": 32.3, "ELEVATION_ABSOLUTE": 35.8, "HEIGHT_RELATIVE": 3.9, "ROOM_NUMBER": "08.05", "AREA_PLAN_M2": 2.2, "AREA_MODEL_M2": 2.2, "AREA_DIFF_PCT": 0.0, "SOURCE_NOTE": "drawn"}}, {"type": "Feature", "geometry": {"type": "Polygon", "coordinates": [[[-5.91906995, 54.60469067], [-5.91905404, 54.6046841], [-5.91906448, 54.60467561], [-5.91907762, 54.60468104], [-5.91907052, 54.6046868], [-5.91907053, 54.6046868], [-5.91907787, 54.60468114], [-5.91908039, 54.60468218], [-5.91906995, 54.60469067]]]}, "properties": {"UNIT_ID": "CQ3.08.19", "NAME": "Smk Vnt", "USE_TYPE": "Mechanical", "LEVEL_ID": "CQ3.L08", "FACILITY_ID": "CQ3", "ELEVATION_RELATIVE": 32.3, "ELEVATION_ABSOLUTE": 35.8, "HEIGHT_RELATIVE": 3.9, "ROOM_NUMBER": "08.19", "AREA_PLAN_M2": 1.5, "AREA_MODEL_M2": 1.5, "AREA_DIFF_PCT": 0.0, "SOURCE_NOTE": "drawn"}}, {"type": "Feature", "geometry": {"type": "Polygon", "coordinates": [[[-5.91907929, 54.60469453], [-5.91907146, 54.60469129], [-5.91908191, 54.60468281], [-5.91908974, 54.60468604], [-5.91907929, 54.60469453]]]}, "properties": {"UNIT_ID": "CQ3.08.18", "NAME": "WR", "USE_TYPE": "Mechanical", "LEVEL_ID": "CQ3.L08", "FACILITY_ID": "CQ3", "ELEVATION_RELATIVE": 32.3, "ELEVATION_ABSOLUTE": 35.8, "HEIGHT_RELATIVE": 3.9, "ROOM_NUMBER": "08.18", "AREA_PLAN_M2": 0.7, "AREA_MODEL_M2": 0.7, "AREA_DIFF_PCT": 0.0, "SOURCE_NOTE": "drawn"}}, {"type": "Feature", "geometry": {"type": "Polygon", "coordinates": [[[-5.91914043, 54.60478224], [-5.91910862, 54.6047691], [-5.91913473, 54.60474789], [-5.91916655, 54.60476104], [-5.91914043, 54.60478224]]]}, "properties": {"UNIT_ID": "CQ3.08.10", "NAME": "Lift 1", "USE_TYPE": "Elevator", "LEVEL_ID": "CQ3.L08", "FACILITY_ID": "CQ3", "ELEVATION_RELATIVE": 32.3, "ELEVATION_ABSOLUTE": 35.8, "HEIGHT_RELATIVE": 3.9, "ROOM_NUMBER": "08.10", "AREA_PLAN_M2": 7.3, "AREA_MODEL_M2": 7.3, "AREA_DIFF_PCT": 0.0, "SOURCE_NOTE": "drawn"}}, {"type": "Feature", "geometry": {"type": "Polygon", "coordinates": [[[-5.91916835, 54.60475957], [-5.91913654, 54.60474643], [-5.91916283, 54.60472507], [-5.91919465, 54.60473822], [-5.91916835, 54.60475957]]]}, "properties": {"UNIT_ID": "CQ3.08.11", "NAME": "Lift 2", "USE_TYPE": "Elevator", "LEVEL_ID": "CQ3.L08", "FACILITY_ID": "CQ3", "ELEVATION_RELATIVE": 32.3, "ELEVATION_ABSOLUTE": 35.8, "HEIGHT_RELATIVE": 3.9, "ROOM_NUMBER": "08.11", "AREA_PLAN_M2": 7.3, "AREA_MODEL_M2": 7.4, "AREA_DIFF_PCT": 1.4, "SOURCE_NOTE": "drawn"}}, {"type": "Feature", "geometry": {"type": "Polygon", "coordinates": [[[-5.91919645, 54.60473676], [-5.91916464, 54.60472361], [-5.91917167, 54.6047179], [-5.91916806, 54.60471618], [-5.91917975, 54.6047067], [-5.91918372, 54.60470812], [-5.91919075, 54.6047024], [-5.91922257, 54.60471555], [-5.91919645, 54.60473676]]]}, "properties": {"UNIT_ID": "CQ3.08.12", "NAME": "Lift 3 (FF)", "USE_TYPE": "Elevator", "LEVEL_ID": "CQ3.L08", "FACILITY_ID": "CQ3", "ELEVATION_RELATIVE": 32.3, "ELEVATION_ABSOLUTE": 35.8, "HEIGHT_RELATIVE": 3.9, "ROOM_NUMBER": "08.12", "AREA_PLAN_M2": 7.3, "AREA_MODEL_M2": 7.7, "AREA_DIFF_PCT": 5.5, "SOURCE_NOTE": "drawn"}}, {"type": "Feature", "geometry": {"type": "Polygon", "coordinates": [[[-5.91909184, 54.60472796], [-5.91906002, 54.60471482], [-5.91908632, 54.60469346], [-5.91911814, 54.60470661], [-5.91909184, 54.60472796]]]}, "properties": {"UNIT_ID": "CQ3.08.15", "NAME": "Lift 5", "USE_TYPE": "Elevator", "LEVEL_ID": "CQ3.L08", "FACILITY_ID": "CQ3", "ELEVATION_RELATIVE": 32.3, "ELEVATION_ABSOLUTE": 35.8, "HEIGHT_RELATIVE": 3.9, "ROOM_NUMBER": "08.15", "AREA_PLAN_M2": 7.3, "AREA_MODEL_M2": 7.4, "AREA_DIFF_PCT": 1.4, "SOURCE_NOTE": "drawn"}}, {"type": "Feature", "geometry": {"type": "Polygon", "coordinates": [[[-5.91911994, 54.60470514], [-5.91908812, 54.604692], [-5.91911424, 54.60467079], [-5.91914606, 54.60468393], [-5.91913902, 54.60468965], [-5.91914237, 54.60469126], [-5.91913069, 54.60470074], [-5.91912698, 54.60469943], [-5.91911994, 54.60470514]]]}, "properties": {"UNIT_ID": "CQ3.08.16", "NAME": "Lift 6 (FF)", "USE_TYPE": "Elevator", "LEVEL_ID": "CQ3.L08", "FACILITY_ID": "CQ3", "ELEVATION_RELATIVE": 32.3, "ELEVATION_ABSOLUTE": 35.8, "HEIGHT_RELATIVE": 3.9, "ROOM_NUMBER": "08.16", "AREA_PLAN_M2": 7.3, "AREA_MODEL_M2": 7.7, "AREA_DIFF_PCT": 5.5, "SOURCE_NOTE": "drawn"}}, {"type": "Feature", "geometry": {"type": "Polygon", "coordinates": [[[-5.91919578, 54.60480599], [-5.91925767, 54.60475542], [-5.91925741, 54.60475532], [-5.91924716, 54.60476364], [-5.91924691, 54.60476356], [-5.91924713, 54.60476367], [-5.91919635, 54.6048049], [-5.91914837, 54.60478508], [-5.91919791, 54.60474486], [-5.91922022, 54.60475408], [-5.91922047, 54.604754], [-5.91922017, 54.60475295], [-5.91919502, 54.60474256], [-5.91920583, 54.60473379], [-5.91923097, 54.60474418], [-5.91923227, 54.60474405], [-5.91925983, 54.60475521], [-5.91924837, 54.60476452], [-5.91924768, 54.60476446], [-5.91919628, 54.6048062], [-5.91919578, 54.60480599]], [[-5.91919549, 54.60480344], [-5.91923699, 54.60477005], [-5.91923135, 54.60476751], [-5.91918985, 54.6048009], [-5.91919549, 54.60480344]]]}, "properties": {"UNIT_ID": "CQ3.08.07", "NAME": "Female WC", "USE_TYPE": "Restroom - Female", "LEVEL_ID": "CQ3.L08", "FACILITY_ID": "CQ3", "ELEVATION_RELATIVE": 32.3, "ELEVATION_ABSOLUTE": 35.8, "HEIGHT_RELATIVE": 3.9, "ROOM_NUMBER": "08.07", "AREA_PLAN_M2": 23.4, "AREA_MODEL_M2": 24.5, "AREA_DIFF_PCT": 4.7, "SOURCE_NOTE": "drawn"}}, {"type": "Feature", "geometry": {"type": "Polygon", "coordinates": [[[-5.91906392, 54.60475063], [-5.9190321, 54.60473749], [-5.91905822, 54.60471628], [-5.91909004, 54.60472942], [-5.91906392, 54.60475063]]]}, "properties": {"UNIT_ID": "CQ3.08.14", "NAME": "Lift 4", "USE_TYPE": "Elevator", "LEVEL_ID": "CQ3.L08", "FACILITY_ID": "CQ3", "ELEVATION_RELATIVE": 32.3, "ELEVATION_ABSOLUTE": 35.8, "HEIGHT_RELATIVE": 3.9, "ROOM_NUMBER": "08.14", "AREA_PLAN_M2": 7.3, "AREA_MODEL_M2": 7.3, "AREA_DIFF_PCT": 0.0, "SOURCE_NOTE": "drawn"}}, {"type": "Feature", "geometry": {"type": "Polygon", "coordinates": [[[-5.91930584, 54.60497217], [-5.91929732, 54.60496887], [-5.91929137, 54.60497371], [-5.91924845, 54.60495597], [-5.9192544, 54.60495114], [-5.91924976, 54.60494902], [-5.91924339, 54.60495388], [-5.91917294, 54.60492477], [-5.91917889, 54.60491994], [-5.919174, 54.60491772], [-5.91916763, 54.60492258], [-5.91909718, 54.60489347], [-5.91910314, 54.60488864], [-5.91909824, 54.60488642], [-5.91909187, 54.60489128], [-5.91902117, 54.60486207], [-5.91902713, 54.60485724], [-5.91902248, 54.60485512], [-5.91901612, 54.60485998], [-5.91894567, 54.60483088], [-5.91895162, 54.60482604], [-5.91894673, 54.60482382], [-5.91894036, 54.60482868], [-5.91886991, 54.60479958], [-5.91887586, 54.60479474], [-5.91887097, 54.60479252], [-5.9188646, 54.60479738], [-5.9187939, 54.60476817], [-5.91879985, 54.60476334], [-5.91879521, 54.60476122], [-5.91878884, 54.60476608], [-5.9187184, 54.60473698], [-5.91872435, 54.60473215], [-5.91871945, 54.60472992], [-5.91871309, 54.60473479], [-5.91867042, 54.60471716], [-5.91867637, 54.60471233], [-5.91866821, 54.60470874], [-5.91876601, 54.60462932], [-5.91877411, 54.60463266], [-5.91877794, 54.60462983], [-5.9187698, 54.60462624], [-5.91877916, 54.60461864], [-5.91882657, 54.60463801], [-5.91888475, 54.60459076], [-5.91883771, 54.6045711], [-5.91884707, 54.6045635], [-5.91885516, 54.60456684], [-5.91885918, 54.60456386], [-5.91885104, 54.60456028], [-5.91894884, 54.60448086], [-5.91895735, 54.60448416], [-5.91896312, 54.60447947], [-5.91900579, 54.6044971], [-5.9190001, 54.60450203], [-5.91900533, 54.60450398], [-5.9190111, 54.6044993], [-5.91908155, 54.60452841], [-5.91907578, 54.60453309], [-5.91908042, 54.60453521], [-5.91908661, 54.6045305], [-5.91911285, 54.60454133], [-5.91911094, 54.60454319], [-5.91915514, 54.60456146], [-5.91915161, 54.60456463], [-5.91915642, 54.60456662], [-5.91916262, 54.6045619], [-5.91923307, 54.604591], [-5.9192273, 54.60459569], [-5.91923219, 54.60459791], [-5.91923838, 54.6045932], [-5.91930882, 54.6046223], [-5.91930305, 54.60462699], [-5.91930769, 54.60462911], [-5.91931388, 54.60462439], [-5.91938458, 54.6046536], [-5.91937881, 54.60465829], [-5.9193837, 54.60466051], [-5.91938989, 54.6046558], [-5.91946034, 54.6046849], [-5.91945457, 54.60468959], [-5.91945946, 54.60469181], [-5.91946565, 54.6046871], [-5.9195361, 54.6047162], [-5.91953032, 54.60472089], [-5.91953497, 54.60472301], [-5.91954115, 54.60471829], [-5.91958407, 54.60473602], [-5.91957838, 54.60474095], [-5.91958647, 54.60474429], [-5.91948866, 54.60482372], [-5.91948057, 54.60482037], [-5.91947655, 54.60482335], [-5.91948469, 54.60482694], [-5.91947533, 54.60483454], [-5.91942768, 54.60481507], [-5.91936949, 54.60486232], [-5.91941679, 54.60488208], [-5.91940742, 54.60488968], [-5.91939933, 54.60488634], [-5.91939549, 54.60488917], [-5.91940363, 54.60489276], [-5.91930584, 54.60497217]], [[-5.91890354, 54.60458662], [-5.9189071, 54.60458345], [-5.91890188, 54.6045815], [-5.91889833, 54.60458467], [-5.91890354, 54.60458662]], [[-5.91882249, 54.60465244], [-5.91882586, 54.60464942], [-5.91882065, 54.60464747], [-5.91881727, 54.60465049], [-5.91882249, 54.60465244]], [[-5.91930294, 54.60484211], [-5.91930362, 54.60484155], [-5.91930409, 54.60483932], [-5.91931227, 54.60483267], [-5.9193171, 54.60483092], [-5.91932153, 54.60482732], [-5.91932283, 54.6048241], [-5.91933102, 54.60481745], [-5.91933452, 54.60481647], [-5.91934065, 54.60481179], [-5.91934162, 54.60481071], [-5.91934209, 54.60480846], [-5.91935011, 54.60480195], [-5.91935361, 54.60480096], [-5.91935939, 54.60479658], [-5.91936036, 54.60479549], [-5.91936082, 54.60479325], [-5.91936884, 54.60478673], [-5.91937174, 54.60478594], [-5.91937316, 54.60478504], [-5.91936202, 54.60478022], [-5.91937023, 54.60477324], [-5.91930582, 54.60474663], [-5.9192989, 54.60475194], [-5.91928741, 54.60474719], [-5.91928756, 54.60474447], [-5.9192899, 54.60474138], [-5.9192813, 54.60473783], [-5.91928213, 54.60473684], [-5.91918991, 54.60469874], [-5.91918084, 54.60470581], [-5.91916917, 54.60470099], [-5.91916846, 54.60470022], [-5.9191671, 54.60469629], [-5.91916795, 54.60469371], [-5.9191687, 54.60469284], [-5.91916823, 54.60469315], [-5.91916454, 54.60469456], [-5.91915664, 54.60469533], [-5.91915514, 54.60469519], [-5.91914347, 54.60469037], [-5.91915205, 54.6046831], [-5.91906011, 54.60464511], [-5.91905708, 54.60464727], [-5.9190558, 54.6046474], [-5.91905317, 54.60464953], [-5.91904165, 54.60464477], [-5.91904215, 54.6046424], [-5.91904419, 54.60463986], [-5.9190356, 54.60463631], [-5.91903642, 54.60463533], [-5.91897173, 54.6046086], [-5.91896464, 54.60461405], [-5.9189531, 54.60460951], [-5.91895133, 54.60461094], [-5.91895033, 54.60461362], [-5.91894215, 54.60462026], [-5.91893793, 54.60462182], [-5.9189326, 54.60462616], [-5.91893141, 54.60462898], [-5.91892342, 54.60463547], [-5.9189192, 54.60463704], [-5.9189135, 54.60464166], [-5.91891232, 54.60464448], [-5.91890414, 54.60465112], [-5.9189001, 54.60465254], [-5.91889459, 54.60465702], [-5.91889359, 54.60465969], [-5.91888541, 54.60466633], [-5.91888137, 54.60466775], [-5.91887942, 54.60466934], [-5.9188906, 54.60467417], [-5.91888419, 54.60467969], [-5.91894813, 54.6047061], [-5.91894929, 54.60470548], [-5.91895863, 54.60470934], [-5.91896372, 54.60470672], [-5.9189675, 54.60470594], [-5.91897899, 54.60471069], [-5.91897345, 54.60471519], [-5.918973, 54.60471638], [-5.91906451, 54.60475418], [-5.91907358, 54.60474712], [-5.919085, 54.60475184], [-5.91908636, 54.60475332], [-5.91908729, 54.60475731], [-5.91908512, 54.60476059], [-5.9190878, 54.6047591], [-5.91909095, 54.60475813], [-5.91909736, 54.60475764], [-5.91909953, 54.60475784], [-5.91911095, 54.60476256], [-5.91910237, 54.60476983], [-5.91919384, 54.60480762], [-5.91919499, 54.60480699], [-5.91920434, 54.60481085], [-5.91920943, 54.60480823], [-5.91921321, 54.60480745], [-5.9192247, 54.6048122], [-5.91921915, 54.60481671], [-5.91921871, 54.60481789], [-5.91928269, 54.60484433], [-5.9192914, 54.60483756], [-5.91930294, 54.60484211]], [[-5.9194332, 54.60480565], [-5.91943721, 54.60480267], [-5.91943258, 54.60480056], [-5.91942856, 54.60480353], [-5.9194332, 54.60480565]], [[-5.91935254, 54.60487143], [-5.91935591, 54.60486841], [-5.91935095, 54.60486656], [-5.91934758, 54.60486958], [-5.91935254, 54.60487143]]]}, "properties": {"UNIT_ID": "CQ3.08.26", "NAME": "Office", "USE_TYPE": "Office", "LEVEL_ID": "CQ3.L08", "FACILITY_ID": "CQ3", "ELEVATION_RELATIVE": 32.3, "ELEVATION_ABSOLUTE": 35.8, "HEIGHT_RELATIVE": 3.9, "ROOM_NUMBER": "08.26", "AREA_PLAN_M2": 1275.8, "AREA_MODEL_M2": 1272.3, "AREA_DIFF_PCT": -0.3, "SOURCE_NOTE": "drawn"}}, {"type": "Feature", "geometry": {"type": "Polygon", "coordinates": [[[-5.9191049, 54.60476778], [-5.91918686, 54.60470123], [-5.91914974, 54.6046859], [-5.91906778, 54.60475245], [-5.9191049, 54.60476778]]]}, "properties": {"UNIT_ID": "CQ3.09.13", "NAME": "Lift Lobby", "USE_TYPE": "Lift Lobby", "LEVEL_ID": "CQ3.L09", "FACILITY_ID": "CQ3", "ELEVATION_RELATIVE": 36.2, "ELEVATION_ABSOLUTE": 39.7, "HEIGHT_RELATIVE": 3.9, "ROOM_NUMBER": "09.13", "AREA_PLAN_M2": 27.0, "AREA_MODEL_M2": 26.8, "AREA_DIFF_PCT": -0.7, "SOURCE_NOTE": "drawn"}}, {"type": "Feature", "geometry": {"type": "Polygon", "coordinates": [[[-5.91902867, 54.60473563], [-5.91902514, 54.60473417], [-5.91907165, 54.6046961], [-5.91907164, 54.6046961], [-5.91902489, 54.60473406], [-5.91897691, 54.60471424], [-5.91901631, 54.60468224], [-5.91901658, 54.6046823], [-5.91901639, 54.60468218], [-5.91902662, 54.60467387], [-5.91907821, 54.60469541], [-5.91902867, 54.60473563]], [[-5.91898514, 54.60471653], [-5.91901313, 54.60469411], [-5.91900749, 54.60469157], [-5.9189795, 54.604714], [-5.91898514, 54.60471653]]]}, "properties": {"UNIT_ID": "CQ3.09.17", "NAME": "Male WC", "USE_TYPE": "Restroom - Male", "LEVEL_ID": "CQ3.L09", "FACILITY_ID": "CQ3", "ELEVATION_RELATIVE": 36.2, "ELEVATION_ABSOLUTE": 39.7, "HEIGHT_RELATIVE": 3.9, "ROOM_NUMBER": "09.17", "AREA_PLAN_M2": 20.3, "AREA_MODEL_M2": 21.1, "AREA_DIFF_PCT": 3.9, "SOURCE_NOTE": "drawn"}}, {"type": "Feature", "geometry": {"type": "Polygon", "coordinates": [[[-5.91895038, 54.60470546], [-5.91901575, 54.60465238], [-5.91900381, 54.60464723], [-5.91900878, 54.60464288], [-5.91901031, 54.60464199], [-5.91901318, 54.60464294], [-5.91901838, 54.60464358], [-5.91902329, 54.60464323], [-5.91902878, 54.60464181], [-5.91903278, 54.60463914], [-5.91901917, 54.6046344], [-5.9190213, 54.60463306], [-5.91903367, 54.60463816], [-5.91903587, 54.60463668], [-5.91903814, 54.60463732], [-5.9190334, 54.60464055], [-5.91903362, 54.60464072], [-5.91903888, 54.60463767], [-5.9190444, 54.60463995], [-5.91904299, 54.60464109], [-5.91904176, 54.6046436], [-5.9190424, 54.60464733], [-5.91904576, 54.60465066], [-5.91904847, 54.60465178], [-5.91905581, 54.60464489], [-5.91905783, 54.60464572], [-5.9190561, 54.60464743], [-5.91910915, 54.60466935], [-5.91908916, 54.60468558], [-5.91908872, 54.60468541], [-5.91909262, 54.60468186], [-5.9190926, 54.60468184], [-5.91908886, 54.60468458], [-5.9190419, 54.60466518], [-5.91905001, 54.6046586], [-5.9190495, 54.60465839], [-5.91904138, 54.60466498], [-5.91903785, 54.60466329], [-5.91903701, 54.60466327], [-5.91897361, 54.60471506], [-5.91897058, 54.60471408], [-5.91897959, 54.60470802], [-5.9189779, 54.60470693], [-5.91897486, 54.6047061], [-5.91897152, 54.6047058], [-5.91896702, 54.60470611], [-5.91896354, 54.60470682], [-5.91895897, 54.60470926], [-5.9189535, 54.604707], [-5.91895659, 54.60470327], [-5.91895623, 54.60470321], [-5.9189527, 54.6047067], [-5.91895038, 54.60470546]]]}, "properties": {"UNIT_ID": "CQ3.09.21", "NAME": "FF Core", "USE_TYPE": "Firefighting Lobby", "LEVEL_ID": "CQ3.L09", "FACILITY_ID": "CQ3", "ELEVATION_RELATIVE": 36.2, "ELEVATION_ABSOLUTE": 39.7, "HEIGHT_RELATIVE": 3.9, "ROOM_NUMBER": "09.21", "AREA_PLAN_M2": 28.3, "AREA_MODEL_M2": 25.8, "AREA_DIFF_PCT": -8.8, "SOURCE_NOTE": "drawn"}}, {"type": "Feature", "geometry": {"type": "Polygon", "coordinates": [[[-5.91906067, 54.60467778], [-5.91905553, 54.60467586], [-5.91905558, 54.60467604], [-5.91905143, 54.6046794], [-5.91905075, 54.60467934], [-5.91904798, 54.60468159], [-5.91902601, 54.60467251], [-5.91903735, 54.6046633], [-5.91906463, 54.60467457], [-5.91906067, 54.60467778]]]}, "properties": {"UNIT_ID": "CQ3.09.20", "NAME": "Clnr Str", "USE_TYPE": "Janitor", "LEVEL_ID": "CQ3.L09", "FACILITY_ID": "CQ3", "ELEVATION_RELATIVE": 36.2, "ELEVATION_ABSOLUTE": 39.7, "HEIGHT_RELATIVE": 3.9, "ROOM_NUMBER": "09.20", "AREA_PLAN_M2": 2.3, "AREA_MODEL_M2": 2.4, "AREA_DIFF_PCT": 4.3, "SOURCE_NOTE": "drawn"}}, {"type": "Feature", "geometry": {"type": "Polygon", "coordinates": [[[-5.91894733, 54.60470268], [-5.91900821, 54.60465324], [-5.91897058, 54.6046377], [-5.9189097, 54.60468714], [-5.91894733, 54.60470268]]]}, "properties": {"UNIT_ID": "CQ3.09.22", "NAME": "Stair 2", "USE_TYPE": "Stairs", "LEVEL_ID": "CQ3.L09", "FACILITY_ID": "CQ3", "ELEVATION_RELATIVE": 36.2, "ELEVATION_ABSOLUTE": 39.7, "HEIGHT_RELATIVE": 3.9, "ROOM_NUMBER": "09.22", "AREA_PLAN_M2": 19.4, "AREA_MODEL_M2": 20.1, "AREA_DIFF_PCT": 3.6, "SOURCE_NOTE": "drawn"}}, {"type": "Feature", "geometry": {"type": "Polygon", "coordinates": [[[-5.91902216, 54.60464346], [-5.91901592, 54.6046434], [-5.91901031, 54.60464194], [-5.91900624, 54.60464493], [-5.9189762, 54.60463252], [-5.91899097, 54.60462052], [-5.91903036, 54.6046368], [-5.91902216, 54.60464346]]]}, "properties": {"UNIT_ID": "CQ3.09.23", "NAME": "Dis WC", "USE_TYPE": "Restroom - Accessible", "LEVEL_ID": "CQ3.L09", "FACILITY_ID": "CQ3", "ELEVATION_RELATIVE": 36.2, "ELEVATION_ABSOLUTE": 39.7, "HEIGHT_RELATIVE": 3.9, "ROOM_NUMBER": "09.23", "AREA_PLAN_M2": 4.3, "AREA_MODEL_M2": 4.7, "AREA_DIFF_PCT": 9.3, "SOURCE_NOTE": "drawn"}}, {"type": "Feature", "geometry": {"type": "Polygon", "coordinates": [[[-5.91894756, 54.60465114], [-5.9189324, 54.60464488], [-5.91897257, 54.60461226], [-5.91898772, 54.60461852], [-5.91894756, 54.60465114]]]}, "properties": {"UNIT_ID": "CQ3.09.25", "NAME": "Service", "USE_TYPE": "Mechanical", "LEVEL_ID": "CQ3.L09", "FACILITY_ID": "CQ3", "ELEVATION_RELATIVE": 36.2, "ELEVATION_ABSOLUTE": 39.7, "HEIGHT_RELATIVE": 3.9, "ROOM_NUMBER": "09.25", "AREA_PLAN_M2": 5.4, "AREA_MODEL_M2": 5.4, "AREA_DIFF_PCT": 0.0, "SOURCE_NOTE": "drawn"}}, {"type": "Feature", "geometry": {"type": "Polygon", "coordinates": [[[-5.91890559, 54.60468522], [-5.91889044, 54.60467896], [-5.9189306, 54.60464634], [-5.91894575, 54.6046526], [-5.91890559, 54.60468522]]]}, "properties": {"UNIT_ID": "CQ3.09.24", "NAME": "Service", "USE_TYPE": "Mechanical", "LEVEL_ID": "CQ3.L09", "FACILITY_ID": "CQ3", "ELEVATION_RELATIVE": 36.2, "ELEVATION_ABSOLUTE": 39.7, "HEIGHT_RELATIVE": 3.9, "ROOM_NUMBER": "09.24", "AREA_PLAN_M2": 5.4, "AREA_MODEL_M2": 5.4, "AREA_DIFF_PCT": 0.0, "SOURCE_NOTE": "drawn"}}, {"type": "Feature", "geometry": {"type": "Polygon", "coordinates": [[[-5.91928185, 54.60484067], [-5.9192667, 54.60483441], [-5.91930686, 54.60480179], [-5.91932202, 54.60480805], [-5.91928185, 54.60484067]]]}, "properties": {"UNIT_ID": "CQ3.09.01", "NAME": "Service", "USE_TYPE": "Mechanical", "LEVEL_ID": "CQ3.L09", "FACILITY_ID": "CQ3", "ELEVATION_RELATIVE": 36.2, "ELEVATION_ABSOLUTE": 39.7, "HEIGHT_RELATIVE": 3.9, "ROOM_NUMBER": "09.01", "AREA_PLAN_M2": 5.4, "AREA_MODEL_M2": 5.4, "AREA_DIFF_PCT": 0.0, "SOURCE_NOTE": "drawn"}}, {"type": "Feature", "geometry": {"type": "Polygon", "coordinates": [[[-5.91932382, 54.60480659], [-5.91930867, 54.60480033], [-5.91934883, 54.60476771], [-5.91936399, 54.60477397], [-5.91932382, 54.60480659]]]}, "properties": {"UNIT_ID": "CQ3.09.02", "NAME": "Service", "USE_TYPE": "Mechanical", "LEVEL_ID": "CQ3.L09", "FACILITY_ID": "CQ3", "ELEVATION_RELATIVE": 36.2, "ELEVATION_ABSOLUTE": 39.7, "HEIGHT_RELATIVE": 3.9, "ROOM_NUMBER": "09.02", "AREA_PLAN_M2": 5.4, "AREA_MODEL_M2": 5.4, "AREA_DIFF_PCT": 0.0, "SOURCE_NOTE": "drawn"}}, {"type": "Feature", "geometry": {"type": "Polygon", "coordinates": [[[-5.9192202, 54.60475274], [-5.91920454, 54.60474628], [-5.91921499, 54.60473779], [-5.91921726, 54.60473873], [-5.91921019, 54.60474448], [-5.91921039, 54.60474464], [-5.91921777, 54.60473894], [-5.91923065, 54.60474426], [-5.9192202, 54.60475274]]]}, "properties": {"UNIT_ID": "CQ3.09.08", "NAME": "Smk Vnt", "USE_TYPE": "Mechanical", "LEVEL_ID": "CQ3.L09", "FACILITY_ID": "CQ3", "ELEVATION_RELATIVE": 36.2, "ELEVATION_ABSOLUTE": 39.7, "HEIGHT_RELATIVE": 3.9, "ROOM_NUMBER": "09.08", "AREA_PLAN_M2": 1.5, "AREA_MODEL_M2": 1.4, "AREA_DIFF_PCT": -6.7, "SOURCE_NOTE": "drawn"}}, {"type": "Feature", "geometry": {"type": "Polygon", "coordinates": [[[-5.91920277, 54.60474555], [-5.91919495, 54.60474231], [-5.91920539, 54.60473383], [-5.91921322, 54.60473706], [-5.91920277, 54.60474555]]]}, "properties": {"UNIT_ID": "CQ3.09.09", "NAME": "WR", "USE_TYPE": "Mechanical", "LEVEL_ID": "CQ3.L09", "FACILITY_ID": "CQ3", "ELEVATION_RELATIVE": 36.2, "ELEVATION_ABSOLUTE": 39.7, "HEIGHT_RELATIVE": 3.9, "ROOM_NUMBER": "09.09", "AREA_PLAN_M2": 0.7, "AREA_MODEL_M2": 0.7, "AREA_DIFF_PCT": 0.0, "SOURCE_NOTE": "drawn"}}, {"type": "Feature", "geometry": {"type": "Polygon", "coordinates": [[[-5.91926298, 54.6048331], [-5.91932386, 54.60478366], [-5.91928624, 54.60476811], [-5.91922536, 54.60481755], [-5.91926298, 54.6048331]]]}, "properties": {"UNIT_ID": "CQ3.09.03", "NAME": "Stair 1", "USE_TYPE": "Stairs", "LEVEL_ID": "CQ3.L09", "FACILITY_ID": "CQ3", "ELEVATION_RELATIVE": 36.2, "ELEVATION_ABSOLUTE": 39.7, "HEIGHT_RELATIVE": 3.9, "ROOM_NUMBER": "09.03", "AREA_PLAN_M2": 19.4, "AREA_MODEL_M2": 20.1, "AREA_DIFF_PCT": 3.6, "SOURCE_NOTE": "drawn"}}, {"type": "Feature", "geometry": {"type": "Polygon", "coordinates": [[[-5.91921932, 54.60481658], [-5.91921629, 54.6048156], [-5.91922529, 54.60480953], [-5.91922362, 54.60480846], [-5.9192172, 54.60480731], [-5.91921272, 54.60480762], [-5.91920925, 54.60480834], [-5.91920468, 54.60481077], [-5.9191992, 54.60480851], [-5.91920253, 54.60480488], [-5.91920219, 54.60480482], [-5.91919867, 54.60480832], [-5.91919608, 54.60480698], [-5.91925981, 54.60475554], [-5.91925942, 54.60475483], [-5.91920832, 54.60473394], [-5.91921161, 54.60473096], [-5.91921127, 54.6047309], [-5.91920677, 54.60473418], [-5.91920633, 54.60473399], [-5.91922632, 54.60471776], [-5.91927938, 54.60473968], [-5.91928159, 54.60473819], [-5.9192841, 54.60473894], [-5.91927936, 54.60474216], [-5.91927957, 54.60474233], [-5.91928458, 54.60473918], [-5.9192901, 54.60474146], [-5.91928869, 54.60474261], [-5.91928746, 54.60474511], [-5.9192881, 54.60474884], [-5.91929147, 54.60475218], [-5.91929417, 54.60475329], [-5.91930152, 54.6047464], [-5.91930354, 54.60474723], [-5.91930181, 54.60474895], [-5.91931547, 54.60475459], [-5.919298, 54.60476877], [-5.91928469, 54.60476349], [-5.91921932, 54.60481658]]]}, "properties": {"UNIT_ID": "CQ3.09.06", "NAME": "FF Core", "USE_TYPE": "Firefighting Lobby", "LEVEL_ID": "CQ3.L09", "FACILITY_ID": "CQ3", "ELEVATION_RELATIVE": 36.2, "ELEVATION_ABSOLUTE": 39.7, "HEIGHT_RELATIVE": 3.9, "ROOM_NUMBER": "09.06", "AREA_PLAN_M2": 28.4, "AREA_MODEL_M2": 26.9, "AREA_DIFF_PCT": -5.3, "SOURCE_NOTE": "drawn"}}, {"type": "Feature", "geometry": {"type": "Polygon", "coordinates": [[[-5.91932667, 54.60478107], [-5.91929915, 54.60476969], [-5.91930833, 54.60476223], [-5.91933586, 54.60477361], [-5.91932667, 54.60478107]]]}, "properties": {"UNIT_ID": "CQ3.09.04", "NAME": "WC Supply", "USE_TYPE": "Mechanical", "LEVEL_ID": "CQ3.L09", "FACILITY_ID": "CQ3", "ELEVATION_RELATIVE": 36.2, "ELEVATION_ABSOLUTE": 39.7, "HEIGHT_RELATIVE": 3.9, "ROOM_NUMBER": "09.04", "AREA_PLAN_M2": 2.2, "AREA_MODEL_M2": 2.2, "AREA_DIFF_PCT": 0.0, "SOURCE_NOTE": "drawn"}}, {"type": "Feature", "geometry": {"type": "Polygon", "coordinates": [[[-5.91933586, 54.60477361], [-5.91930833, 54.60476223], [-5.91931752, 54.60475478], [-5.91934505, 54.60476615], [-5.91933586, 54.60477361]]]}, "properties": {"UNIT_ID": "CQ3.09.05", "NAME": "WC Extract", "USE_TYPE": "Mechanical", "LEVEL_ID": "CQ3.L09", "FACILITY_ID": "CQ3", "ELEVATION_RELATIVE": 36.2, "ELEVATION_ABSOLUTE": 39.7, "HEIGHT_RELATIVE": 3.9, "ROOM_NUMBER": "09.05", "AREA_PLAN_M2": 2.2, "AREA_MODEL_M2": 2.2, "AREA_DIFF_PCT": 0.0, "SOURCE_NOTE": "drawn"}}, {"type": "Feature", "geometry": {"type": "Polygon", "coordinates": [[[-5.91906995, 54.60469067], [-5.91905404, 54.6046841], [-5.91906448, 54.60467561], [-5.91907762, 54.60468104], [-5.91907052, 54.6046868], [-5.91907053, 54.6046868], [-5.91907787, 54.60468114], [-5.91908039, 54.60468218], [-5.91906995, 54.60469067]]]}, "properties": {"UNIT_ID": "CQ3.09.19", "NAME": "Smk Vnt", "USE_TYPE": "Mechanical", "LEVEL_ID": "CQ3.L09", "FACILITY_ID": "CQ3", "ELEVATION_RELATIVE": 36.2, "ELEVATION_ABSOLUTE": 39.7, "HEIGHT_RELATIVE": 3.9, "ROOM_NUMBER": "09.19", "AREA_PLAN_M2": 1.5, "AREA_MODEL_M2": 1.5, "AREA_DIFF_PCT": 0.0, "SOURCE_NOTE": "drawn"}}, {"type": "Feature", "geometry": {"type": "Polygon", "coordinates": [[[-5.91907929, 54.60469453], [-5.91907146, 54.60469129], [-5.91908191, 54.60468281], [-5.91908974, 54.60468604], [-5.91907929, 54.60469453]]]}, "properties": {"UNIT_ID": "CQ3.09.18", "NAME": "WR", "USE_TYPE": "Mechanical", "LEVEL_ID": "CQ3.L09", "FACILITY_ID": "CQ3", "ELEVATION_RELATIVE": 36.2, "ELEVATION_ABSOLUTE": 39.7, "HEIGHT_RELATIVE": 3.9, "ROOM_NUMBER": "09.18", "AREA_PLAN_M2": 0.7, "AREA_MODEL_M2": 0.7, "AREA_DIFF_PCT": 0.0, "SOURCE_NOTE": "drawn"}}, {"type": "Feature", "geometry": {"type": "Polygon", "coordinates": [[[-5.91914043, 54.60478224], [-5.91910862, 54.6047691], [-5.91913473, 54.60474789], [-5.91916655, 54.60476104], [-5.91914043, 54.60478224]]]}, "properties": {"UNIT_ID": "CQ3.09.10", "NAME": "Lift 1", "USE_TYPE": "Elevator", "LEVEL_ID": "CQ3.L09", "FACILITY_ID": "CQ3", "ELEVATION_RELATIVE": 36.2, "ELEVATION_ABSOLUTE": 39.7, "HEIGHT_RELATIVE": 3.9, "ROOM_NUMBER": "09.10", "AREA_PLAN_M2": 7.3, "AREA_MODEL_M2": 7.3, "AREA_DIFF_PCT": 0.0, "SOURCE_NOTE": "drawn"}}, {"type": "Feature", "geometry": {"type": "Polygon", "coordinates": [[[-5.91916835, 54.60475957], [-5.91913654, 54.60474643], [-5.91916283, 54.60472507], [-5.91919465, 54.60473822], [-5.91916835, 54.60475957]]]}, "properties": {"UNIT_ID": "CQ3.09.11", "NAME": "Lift 2", "USE_TYPE": "Elevator", "LEVEL_ID": "CQ3.L09", "FACILITY_ID": "CQ3", "ELEVATION_RELATIVE": 36.2, "ELEVATION_ABSOLUTE": 39.7, "HEIGHT_RELATIVE": 3.9, "ROOM_NUMBER": "09.11", "AREA_PLAN_M2": 7.3, "AREA_MODEL_M2": 7.4, "AREA_DIFF_PCT": 1.4, "SOURCE_NOTE": "drawn"}}, {"type": "Feature", "geometry": {"type": "Polygon", "coordinates": [[[-5.91919645, 54.60473676], [-5.91916464, 54.60472361], [-5.91917167, 54.6047179], [-5.91916806, 54.60471618], [-5.91917975, 54.6047067], [-5.91918372, 54.60470812], [-5.91919075, 54.6047024], [-5.91922257, 54.60471555], [-5.91919645, 54.60473676]]]}, "properties": {"UNIT_ID": "CQ3.09.12", "NAME": "Lift 3 (FF)", "USE_TYPE": "Elevator", "LEVEL_ID": "CQ3.L09", "FACILITY_ID": "CQ3", "ELEVATION_RELATIVE": 36.2, "ELEVATION_ABSOLUTE": 39.7, "HEIGHT_RELATIVE": 3.9, "ROOM_NUMBER": "09.12", "AREA_PLAN_M2": 7.3, "AREA_MODEL_M2": 7.7, "AREA_DIFF_PCT": 5.5, "SOURCE_NOTE": "drawn"}}, {"type": "Feature", "geometry": {"type": "Polygon", "coordinates": [[[-5.91909184, 54.60472796], [-5.91906002, 54.60471482], [-5.91908632, 54.60469346], [-5.91911814, 54.60470661], [-5.91909184, 54.60472796]]]}, "properties": {"UNIT_ID": "CQ3.09.15", "NAME": "Lift 5", "USE_TYPE": "Elevator", "LEVEL_ID": "CQ3.L09", "FACILITY_ID": "CQ3", "ELEVATION_RELATIVE": 36.2, "ELEVATION_ABSOLUTE": 39.7, "HEIGHT_RELATIVE": 3.9, "ROOM_NUMBER": "09.15", "AREA_PLAN_M2": 7.3, "AREA_MODEL_M2": 7.4, "AREA_DIFF_PCT": 1.4, "SOURCE_NOTE": "drawn"}}, {"type": "Feature", "geometry": {"type": "Polygon", "coordinates": [[[-5.91911994, 54.60470514], [-5.91908812, 54.604692], [-5.91911424, 54.60467079], [-5.91914606, 54.60468393], [-5.91913902, 54.60468965], [-5.91914237, 54.60469126], [-5.91913069, 54.60470074], [-5.91912698, 54.60469943], [-5.91911994, 54.60470514]]]}, "properties": {"UNIT_ID": "CQ3.09.16", "NAME": "Lift 6 (FF)", "USE_TYPE": "Elevator", "LEVEL_ID": "CQ3.L09", "FACILITY_ID": "CQ3", "ELEVATION_RELATIVE": 36.2, "ELEVATION_ABSOLUTE": 39.7, "HEIGHT_RELATIVE": 3.9, "ROOM_NUMBER": "09.16", "AREA_PLAN_M2": 7.3, "AREA_MODEL_M2": 7.7, "AREA_DIFF_PCT": 5.5, "SOURCE_NOTE": "drawn"}}, {"type": "Feature", "geometry": {"type": "Polygon", "coordinates": [[[-5.91919578, 54.60480599], [-5.91925767, 54.60475542], [-5.91925741, 54.60475532], [-5.91924716, 54.60476364], [-5.91924691, 54.60476356], [-5.91924713, 54.60476367], [-5.91919635, 54.6048049], [-5.91914837, 54.60478508], [-5.91919791, 54.60474486], [-5.91922022, 54.60475408], [-5.91922047, 54.604754], [-5.91922017, 54.60475295], [-5.91919502, 54.60474256], [-5.91920583, 54.60473379], [-5.91923097, 54.60474418], [-5.91923227, 54.60474405], [-5.91925983, 54.60475521], [-5.91924837, 54.60476452], [-5.91924768, 54.60476446], [-5.91919628, 54.6048062], [-5.91919578, 54.60480599]], [[-5.91919549, 54.60480344], [-5.91923699, 54.60477005], [-5.91923135, 54.60476751], [-5.91918985, 54.6048009], [-5.91919549, 54.60480344]]]}, "properties": {"UNIT_ID": "CQ3.09.07", "NAME": "Female WC", "USE_TYPE": "Restroom - Female", "LEVEL_ID": "CQ3.L09", "FACILITY_ID": "CQ3", "ELEVATION_RELATIVE": 36.2, "ELEVATION_ABSOLUTE": 39.7, "HEIGHT_RELATIVE": 3.9, "ROOM_NUMBER": "09.07", "AREA_PLAN_M2": 23.4, "AREA_MODEL_M2": 24.5, "AREA_DIFF_PCT": 4.7, "SOURCE_NOTE": "drawn"}}, {"type": "Feature", "geometry": {"type": "Polygon", "coordinates": [[[-5.91906392, 54.60475063], [-5.9190321, 54.60473749], [-5.91905822, 54.60471628], [-5.91909004, 54.60472942], [-5.91906392, 54.60475063]]]}, "properties": {"UNIT_ID": "CQ3.09.14", "NAME": "Lift 4", "USE_TYPE": "Elevator", "LEVEL_ID": "CQ3.L09", "FACILITY_ID": "CQ3", "ELEVATION_RELATIVE": 36.2, "ELEVATION_ABSOLUTE": 39.7, "HEIGHT_RELATIVE": 3.9, "ROOM_NUMBER": "09.14", "AREA_PLAN_M2": 7.3, "AREA_MODEL_M2": 7.3, "AREA_DIFF_PCT": 0.0, "SOURCE_NOTE": "drawn"}}, {"type": "Feature", "geometry": {"type": "Polygon", "coordinates": [[[-5.91930584, 54.60497217], [-5.91929732, 54.60496887], [-5.91929137, 54.60497371], [-5.91924845, 54.60495597], [-5.9192544, 54.60495114], [-5.91924976, 54.60494902], [-5.91924339, 54.60495388], [-5.91917294, 54.60492477], [-5.91917889, 54.60491994], [-5.919174, 54.60491772], [-5.91916763, 54.60492258], [-5.91909718, 54.60489347], [-5.91910314, 54.60488864], [-5.91909824, 54.60488642], [-5.91909187, 54.60489128], [-5.91902117, 54.60486207], [-5.91902713, 54.60485724], [-5.91902248, 54.60485512], [-5.91901612, 54.60485998], [-5.91894567, 54.60483088], [-5.91895162, 54.60482604], [-5.91894673, 54.60482382], [-5.91894036, 54.60482868], [-5.91886991, 54.60479958], [-5.91887586, 54.60479474], [-5.91887097, 54.60479252], [-5.9188646, 54.60479738], [-5.9187939, 54.60476817], [-5.91879985, 54.60476334], [-5.91879521, 54.60476122], [-5.91878884, 54.60476608], [-5.9187184, 54.60473698], [-5.91872435, 54.60473215], [-5.91871945, 54.60472992], [-5.91871309, 54.60473479], [-5.91867042, 54.60471716], [-5.91867637, 54.60471233], [-5.91866821, 54.60470874], [-5.91876601, 54.60462932], [-5.91877411, 54.60463266], [-5.91877794, 54.60462983], [-5.9187698, 54.60462624], [-5.91877916, 54.60461864], [-5.91882657, 54.60463801], [-5.91888475, 54.60459076], [-5.91883771, 54.6045711], [-5.91884707, 54.6045635], [-5.91885516, 54.60456684], [-5.91885918, 54.60456386], [-5.91885104, 54.60456028], [-5.91894884, 54.60448086], [-5.91895735, 54.60448416], [-5.91896312, 54.60447947], [-5.91900579, 54.6044971], [-5.9190001, 54.60450203], [-5.91900533, 54.60450398], [-5.9190111, 54.6044993], [-5.91908155, 54.60452841], [-5.91907578, 54.60453309], [-5.91908042, 54.60453521], [-5.91908661, 54.6045305], [-5.91911285, 54.60454133], [-5.91911094, 54.60454319], [-5.91915514, 54.60456146], [-5.91915161, 54.60456463], [-5.91915642, 54.60456662], [-5.91916262, 54.6045619], [-5.91923307, 54.604591], [-5.9192273, 54.60459569], [-5.91923219, 54.60459791], [-5.91923838, 54.6045932], [-5.91930882, 54.6046223], [-5.91930305, 54.60462699], [-5.91930769, 54.60462911], [-5.91931388, 54.60462439], [-5.91938458, 54.6046536], [-5.91937881, 54.60465829], [-5.9193837, 54.60466051], [-5.91938989, 54.6046558], [-5.91946034, 54.6046849], [-5.91945457, 54.60468959], [-5.91945946, 54.60469181], [-5.91946565, 54.6046871], [-5.9195361, 54.6047162], [-5.91953032, 54.60472089], [-5.91953497, 54.60472301], [-5.91954115, 54.60471829], [-5.91958407, 54.60473602], [-5.91957838, 54.60474095], [-5.91958647, 54.60474429], [-5.91948866, 54.60482372], [-5.91948057, 54.60482037], [-5.91947655, 54.60482335], [-5.91948469, 54.60482694], [-5.91947533, 54.60483454], [-5.91942768, 54.60481507], [-5.91936949, 54.60486232], [-5.91941679, 54.60488208], [-5.91940742, 54.60488968], [-5.91939933, 54.60488634], [-5.91939549, 54.60488917], [-5.91940363, 54.60489276], [-5.91930584, 54.60497217]], [[-5.91890354, 54.60458662], [-5.9189071, 54.60458345], [-5.91890188, 54.6045815], [-5.91889833, 54.60458467], [-5.91890354, 54.60458662]], [[-5.91882249, 54.60465244], [-5.91882586, 54.60464942], [-5.91882065, 54.60464747], [-5.91881727, 54.60465049], [-5.91882249, 54.60465244]], [[-5.91930294, 54.60484211], [-5.91930362, 54.60484155], [-5.91930409, 54.60483932], [-5.91931227, 54.60483267], [-5.9193171, 54.60483092], [-5.91932153, 54.60482732], [-5.91932283, 54.6048241], [-5.91933102, 54.60481745], [-5.91933452, 54.60481647], [-5.91934065, 54.60481179], [-5.91934162, 54.60481071], [-5.91934209, 54.60480846], [-5.91935011, 54.60480195], [-5.91935361, 54.60480096], [-5.91935939, 54.60479658], [-5.91936036, 54.60479549], [-5.91936082, 54.60479325], [-5.91936884, 54.60478673], [-5.91937174, 54.60478594], [-5.91937316, 54.60478504], [-5.91936202, 54.60478022], [-5.91937023, 54.60477324], [-5.91930582, 54.60474663], [-5.9192989, 54.60475194], [-5.91928741, 54.60474719], [-5.91928756, 54.60474447], [-5.9192899, 54.60474138], [-5.9192813, 54.60473783], [-5.91928213, 54.60473684], [-5.91918991, 54.60469874], [-5.91918084, 54.60470581], [-5.91916917, 54.60470099], [-5.91916846, 54.60470022], [-5.9191671, 54.60469629], [-5.91916795, 54.60469371], [-5.9191687, 54.60469284], [-5.91916823, 54.60469315], [-5.91916454, 54.60469456], [-5.91915664, 54.60469533], [-5.91915514, 54.60469519], [-5.91914347, 54.60469037], [-5.91915205, 54.6046831], [-5.91906011, 54.60464511], [-5.91905708, 54.60464727], [-5.9190558, 54.6046474], [-5.91905317, 54.60464953], [-5.91904165, 54.60464477], [-5.91904215, 54.6046424], [-5.91904419, 54.60463986], [-5.9190356, 54.60463631], [-5.91903642, 54.60463533], [-5.91897173, 54.6046086], [-5.91896464, 54.60461405], [-5.9189531, 54.60460951], [-5.91895133, 54.60461094], [-5.91895033, 54.60461362], [-5.91894215, 54.60462026], [-5.91893793, 54.60462182], [-5.9189326, 54.60462616], [-5.91893141, 54.60462898], [-5.91892342, 54.60463547], [-5.9189192, 54.60463704], [-5.9189135, 54.60464166], [-5.91891232, 54.60464448], [-5.91890414, 54.60465112], [-5.9189001, 54.60465254], [-5.91889459, 54.60465702], [-5.91889359, 54.60465969], [-5.91888541, 54.60466633], [-5.91888137, 54.60466775], [-5.91887942, 54.60466934], [-5.9188906, 54.60467417], [-5.91888419, 54.60467969], [-5.91894813, 54.6047061], [-5.91894929, 54.60470548], [-5.91895863, 54.60470934], [-5.91896372, 54.60470672], [-5.9189675, 54.60470594], [-5.91897899, 54.60471069], [-5.91897345, 54.60471519], [-5.918973, 54.60471638], [-5.91906451, 54.60475418], [-5.91907358, 54.60474712], [-5.919085, 54.60475184], [-5.91908636, 54.60475332], [-5.91908729, 54.60475731], [-5.91908512, 54.60476059], [-5.9190878, 54.6047591], [-5.91909095, 54.60475813], [-5.91909736, 54.60475764], [-5.91909953, 54.60475784], [-5.91911095, 54.60476256], [-5.91910237, 54.60476983], [-5.91919384, 54.60480762], [-5.91919499, 54.60480699], [-5.91920434, 54.60481085], [-5.91920943, 54.60480823], [-5.91921321, 54.60480745], [-5.9192247, 54.6048122], [-5.91921915, 54.60481671], [-5.91921871, 54.60481789], [-5.91928269, 54.60484433], [-5.9192914, 54.60483756], [-5.91930294, 54.60484211]], [[-5.9194332, 54.60480565], [-5.91943721, 54.60480267], [-5.91943258, 54.60480056], [-5.91942856, 54.60480353], [-5.9194332, 54.60480565]], [[-5.91935254, 54.60487143], [-5.91935591, 54.60486841], [-5.91935095, 54.60486656], [-5.91934758, 54.60486958], [-5.91935254, 54.60487143]]]}, "properties": {"UNIT_ID": "CQ3.09.26", "NAME": "Office", "USE_TYPE": "Office", "LEVEL_ID": "CQ3.L09", "FACILITY_ID": "CQ3", "ELEVATION_RELATIVE": 36.2, "ELEVATION_ABSOLUTE": 39.7, "HEIGHT_RELATIVE": 3.9, "ROOM_NUMBER": "09.26", "AREA_PLAN_M2": 1275.8, "AREA_MODEL_M2": 1272.3, "AREA_DIFF_PCT": -0.3, "SOURCE_NOTE": "drawn"}}, {"type": "Feature", "geometry": {"type": "Polygon", "coordinates": [[[-5.9191049, 54.60476778], [-5.91918686, 54.60470123], [-5.91914974, 54.6046859], [-5.91906778, 54.60475245], [-5.9191049, 54.60476778]]]}, "properties": {"UNIT_ID": "CQ3.10.13", "NAME": "Lift Lobby", "USE_TYPE": "Lift Lobby", "LEVEL_ID": "CQ3.L10", "FACILITY_ID": "CQ3", "ELEVATION_RELATIVE": 40.1, "ELEVATION_ABSOLUTE": 43.6, "HEIGHT_RELATIVE": 3.9, "ROOM_NUMBER": "10.13", "AREA_PLAN_M2": 27.0, "AREA_MODEL_M2": 26.8, "AREA_DIFF_PCT": -0.7, "SOURCE_NOTE": "inferred: typical floor, as LV09"}}, {"type": "Feature", "geometry": {"type": "Polygon", "coordinates": [[[-5.91902867, 54.60473563], [-5.91902514, 54.60473417], [-5.91907165, 54.6046961], [-5.91907164, 54.6046961], [-5.91902489, 54.60473406], [-5.91897691, 54.60471424], [-5.91901631, 54.60468224], [-5.91901658, 54.6046823], [-5.91901639, 54.60468218], [-5.91902662, 54.60467387], [-5.91907821, 54.60469541], [-5.91902867, 54.60473563]], [[-5.91898514, 54.60471653], [-5.91901313, 54.60469411], [-5.91900749, 54.60469157], [-5.9189795, 54.604714], [-5.91898514, 54.60471653]]]}, "properties": {"UNIT_ID": "CQ3.10.17", "NAME": "Male WC", "USE_TYPE": "Restroom - Male", "LEVEL_ID": "CQ3.L10", "FACILITY_ID": "CQ3", "ELEVATION_RELATIVE": 40.1, "ELEVATION_ABSOLUTE": 43.6, "HEIGHT_RELATIVE": 3.9, "ROOM_NUMBER": "10.17", "AREA_PLAN_M2": 20.3, "AREA_MODEL_M2": 21.1, "AREA_DIFF_PCT": 3.9, "SOURCE_NOTE": "inferred: typical floor, as LV09"}}, {"type": "Feature", "geometry": {"type": "Polygon", "coordinates": [[[-5.91895038, 54.60470546], [-5.91901575, 54.60465238], [-5.91900381, 54.60464723], [-5.91900878, 54.60464288], [-5.91901031, 54.60464199], [-5.91901318, 54.60464294], [-5.91901838, 54.60464358], [-5.91902329, 54.60464323], [-5.91902878, 54.60464181], [-5.91903278, 54.60463914], [-5.91901917, 54.6046344], [-5.9190213, 54.60463306], [-5.91903367, 54.60463816], [-5.91903587, 54.60463668], [-5.91903814, 54.60463732], [-5.9190334, 54.60464055], [-5.91903362, 54.60464072], [-5.91903888, 54.60463767], [-5.9190444, 54.60463995], [-5.91904299, 54.60464109], [-5.91904176, 54.6046436], [-5.9190424, 54.60464733], [-5.91904576, 54.60465066], [-5.91904847, 54.60465178], [-5.91905581, 54.60464489], [-5.91905783, 54.60464572], [-5.9190561, 54.60464743], [-5.91910915, 54.60466935], [-5.91908916, 54.60468558], [-5.91908872, 54.60468541], [-5.91909262, 54.60468186], [-5.9190926, 54.60468184], [-5.91908886, 54.60468458], [-5.9190419, 54.60466518], [-5.91905001, 54.6046586], [-5.9190495, 54.60465839], [-5.91904138, 54.60466498], [-5.91903785, 54.60466329], [-5.91903701, 54.60466327], [-5.91897361, 54.60471506], [-5.91897058, 54.60471408], [-5.91897959, 54.60470802], [-5.9189779, 54.60470693], [-5.91897486, 54.6047061], [-5.91897152, 54.6047058], [-5.91896702, 54.60470611], [-5.91896354, 54.60470682], [-5.91895897, 54.60470926], [-5.9189535, 54.604707], [-5.91895659, 54.60470327], [-5.91895623, 54.60470321], [-5.9189527, 54.6047067], [-5.91895038, 54.60470546]]]}, "properties": {"UNIT_ID": "CQ3.10.21", "NAME": "FF Core", "USE_TYPE": "Firefighting Lobby", "LEVEL_ID": "CQ3.L10", "FACILITY_ID": "CQ3", "ELEVATION_RELATIVE": 40.1, "ELEVATION_ABSOLUTE": 43.6, "HEIGHT_RELATIVE": 3.9, "ROOM_NUMBER": "10.21", "AREA_PLAN_M2": 28.3, "AREA_MODEL_M2": 25.8, "AREA_DIFF_PCT": -8.8, "SOURCE_NOTE": "inferred: typical floor, as LV09"}}, {"type": "Feature", "geometry": {"type": "Polygon", "coordinates": [[[-5.91906067, 54.60467778], [-5.91905553, 54.60467586], [-5.91905558, 54.60467604], [-5.91905143, 54.6046794], [-5.91905075, 54.60467934], [-5.91904798, 54.60468159], [-5.91902601, 54.60467251], [-5.91903735, 54.6046633], [-5.91906463, 54.60467457], [-5.91906067, 54.60467778]]]}, "properties": {"UNIT_ID": "CQ3.10.20", "NAME": "Clnr Str", "USE_TYPE": "Janitor", "LEVEL_ID": "CQ3.L10", "FACILITY_ID": "CQ3", "ELEVATION_RELATIVE": 40.1, "ELEVATION_ABSOLUTE": 43.6, "HEIGHT_RELATIVE": 3.9, "ROOM_NUMBER": "10.20", "AREA_PLAN_M2": 2.3, "AREA_MODEL_M2": 2.4, "AREA_DIFF_PCT": 4.3, "SOURCE_NOTE": "inferred: typical floor, as LV09"}}, {"type": "Feature", "geometry": {"type": "Polygon", "coordinates": [[[-5.91894733, 54.60470268], [-5.91900821, 54.60465324], [-5.91897058, 54.6046377], [-5.9189097, 54.60468714], [-5.91894733, 54.60470268]]]}, "properties": {"UNIT_ID": "CQ3.10.22", "NAME": "Stair 2", "USE_TYPE": "Stairs", "LEVEL_ID": "CQ3.L10", "FACILITY_ID": "CQ3", "ELEVATION_RELATIVE": 40.1, "ELEVATION_ABSOLUTE": 43.6, "HEIGHT_RELATIVE": 3.9, "ROOM_NUMBER": "10.22", "AREA_PLAN_M2": 19.4, "AREA_MODEL_M2": 20.1, "AREA_DIFF_PCT": 3.6, "SOURCE_NOTE": "inferred: typical floor, as LV09"}}, {"type": "Feature", "geometry": {"type": "Polygon", "coordinates": [[[-5.91902216, 54.60464346], [-5.91901592, 54.6046434], [-5.91901031, 54.60464194], [-5.91900624, 54.60464493], [-5.9189762, 54.60463252], [-5.91899097, 54.60462052], [-5.91903036, 54.6046368], [-5.91902216, 54.60464346]]]}, "properties": {"UNIT_ID": "CQ3.10.23", "NAME": "Dis WC", "USE_TYPE": "Restroom - Accessible", "LEVEL_ID": "CQ3.L10", "FACILITY_ID": "CQ3", "ELEVATION_RELATIVE": 40.1, "ELEVATION_ABSOLUTE": 43.6, "HEIGHT_RELATIVE": 3.9, "ROOM_NUMBER": "10.23", "AREA_PLAN_M2": 4.3, "AREA_MODEL_M2": 4.7, "AREA_DIFF_PCT": 9.3, "SOURCE_NOTE": "inferred: typical floor, as LV09"}}, {"type": "Feature", "geometry": {"type": "Polygon", "coordinates": [[[-5.91894756, 54.60465114], [-5.9189324, 54.60464488], [-5.91897257, 54.60461226], [-5.91898772, 54.60461852], [-5.91894756, 54.60465114]]]}, "properties": {"UNIT_ID": "CQ3.10.25", "NAME": "Service", "USE_TYPE": "Mechanical", "LEVEL_ID": "CQ3.L10", "FACILITY_ID": "CQ3", "ELEVATION_RELATIVE": 40.1, "ELEVATION_ABSOLUTE": 43.6, "HEIGHT_RELATIVE": 3.9, "ROOM_NUMBER": "10.25", "AREA_PLAN_M2": 5.4, "AREA_MODEL_M2": 5.4, "AREA_DIFF_PCT": 0.0, "SOURCE_NOTE": "inferred: typical floor, as LV09"}}, {"type": "Feature", "geometry": {"type": "Polygon", "coordinates": [[[-5.91890559, 54.60468522], [-5.91889044, 54.60467896], [-5.9189306, 54.60464634], [-5.91894575, 54.6046526], [-5.91890559, 54.60468522]]]}, "properties": {"UNIT_ID": "CQ3.10.24", "NAME": "Service", "USE_TYPE": "Mechanical", "LEVEL_ID": "CQ3.L10", "FACILITY_ID": "CQ3", "ELEVATION_RELATIVE": 40.1, "ELEVATION_ABSOLUTE": 43.6, "HEIGHT_RELATIVE": 3.9, "ROOM_NUMBER": "10.24", "AREA_PLAN_M2": 5.4, "AREA_MODEL_M2": 5.4, "AREA_DIFF_PCT": 0.0, "SOURCE_NOTE": "inferred: typical floor, as LV09"}}, {"type": "Feature", "geometry": {"type": "Polygon", "coordinates": [[[-5.91928185, 54.60484067], [-5.9192667, 54.60483441], [-5.91930686, 54.60480179], [-5.91932202, 54.60480805], [-5.91928185, 54.60484067]]]}, "properties": {"UNIT_ID": "CQ3.10.01", "NAME": "Service", "USE_TYPE": "Mechanical", "LEVEL_ID": "CQ3.L10", "FACILITY_ID": "CQ3", "ELEVATION_RELATIVE": 40.1, "ELEVATION_ABSOLUTE": 43.6, "HEIGHT_RELATIVE": 3.9, "ROOM_NUMBER": "10.01", "AREA_PLAN_M2": 5.4, "AREA_MODEL_M2": 5.4, "AREA_DIFF_PCT": 0.0, "SOURCE_NOTE": "inferred: typical floor, as LV09"}}, {"type": "Feature", "geometry": {"type": "Polygon", "coordinates": [[[-5.91932382, 54.60480659], [-5.91930867, 54.60480033], [-5.91934883, 54.60476771], [-5.91936399, 54.60477397], [-5.91932382, 54.60480659]]]}, "properties": {"UNIT_ID": "CQ3.10.02", "NAME": "Service", "USE_TYPE": "Mechanical", "LEVEL_ID": "CQ3.L10", "FACILITY_ID": "CQ3", "ELEVATION_RELATIVE": 40.1, "ELEVATION_ABSOLUTE": 43.6, "HEIGHT_RELATIVE": 3.9, "ROOM_NUMBER": "10.02", "AREA_PLAN_M2": 5.4, "AREA_MODEL_M2": 5.4, "AREA_DIFF_PCT": 0.0, "SOURCE_NOTE": "inferred: typical floor, as LV09"}}, {"type": "Feature", "geometry": {"type": "Polygon", "coordinates": [[[-5.9192202, 54.60475274], [-5.91920454, 54.60474628], [-5.91921499, 54.60473779], [-5.91921726, 54.60473873], [-5.91921019, 54.60474448], [-5.91921039, 54.60474464], [-5.91921777, 54.60473894], [-5.91923065, 54.60474426], [-5.9192202, 54.60475274]]]}, "properties": {"UNIT_ID": "CQ3.10.08", "NAME": "Smk Vnt", "USE_TYPE": "Mechanical", "LEVEL_ID": "CQ3.L10", "FACILITY_ID": "CQ3", "ELEVATION_RELATIVE": 40.1, "ELEVATION_ABSOLUTE": 43.6, "HEIGHT_RELATIVE": 3.9, "ROOM_NUMBER": "10.08", "AREA_PLAN_M2": 1.5, "AREA_MODEL_M2": 1.4, "AREA_DIFF_PCT": -6.7, "SOURCE_NOTE": "inferred: typical floor, as LV09"}}, {"type": "Feature", "geometry": {"type": "Polygon", "coordinates": [[[-5.91920277, 54.60474555], [-5.91919495, 54.60474231], [-5.91920539, 54.60473383], [-5.91921322, 54.60473706], [-5.91920277, 54.60474555]]]}, "properties": {"UNIT_ID": "CQ3.10.09", "NAME": "WR", "USE_TYPE": "Mechanical", "LEVEL_ID": "CQ3.L10", "FACILITY_ID": "CQ3", "ELEVATION_RELATIVE": 40.1, "ELEVATION_ABSOLUTE": 43.6, "HEIGHT_RELATIVE": 3.9, "ROOM_NUMBER": "10.09", "AREA_PLAN_M2": 0.7, "AREA_MODEL_M2": 0.7, "AREA_DIFF_PCT": 0.0, "SOURCE_NOTE": "inferred: typical floor, as LV09"}}, {"type": "Feature", "geometry": {"type": "Polygon", "coordinates": [[[-5.91926298, 54.6048331], [-5.91932386, 54.60478366], [-5.91928624, 54.60476811], [-5.91922536, 54.60481755], [-5.91926298, 54.6048331]]]}, "properties": {"UNIT_ID": "CQ3.10.03", "NAME": "Stair 1", "USE_TYPE": "Stairs", "LEVEL_ID": "CQ3.L10", "FACILITY_ID": "CQ3", "ELEVATION_RELATIVE": 40.1, "ELEVATION_ABSOLUTE": 43.6, "HEIGHT_RELATIVE": 3.9, "ROOM_NUMBER": "10.03", "AREA_PLAN_M2": 19.4, "AREA_MODEL_M2": 20.1, "AREA_DIFF_PCT": 3.6, "SOURCE_NOTE": "inferred: typical floor, as LV09"}}, {"type": "Feature", "geometry": {"type": "Polygon", "coordinates": [[[-5.91921932, 54.60481658], [-5.91921629, 54.6048156], [-5.91922529, 54.60480953], [-5.91922362, 54.60480846], [-5.9192172, 54.60480731], [-5.91921272, 54.60480762], [-5.91920925, 54.60480834], [-5.91920468, 54.60481077], [-5.9191992, 54.60480851], [-5.91920253, 54.60480488], [-5.91920219, 54.60480482], [-5.91919867, 54.60480832], [-5.91919608, 54.60480698], [-5.91925981, 54.60475554], [-5.91925942, 54.60475483], [-5.91920832, 54.60473394], [-5.91921161, 54.60473096], [-5.91921127, 54.6047309], [-5.91920677, 54.60473418], [-5.91920633, 54.60473399], [-5.91922632, 54.60471776], [-5.91927938, 54.60473968], [-5.91928159, 54.60473819], [-5.9192841, 54.60473894], [-5.91927936, 54.60474216], [-5.91927957, 54.60474233], [-5.91928458, 54.60473918], [-5.9192901, 54.60474146], [-5.91928869, 54.60474261], [-5.91928746, 54.60474511], [-5.9192881, 54.60474884], [-5.91929147, 54.60475218], [-5.91929417, 54.60475329], [-5.91930152, 54.6047464], [-5.91930354, 54.60474723], [-5.91930181, 54.60474895], [-5.91931547, 54.60475459], [-5.919298, 54.60476877], [-5.91928469, 54.60476349], [-5.91921932, 54.60481658]]]}, "properties": {"UNIT_ID": "CQ3.10.06", "NAME": "FF Core", "USE_TYPE": "Firefighting Lobby", "LEVEL_ID": "CQ3.L10", "FACILITY_ID": "CQ3", "ELEVATION_RELATIVE": 40.1, "ELEVATION_ABSOLUTE": 43.6, "HEIGHT_RELATIVE": 3.9, "ROOM_NUMBER": "10.06", "AREA_PLAN_M2": 28.4, "AREA_MODEL_M2": 26.9, "AREA_DIFF_PCT": -5.3, "SOURCE_NOTE": "inferred: typical floor, as LV09"}}, {"type": "Feature", "geometry": {"type": "Polygon", "coordinates": [[[-5.91932667, 54.60478107], [-5.91929915, 54.60476969], [-5.91930833, 54.60476223], [-5.91933586, 54.60477361], [-5.91932667, 54.60478107]]]}, "properties": {"UNIT_ID": "CQ3.10.04", "NAME": "WC Supply", "USE_TYPE": "Mechanical", "LEVEL_ID": "CQ3.L10", "FACILITY_ID": "CQ3", "ELEVATION_RELATIVE": 40.1, "ELEVATION_ABSOLUTE": 43.6, "HEIGHT_RELATIVE": 3.9, "ROOM_NUMBER": "10.04", "AREA_PLAN_M2": 2.2, "AREA_MODEL_M2": 2.2, "AREA_DIFF_PCT": 0.0, "SOURCE_NOTE": "inferred: typical floor, as LV09"}}, {"type": "Feature", "geometry": {"type": "Polygon", "coordinates": [[[-5.91933586, 54.60477361], [-5.91930833, 54.60476223], [-5.91931752, 54.60475478], [-5.91934505, 54.60476615], [-5.91933586, 54.60477361]]]}, "properties": {"UNIT_ID": "CQ3.10.05", "NAME": "WC Extract", "USE_TYPE": "Mechanical", "LEVEL_ID": "CQ3.L10", "FACILITY_ID": "CQ3", "ELEVATION_RELATIVE": 40.1, "ELEVATION_ABSOLUTE": 43.6, "HEIGHT_RELATIVE": 3.9, "ROOM_NUMBER": "10.05", "AREA_PLAN_M2": 2.2, "AREA_MODEL_M2": 2.2, "AREA_DIFF_PCT": 0.0, "SOURCE_NOTE": "inferred: typical floor, as LV09"}}, {"type": "Feature", "geometry": {"type": "Polygon", "coordinates": [[[-5.91906995, 54.60469067], [-5.91905404, 54.6046841], [-5.91906448, 54.60467561], [-5.91907762, 54.60468104], [-5.91907052, 54.6046868], [-5.91907053, 54.6046868], [-5.91907787, 54.60468114], [-5.91908039, 54.60468218], [-5.91906995, 54.60469067]]]}, "properties": {"UNIT_ID": "CQ3.10.19", "NAME": "Smk Vnt", "USE_TYPE": "Mechanical", "LEVEL_ID": "CQ3.L10", "FACILITY_ID": "CQ3", "ELEVATION_RELATIVE": 40.1, "ELEVATION_ABSOLUTE": 43.6, "HEIGHT_RELATIVE": 3.9, "ROOM_NUMBER": "10.19", "AREA_PLAN_M2": 1.5, "AREA_MODEL_M2": 1.5, "AREA_DIFF_PCT": 0.0, "SOURCE_NOTE": "inferred: typical floor, as LV09"}}, {"type": "Feature", "geometry": {"type": "Polygon", "coordinates": [[[-5.91907929, 54.60469453], [-5.91907146, 54.60469129], [-5.91908191, 54.60468281], [-5.91908974, 54.60468604], [-5.91907929, 54.60469453]]]}, "properties": {"UNIT_ID": "CQ3.10.18", "NAME": "WR", "USE_TYPE": "Mechanical", "LEVEL_ID": "CQ3.L10", "FACILITY_ID": "CQ3", "ELEVATION_RELATIVE": 40.1, "ELEVATION_ABSOLUTE": 43.6, "HEIGHT_RELATIVE": 3.9, "ROOM_NUMBER": "10.18", "AREA_PLAN_M2": 0.7, "AREA_MODEL_M2": 0.7, "AREA_DIFF_PCT": 0.0, "SOURCE_NOTE": "inferred: typical floor, as LV09"}}, {"type": "Feature", "geometry": {"type": "Polygon", "coordinates": [[[-5.91914043, 54.60478224], [-5.91910862, 54.6047691], [-5.91913473, 54.60474789], [-5.91916655, 54.60476104], [-5.91914043, 54.60478224]]]}, "properties": {"UNIT_ID": "CQ3.10.10", "NAME": "Lift 1", "USE_TYPE": "Elevator", "LEVEL_ID": "CQ3.L10", "FACILITY_ID": "CQ3", "ELEVATION_RELATIVE": 40.1, "ELEVATION_ABSOLUTE": 43.6, "HEIGHT_RELATIVE": 3.9, "ROOM_NUMBER": "10.10", "AREA_PLAN_M2": 7.3, "AREA_MODEL_M2": 7.3, "AREA_DIFF_PCT": 0.0, "SOURCE_NOTE": "inferred: typical floor, as LV09"}}, {"type": "Feature", "geometry": {"type": "Polygon", "coordinates": [[[-5.91916835, 54.60475957], [-5.91913654, 54.60474643], [-5.91916283, 54.60472507], [-5.91919465, 54.60473822], [-5.91916835, 54.60475957]]]}, "properties": {"UNIT_ID": "CQ3.10.11", "NAME": "Lift 2", "USE_TYPE": "Elevator", "LEVEL_ID": "CQ3.L10", "FACILITY_ID": "CQ3", "ELEVATION_RELATIVE": 40.1, "ELEVATION_ABSOLUTE": 43.6, "HEIGHT_RELATIVE": 3.9, "ROOM_NUMBER": "10.11", "AREA_PLAN_M2": 7.3, "AREA_MODEL_M2": 7.4, "AREA_DIFF_PCT": 1.4, "SOURCE_NOTE": "inferred: typical floor, as LV09"}}, {"type": "Feature", "geometry": {"type": "Polygon", "coordinates": [[[-5.91919645, 54.60473676], [-5.91916464, 54.60472361], [-5.91917167, 54.6047179], [-5.91916806, 54.60471618], [-5.91917975, 54.6047067], [-5.91918372, 54.60470812], [-5.91919075, 54.6047024], [-5.91922257, 54.60471555], [-5.91919645, 54.60473676]]]}, "properties": {"UNIT_ID": "CQ3.10.12", "NAME": "Lift 3 (FF)", "USE_TYPE": "Elevator", "LEVEL_ID": "CQ3.L10", "FACILITY_ID": "CQ3", "ELEVATION_RELATIVE": 40.1, "ELEVATION_ABSOLUTE": 43.6, "HEIGHT_RELATIVE": 3.9, "ROOM_NUMBER": "10.12", "AREA_PLAN_M2": 7.3, "AREA_MODEL_M2": 7.7, "AREA_DIFF_PCT": 5.5, "SOURCE_NOTE": "inferred: typical floor, as LV09"}}, {"type": "Feature", "geometry": {"type": "Polygon", "coordinates": [[[-5.91909184, 54.60472796], [-5.91906002, 54.60471482], [-5.91908632, 54.60469346], [-5.91911814, 54.60470661], [-5.91909184, 54.60472796]]]}, "properties": {"UNIT_ID": "CQ3.10.15", "NAME": "Lift 5", "USE_TYPE": "Elevator", "LEVEL_ID": "CQ3.L10", "FACILITY_ID": "CQ3", "ELEVATION_RELATIVE": 40.1, "ELEVATION_ABSOLUTE": 43.6, "HEIGHT_RELATIVE": 3.9, "ROOM_NUMBER": "10.15", "AREA_PLAN_M2": 7.3, "AREA_MODEL_M2": 7.4, "AREA_DIFF_PCT": 1.4, "SOURCE_NOTE": "inferred: typical floor, as LV09"}}, {"type": "Feature", "geometry": {"type": "Polygon", "coordinates": [[[-5.91911994, 54.60470514], [-5.91908812, 54.604692], [-5.91911424, 54.60467079], [-5.91914606, 54.60468393], [-5.91913902, 54.60468965], [-5.91914237, 54.60469126], [-5.91913069, 54.60470074], [-5.91912698, 54.60469943], [-5.91911994, 54.60470514]]]}, "properties": {"UNIT_ID": "CQ3.10.16", "NAME": "Lift 6 (FF)", "USE_TYPE": "Elevator", "LEVEL_ID": "CQ3.L10", "FACILITY_ID": "CQ3", "ELEVATION_RELATIVE": 40.1, "ELEVATION_ABSOLUTE": 43.6, "HEIGHT_RELATIVE": 3.9, "ROOM_NUMBER": "10.16", "AREA_PLAN_M2": 7.3, "AREA_MODEL_M2": 7.7, "AREA_DIFF_PCT": 5.5, "SOURCE_NOTE": "inferred: typical floor, as LV09"}}, {"type": "Feature", "geometry": {"type": "Polygon", "coordinates": [[[-5.91919578, 54.60480599], [-5.91925767, 54.60475542], [-5.91925741, 54.60475532], [-5.91924716, 54.60476364], [-5.91924691, 54.60476356], [-5.91924713, 54.60476367], [-5.91919635, 54.6048049], [-5.91914837, 54.60478508], [-5.91919791, 54.60474486], [-5.91922022, 54.60475408], [-5.91922047, 54.604754], [-5.91922017, 54.60475295], [-5.91919502, 54.60474256], [-5.91920583, 54.60473379], [-5.91923097, 54.60474418], [-5.91923227, 54.60474405], [-5.91925983, 54.60475521], [-5.91924837, 54.60476452], [-5.91924768, 54.60476446], [-5.91919628, 54.6048062], [-5.91919578, 54.60480599]], [[-5.91919549, 54.60480344], [-5.91923699, 54.60477005], [-5.91923135, 54.60476751], [-5.91918985, 54.6048009], [-5.91919549, 54.60480344]]]}, "properties": {"UNIT_ID": "CQ3.10.07", "NAME": "Female WC", "USE_TYPE": "Restroom - Female", "LEVEL_ID": "CQ3.L10", "FACILITY_ID": "CQ3", "ELEVATION_RELATIVE": 40.1, "ELEVATION_ABSOLUTE": 43.6, "HEIGHT_RELATIVE": 3.9, "ROOM_NUMBER": "10.07", "AREA_PLAN_M2": 23.4, "AREA_MODEL_M2": 24.5, "AREA_DIFF_PCT": 4.7, "SOURCE_NOTE": "inferred: typical floor, as LV09"}}, {"type": "Feature", "geometry": {"type": "Polygon", "coordinates": [[[-5.91906392, 54.60475063], [-5.9190321, 54.60473749], [-5.91905822, 54.60471628], [-5.91909004, 54.60472942], [-5.91906392, 54.60475063]]]}, "properties": {"UNIT_ID": "CQ3.10.14", "NAME": "Lift 4", "USE_TYPE": "Elevator", "LEVEL_ID": "CQ3.L10", "FACILITY_ID": "CQ3", "ELEVATION_RELATIVE": 40.1, "ELEVATION_ABSOLUTE": 43.6, "HEIGHT_RELATIVE": 3.9, "ROOM_NUMBER": "10.14", "AREA_PLAN_M2": 7.3, "AREA_MODEL_M2": 7.3, "AREA_DIFF_PCT": 0.0, "SOURCE_NOTE": "inferred: typical floor, as LV09"}}, {"type": "Feature", "geometry": {"type": "Polygon", "coordinates": [[[-5.91930584, 54.60497217], [-5.91929732, 54.60496887], [-5.91929137, 54.60497371], [-5.91924845, 54.60495597], [-5.9192544, 54.60495114], [-5.91924976, 54.60494902], [-5.91924339, 54.60495388], [-5.91917294, 54.60492477], [-5.91917889, 54.60491994], [-5.919174, 54.60491772], [-5.91916763, 54.60492258], [-5.91909718, 54.60489347], [-5.91910314, 54.60488864], [-5.91909824, 54.60488642], [-5.91909187, 54.60489128], [-5.91902117, 54.60486207], [-5.91902713, 54.60485724], [-5.91902248, 54.60485512], [-5.91901612, 54.60485998], [-5.91894567, 54.60483088], [-5.91895162, 54.60482604], [-5.91894673, 54.60482382], [-5.91894036, 54.60482868], [-5.91886991, 54.60479958], [-5.91887586, 54.60479474], [-5.91887097, 54.60479252], [-5.9188646, 54.60479738], [-5.9187939, 54.60476817], [-5.91879985, 54.60476334], [-5.91879521, 54.60476122], [-5.91878884, 54.60476608], [-5.9187184, 54.60473698], [-5.91872435, 54.60473215], [-5.91871945, 54.60472992], [-5.91871309, 54.60473479], [-5.91867042, 54.60471716], [-5.91867637, 54.60471233], [-5.91866821, 54.60470874], [-5.91876601, 54.60462932], [-5.91877411, 54.60463266], [-5.91877794, 54.60462983], [-5.9187698, 54.60462624], [-5.91877916, 54.60461864], [-5.91882657, 54.60463801], [-5.91888475, 54.60459076], [-5.91883771, 54.6045711], [-5.91884707, 54.6045635], [-5.91885516, 54.60456684], [-5.91885918, 54.60456386], [-5.91885104, 54.60456028], [-5.91894884, 54.60448086], [-5.91895735, 54.60448416], [-5.91896312, 54.60447947], [-5.91900579, 54.6044971], [-5.9190001, 54.60450203], [-5.91900533, 54.60450398], [-5.9190111, 54.6044993], [-5.91908155, 54.60452841], [-5.91907578, 54.60453309], [-5.91908042, 54.60453521], [-5.91908661, 54.6045305], [-5.91911285, 54.60454133], [-5.91911094, 54.60454319], [-5.91915514, 54.60456146], [-5.91915161, 54.60456463], [-5.91915642, 54.60456662], [-5.91916262, 54.6045619], [-5.91923307, 54.604591], [-5.9192273, 54.60459569], [-5.91923219, 54.60459791], [-5.91923838, 54.6045932], [-5.91930882, 54.6046223], [-5.91930305, 54.60462699], [-5.91930769, 54.60462911], [-5.91931388, 54.60462439], [-5.91938458, 54.6046536], [-5.91937881, 54.60465829], [-5.9193837, 54.60466051], [-5.91938989, 54.6046558], [-5.91946034, 54.6046849], [-5.91945457, 54.60468959], [-5.91945946, 54.60469181], [-5.91946565, 54.6046871], [-5.9195361, 54.6047162], [-5.91953032, 54.60472089], [-5.91953497, 54.60472301], [-5.91954115, 54.60471829], [-5.91958407, 54.60473602], [-5.91957838, 54.60474095], [-5.91958647, 54.60474429], [-5.91948866, 54.60482372], [-5.91948057, 54.60482037], [-5.91947655, 54.60482335], [-5.91948469, 54.60482694], [-5.91947533, 54.60483454], [-5.91942768, 54.60481507], [-5.91936949, 54.60486232], [-5.91941679, 54.60488208], [-5.91940742, 54.60488968], [-5.91939933, 54.60488634], [-5.91939549, 54.60488917], [-5.91940363, 54.60489276], [-5.91930584, 54.60497217]], [[-5.91890354, 54.60458662], [-5.9189071, 54.60458345], [-5.91890188, 54.6045815], [-5.91889833, 54.60458467], [-5.91890354, 54.60458662]], [[-5.91882249, 54.60465244], [-5.91882586, 54.60464942], [-5.91882065, 54.60464747], [-5.91881727, 54.60465049], [-5.91882249, 54.60465244]], [[-5.91930294, 54.60484211], [-5.91930362, 54.60484155], [-5.91930409, 54.60483932], [-5.91931227, 54.60483267], [-5.9193171, 54.60483092], [-5.91932153, 54.60482732], [-5.91932283, 54.6048241], [-5.91933102, 54.60481745], [-5.91933452, 54.60481647], [-5.91934065, 54.60481179], [-5.91934162, 54.60481071], [-5.91934209, 54.60480846], [-5.91935011, 54.60480195], [-5.91935361, 54.60480096], [-5.91935939, 54.60479658], [-5.91936036, 54.60479549], [-5.91936082, 54.60479325], [-5.91936884, 54.60478673], [-5.91937174, 54.60478594], [-5.91937316, 54.60478504], [-5.91936202, 54.60478022], [-5.91937023, 54.60477324], [-5.91930582, 54.60474663], [-5.9192989, 54.60475194], [-5.91928741, 54.60474719], [-5.91928756, 54.60474447], [-5.9192899, 54.60474138], [-5.9192813, 54.60473783], [-5.91928213, 54.60473684], [-5.91918991, 54.60469874], [-5.91918084, 54.60470581], [-5.91916917, 54.60470099], [-5.91916846, 54.60470022], [-5.9191671, 54.60469629], [-5.91916795, 54.60469371], [-5.9191687, 54.60469284], [-5.91916823, 54.60469315], [-5.91916454, 54.60469456], [-5.91915664, 54.60469533], [-5.91915514, 54.60469519], [-5.91914347, 54.60469037], [-5.91915205, 54.6046831], [-5.91906011, 54.60464511], [-5.91905708, 54.60464727], [-5.9190558, 54.6046474], [-5.91905317, 54.60464953], [-5.91904165, 54.60464477], [-5.91904215, 54.6046424], [-5.91904419, 54.60463986], [-5.9190356, 54.60463631], [-5.91903642, 54.60463533], [-5.91897173, 54.6046086], [-5.91896464, 54.60461405], [-5.9189531, 54.60460951], [-5.91895133, 54.60461094], [-5.91895033, 54.60461362], [-5.91894215, 54.60462026], [-5.91893793, 54.60462182], [-5.9189326, 54.60462616], [-5.91893141, 54.60462898], [-5.91892342, 54.60463547], [-5.9189192, 54.60463704], [-5.9189135, 54.60464166], [-5.91891232, 54.60464448], [-5.91890414, 54.60465112], [-5.9189001, 54.60465254], [-5.91889459, 54.60465702], [-5.91889359, 54.60465969], [-5.91888541, 54.60466633], [-5.91888137, 54.60466775], [-5.91887942, 54.60466934], [-5.9188906, 54.60467417], [-5.91888419, 54.60467969], [-5.91894813, 54.6047061], [-5.91894929, 54.60470548], [-5.91895863, 54.60470934], [-5.91896372, 54.60470672], [-5.9189675, 54.60470594], [-5.91897899, 54.60471069], [-5.91897345, 54.60471519], [-5.918973, 54.60471638], [-5.91906451, 54.60475418], [-5.91907358, 54.60474712], [-5.919085, 54.60475184], [-5.91908636, 54.60475332], [-5.91908729, 54.60475731], [-5.91908512, 54.60476059], [-5.9190878, 54.6047591], [-5.91909095, 54.60475813], [-5.91909736, 54.60475764], [-5.91909953, 54.60475784], [-5.91911095, 54.60476256], [-5.91910237, 54.60476983], [-5.91919384, 54.60480762], [-5.91919499, 54.60480699], [-5.91920434, 54.60481085], [-5.91920943, 54.60480823], [-5.91921321, 54.60480745], [-5.9192247, 54.6048122], [-5.91921915, 54.60481671], [-5.91921871, 54.60481789], [-5.91928269, 54.60484433], [-5.9192914, 54.60483756], [-5.91930294, 54.60484211]], [[-5.9194332, 54.60480565], [-5.91943721, 54.60480267], [-5.91943258, 54.60480056], [-5.91942856, 54.60480353], [-5.9194332, 54.60480565]], [[-5.91935254, 54.60487143], [-5.91935591, 54.60486841], [-5.91935095, 54.60486656], [-5.91934758, 54.60486958], [-5.91935254, 54.60487143]]]}, "properties": {"UNIT_ID": "CQ3.10.26", "NAME": "Office", "USE_TYPE": "Office", "LEVEL_ID": "CQ3.L10", "FACILITY_ID": "CQ3", "ELEVATION_RELATIVE": 40.1, "ELEVATION_ABSOLUTE": 43.6, "HEIGHT_RELATIVE": 3.9, "ROOM_NUMBER": "10.26", "AREA_PLAN_M2": 1275.8, "AREA_MODEL_M2": 1272.3, "AREA_DIFF_PCT": -0.3, "SOURCE_NOTE": "inferred: typical floor, as LV09"}}, {"type": "Feature", "geometry": {"type": "Polygon", "coordinates": [[[-5.91906778, 54.60475245], [-5.91914974, 54.6046859], [-5.91918686, 54.60470123], [-5.9191049, 54.60476778], [-5.91906778, 54.60475245]]]}, "properties": {"UNIT_ID": "CQ3.11.13", "NAME": "Lift Lobby", "USE_TYPE": "Lift Lobby", "LEVEL_ID": "CQ3.L11", "FACILITY_ID": "CQ3", "ELEVATION_RELATIVE": 44.0, "ELEVATION_ABSOLUTE": 47.5, "HEIGHT_RELATIVE": 3.9, "ROOM_NUMBER": "11.13", "AREA_PLAN_M2": 27.0, "AREA_MODEL_M2": 26.8, "AREA_DIFF_PCT": -0.7, "SOURCE_NOTE": "inferred: LV09 less the LV11 terrace strip"}}, {"type": "Feature", "geometry": {"type": "Polygon", "coordinates": [[[-5.91902514, 54.60473417], [-5.91907165, 54.6046961], [-5.91907164, 54.6046961], [-5.91902489, 54.60473406], [-5.91897691, 54.60471424], [-5.91901631, 54.60468224], [-5.91901658, 54.6046823], [-5.91901639, 54.60468218], [-5.91902662, 54.60467387], [-5.91907821, 54.60469541], [-5.91902867, 54.60473563], [-5.91902514, 54.60473417]], [[-5.91901313, 54.60469411], [-5.91900749, 54.60469157], [-5.9189795, 54.604714], [-5.91898514, 54.60471653], [-5.91901313, 54.60469411]]]}, "properties": {"UNIT_ID": "CQ3.11.17", "NAME": "Male WC", "USE_TYPE": "Restroom - Male", "LEVEL_ID": "CQ3.L11", "FACILITY_ID": "CQ3", "ELEVATION_RELATIVE": 44.0, "ELEVATION_ABSOLUTE": 47.5, "HEIGHT_RELATIVE": 3.9, "ROOM_NUMBER": "11.17", "AREA_PLAN_M2": 20.3, "AREA_MODEL_M2": 21.1, "AREA_DIFF_PCT": 3.9, "SOURCE_NOTE": "inferred: LV09 less the LV11 terrace strip"}}, {"type": "Feature", "geometry": {"type": "Polygon", "coordinates": [[[-5.91901575, 54.60465238], [-5.91900381, 54.60464723], [-5.91900878, 54.60464288], [-5.91901031, 54.60464199], [-5.91901318, 54.60464294], [-5.91901838, 54.60464358], [-5.91902329, 54.60464323], [-5.91902878, 54.60464181], [-5.91903278, 54.60463914], [-5.91901917, 54.6046344], [-5.9190213, 54.60463306], [-5.91903367, 54.60463816], [-5.91903587, 54.60463668], [-5.91903814, 54.60463732], [-5.9190334, 54.60464055], [-5.91903362, 54.60464072], [-5.91903888, 54.60463767], [-5.9190444, 54.60463995], [-5.91904299, 54.60464109], [-5.91904176, 54.6046436], [-5.9190424, 54.60464733], [-5.91904576, 54.60465066], [-5.91904847, 54.60465178], [-5.91905581, 54.60464489], [-5.91905783, 54.60464572], [-5.9190561, 54.60464743], [-5.91910915, 54.60466935], [-5.91908916, 54.60468558], [-5.91908872, 54.60468541], [-5.91909262, 54.60468186], [-5.9190926, 54.60468184], [-5.91908886, 54.60468458], [-5.9190419, 54.60466518], [-5.91905001, 54.6046586], [-5.9190495, 54.60465839], [-5.91904138, 54.60466498], [-5.91903785, 54.60466329], [-5.91903701, 54.60466327], [-5.91897361, 54.60471506], [-5.91897058, 54.60471408], [-5.91897959, 54.60470802], [-5.9189779, 54.60470693], [-5.91897486, 54.6047061], [-5.91897152, 54.6047058], [-5.91896702, 54.60470611], [-5.91896354, 54.60470682], [-5.91895897, 54.60470926], [-5.9189535, 54.604707], [-5.91895659, 54.60470327], [-5.91895623, 54.60470321], [-5.9189527, 54.6047067], [-5.91895038, 54.60470546], [-5.91901575, 54.60465238]]]}, "properties": {"UNIT_ID": "CQ3.11.21", "NAME": "FF Core", "USE_TYPE": "Firefighting Lobby", "LEVEL_ID": "CQ3.L11", "FACILITY_ID": "CQ3", "ELEVATION_RELATIVE": 44.0, "ELEVATION_ABSOLUTE": 47.5, "HEIGHT_RELATIVE": 3.9, "ROOM_NUMBER": "11.21", "AREA_PLAN_M2": 28.3, "AREA_MODEL_M2": 25.8, "AREA_DIFF_PCT": -8.8, "SOURCE_NOTE": "inferred: LV09 less the LV11 terrace strip"}}, {"type": "Feature", "geometry": {"type": "Polygon", "coordinates": [[[-5.91905553, 54.60467586], [-5.91905558, 54.60467604], [-5.91905143, 54.6046794], [-5.91905075, 54.60467934], [-5.91904798, 54.60468159], [-5.91902601, 54.60467251], [-5.91903735, 54.6046633], [-5.91906463, 54.60467457], [-5.91906067, 54.60467778], [-5.91905553, 54.60467586]]]}, "properties": {"UNIT_ID": "CQ3.11.20", "NAME": "Clnr Str", "USE_TYPE": "Janitor", "LEVEL_ID": "CQ3.L11", "FACILITY_ID": "CQ3", "ELEVATION_RELATIVE": 44.0, "ELEVATION_ABSOLUTE": 47.5, "HEIGHT_RELATIVE": 3.9, "ROOM_NUMBER": "11.20", "AREA_PLAN_M2": 2.3, "AREA_MODEL_M2": 2.4, "AREA_DIFF_PCT": 4.3, "SOURCE_NOTE": "inferred: LV09 less the LV11 terrace strip"}}, {"type": "Feature", "geometry": {"type": "Polygon", "coordinates": [[[-5.9189097, 54.60468714], [-5.91897058, 54.6046377], [-5.91900821, 54.60465324], [-5.91894733, 54.60470268], [-5.9189097, 54.60468714]]]}, "properties": {"UNIT_ID": "CQ3.11.22", "NAME": "Stair 2", "USE_TYPE": "Stairs", "LEVEL_ID": "CQ3.L11", "FACILITY_ID": "CQ3", "ELEVATION_RELATIVE": 44.0, "ELEVATION_ABSOLUTE": 47.5, "HEIGHT_RELATIVE": 3.9, "ROOM_NUMBER": "11.22", "AREA_PLAN_M2": 19.4, "AREA_MODEL_M2": 20.1, "AREA_DIFF_PCT": 3.6, "SOURCE_NOTE": "inferred: LV09 less the LV11 terrace strip"}}, {"type": "Feature", "geometry": {"type": "Polygon", "coordinates": [[[-5.91901592, 54.6046434], [-5.91901031, 54.60464194], [-5.91900624, 54.60464493], [-5.9189762, 54.60463252], [-5.91899097, 54.60462052], [-5.91903036, 54.6046368], [-5.91902216, 54.60464346], [-5.91901592, 54.6046434]]]}, "properties": {"UNIT_ID": "CQ3.11.23", "NAME": "Dis WC", "USE_TYPE": "Restroom - Accessible", "LEVEL_ID": "CQ3.L11", "FACILITY_ID": "CQ3", "ELEVATION_RELATIVE": 44.0, "ELEVATION_ABSOLUTE": 47.5, "HEIGHT_RELATIVE": 3.9, "ROOM_NUMBER": "11.23", "AREA_PLAN_M2": 4.3, "AREA_MODEL_M2": 4.7, "AREA_DIFF_PCT": 9.3, "SOURCE_NOTE": "inferred: LV09 less the LV11 terrace strip"}}, {"type": "Feature", "geometry": {"type": "Polygon", "coordinates": [[[-5.9189324, 54.60464488], [-5.91897257, 54.60461226], [-5.91898772, 54.60461852], [-5.91894756, 54.60465114], [-5.9189324, 54.60464488]]]}, "properties": {"UNIT_ID": "CQ3.11.25", "NAME": "Service", "USE_TYPE": "Mechanical", "LEVEL_ID": "CQ3.L11", "FACILITY_ID": "CQ3", "ELEVATION_RELATIVE": 44.0, "ELEVATION_ABSOLUTE": 47.5, "HEIGHT_RELATIVE": 3.9, "ROOM_NUMBER": "11.25", "AREA_PLAN_M2": 5.4, "AREA_MODEL_M2": 5.4, "AREA_DIFF_PCT": 0.0, "SOURCE_NOTE": "inferred: LV09 less the LV11 terrace strip"}}, {"type": "Feature", "geometry": {"type": "Polygon", "coordinates": [[[-5.91889044, 54.60467896], [-5.9189306, 54.60464634], [-5.91894575, 54.6046526], [-5.91890559, 54.60468522], [-5.91889044, 54.60467896]]]}, "properties": {"UNIT_ID": "CQ3.11.24", "NAME": "Service", "USE_TYPE": "Mechanical", "LEVEL_ID": "CQ3.L11", "FACILITY_ID": "CQ3", "ELEVATION_RELATIVE": 44.0, "ELEVATION_ABSOLUTE": 47.5, "HEIGHT_RELATIVE": 3.9, "ROOM_NUMBER": "11.24", "AREA_PLAN_M2": 5.4, "AREA_MODEL_M2": 5.4, "AREA_DIFF_PCT": 0.0, "SOURCE_NOTE": "inferred: LV09 less the LV11 terrace strip"}}, {"type": "Feature", "geometry": {"type": "Polygon", "coordinates": [[[-5.9192667, 54.60483441], [-5.91930686, 54.60480179], [-5.91932202, 54.60480805], [-5.91928185, 54.60484067], [-5.9192667, 54.60483441]]]}, "properties": {"UNIT_ID": "CQ3.11.01", "NAME": "Service", "USE_TYPE": "Mechanical", "LEVEL_ID": "CQ3.L11", "FACILITY_ID": "CQ3", "ELEVATION_RELATIVE": 44.0, "ELEVATION_ABSOLUTE": 47.5, "HEIGHT_RELATIVE": 3.9, "ROOM_NUMBER": "11.01", "AREA_PLAN_M2": 5.4, "AREA_MODEL_M2": 5.4, "AREA_DIFF_PCT": 0.0, "SOURCE_NOTE": "inferred: LV09 less the LV11 terrace strip"}}, {"type": "Feature", "geometry": {"type": "Polygon", "coordinates": [[[-5.91930867, 54.60480033], [-5.91934883, 54.60476771], [-5.91936399, 54.60477397], [-5.91932382, 54.60480659], [-5.91930867, 54.60480033]]]}, "properties": {"UNIT_ID": "CQ3.11.02", "NAME": "Service", "USE_TYPE": "Mechanical", "LEVEL_ID": "CQ3.L11", "FACILITY_ID": "CQ3", "ELEVATION_RELATIVE": 44.0, "ELEVATION_ABSOLUTE": 47.5, "HEIGHT_RELATIVE": 3.9, "ROOM_NUMBER": "11.02", "AREA_PLAN_M2": 5.4, "AREA_MODEL_M2": 5.4, "AREA_DIFF_PCT": 0.0, "SOURCE_NOTE": "inferred: LV09 less the LV11 terrace strip"}}, {"type": "Feature", "geometry": {"type": "Polygon", "coordinates": [[[-5.91920454, 54.60474628], [-5.91921499, 54.60473779], [-5.91921726, 54.60473873], [-5.91921019, 54.60474448], [-5.91921039, 54.60474464], [-5.91921777, 54.60473894], [-5.91923065, 54.60474426], [-5.9192202, 54.60475274], [-5.91920454, 54.60474628]]]}, "properties": {"UNIT_ID": "CQ3.11.08", "NAME": "Smk Vnt", "USE_TYPE": "Mechanical", "LEVEL_ID": "CQ3.L11", "FACILITY_ID": "CQ3", "ELEVATION_RELATIVE": 44.0, "ELEVATION_ABSOLUTE": 47.5, "HEIGHT_RELATIVE": 3.9, "ROOM_NUMBER": "11.08", "AREA_PLAN_M2": 1.5, "AREA_MODEL_M2": 1.4, "AREA_DIFF_PCT": -6.7, "SOURCE_NOTE": "inferred: LV09 less the LV11 terrace strip"}}, {"type": "Feature", "geometry": {"type": "Polygon", "coordinates": [[[-5.91919495, 54.60474231], [-5.91920539, 54.60473383], [-5.91921322, 54.60473706], [-5.91920277, 54.60474555], [-5.91919495, 54.60474231]]]}, "properties": {"UNIT_ID": "CQ3.11.09", "NAME": "WR", "USE_TYPE": "Mechanical", "LEVEL_ID": "CQ3.L11", "FACILITY_ID": "CQ3", "ELEVATION_RELATIVE": 44.0, "ELEVATION_ABSOLUTE": 47.5, "HEIGHT_RELATIVE": 3.9, "ROOM_NUMBER": "11.09", "AREA_PLAN_M2": 0.7, "AREA_MODEL_M2": 0.7, "AREA_DIFF_PCT": 0.0, "SOURCE_NOTE": "inferred: LV09 less the LV11 terrace strip"}}, {"type": "Feature", "geometry": {"type": "Polygon", "coordinates": [[[-5.91922536, 54.60481755], [-5.91928624, 54.60476811], [-5.91932386, 54.60478366], [-5.91926298, 54.6048331], [-5.91922536, 54.60481755]]]}, "properties": {"UNIT_ID": "CQ3.11.03", "NAME": "Stair 1", "USE_TYPE": "Stairs", "LEVEL_ID": "CQ3.L11", "FACILITY_ID": "CQ3", "ELEVATION_RELATIVE": 44.0, "ELEVATION_ABSOLUTE": 47.5, "HEIGHT_RELATIVE": 3.9, "ROOM_NUMBER": "11.03", "AREA_PLAN_M2": 19.4, "AREA_MODEL_M2": 20.1, "AREA_DIFF_PCT": 3.6, "SOURCE_NOTE": "inferred: LV09 less the LV11 terrace strip"}}, {"type": "Feature", "geometry": {"type": "Polygon", "coordinates": [[[-5.91921629, 54.6048156], [-5.91922529, 54.60480953], [-5.91922362, 54.60480846], [-5.9192172, 54.60480731], [-5.91921272, 54.60480762], [-5.91920925, 54.60480834], [-5.91920468, 54.60481077], [-5.9191992, 54.60480851], [-5.91920253, 54.60480488], [-5.91920219, 54.60480482], [-5.91919867, 54.60480832], [-5.91919608, 54.60480698], [-5.91925981, 54.60475554], [-5.91925942, 54.60475483], [-5.91920832, 54.60473394], [-5.91921161, 54.60473096], [-5.91921127, 54.6047309], [-5.91920677, 54.60473418], [-5.91920633, 54.60473399], [-5.91922632, 54.60471776], [-5.91927938, 54.60473968], [-5.91928159, 54.60473819], [-5.9192841, 54.60473894], [-5.91927936, 54.60474216], [-5.91927957, 54.60474233], [-5.91928458, 54.60473918], [-5.9192901, 54.60474146], [-5.91928869, 54.60474261], [-5.91928746, 54.60474511], [-5.9192881, 54.60474884], [-5.91929147, 54.60475218], [-5.91929417, 54.60475329], [-5.91930152, 54.6047464], [-5.91930354, 54.60474723], [-5.91930181, 54.60474895], [-5.91931547, 54.60475459], [-5.919298, 54.60476877], [-5.91928469, 54.60476349], [-5.91921932, 54.60481658], [-5.91921629, 54.6048156]]]}, "properties": {"UNIT_ID": "CQ3.11.06", "NAME": "FF Core", "USE_TYPE": "Firefighting Lobby", "LEVEL_ID": "CQ3.L11", "FACILITY_ID": "CQ3", "ELEVATION_RELATIVE": 44.0, "ELEVATION_ABSOLUTE": 47.5, "HEIGHT_RELATIVE": 3.9, "ROOM_NUMBER": "11.06", "AREA_PLAN_M2": 28.4, "AREA_MODEL_M2": 26.9, "AREA_DIFF_PCT": -5.3, "SOURCE_NOTE": "inferred: LV09 less the LV11 terrace strip"}}, {"type": "Feature", "geometry": {"type": "Polygon", "coordinates": [[[-5.91929915, 54.60476969], [-5.91930833, 54.60476223], [-5.91933586, 54.60477361], [-5.91932667, 54.60478107], [-5.91929915, 54.60476969]]]}, "properties": {"UNIT_ID": "CQ3.11.04", "NAME": "WC Supply", "USE_TYPE": "Mechanical", "LEVEL_ID": "CQ3.L11", "FACILITY_ID": "CQ3", "ELEVATION_RELATIVE": 44.0, "ELEVATION_ABSOLUTE": 47.5, "HEIGHT_RELATIVE": 3.9, "ROOM_NUMBER": "11.04", "AREA_PLAN_M2": 2.2, "AREA_MODEL_M2": 2.2, "AREA_DIFF_PCT": 0.0, "SOURCE_NOTE": "inferred: LV09 less the LV11 terrace strip"}}, {"type": "Feature", "geometry": {"type": "Polygon", "coordinates": [[[-5.91930833, 54.60476223], [-5.91931752, 54.60475478], [-5.91934505, 54.60476615], [-5.91933586, 54.60477361], [-5.91930833, 54.60476223]]]}, "properties": {"UNIT_ID": "CQ3.11.05", "NAME": "WC Extract", "USE_TYPE": "Mechanical", "LEVEL_ID": "CQ3.L11", "FACILITY_ID": "CQ3", "ELEVATION_RELATIVE": 44.0, "ELEVATION_ABSOLUTE": 47.5, "HEIGHT_RELATIVE": 3.9, "ROOM_NUMBER": "11.05", "AREA_PLAN_M2": 2.2, "AREA_MODEL_M2": 2.2, "AREA_DIFF_PCT": 0.0, "SOURCE_NOTE": "inferred: LV09 less the LV11 terrace strip"}}, {"type": "Feature", "geometry": {"type": "Polygon", "coordinates": [[[-5.91905404, 54.6046841], [-5.91906448, 54.60467561], [-5.91907762, 54.60468104], [-5.91907052, 54.6046868], [-5.91907053, 54.6046868], [-5.91907787, 54.60468114], [-5.91908039, 54.60468218], [-5.91906995, 54.60469067], [-5.91905404, 54.6046841]]]}, "properties": {"UNIT_ID": "CQ3.11.19", "NAME": "Smk Vnt", "USE_TYPE": "Mechanical", "LEVEL_ID": "CQ3.L11", "FACILITY_ID": "CQ3", "ELEVATION_RELATIVE": 44.0, "ELEVATION_ABSOLUTE": 47.5, "HEIGHT_RELATIVE": 3.9, "ROOM_NUMBER": "11.19", "AREA_PLAN_M2": 1.5, "AREA_MODEL_M2": 1.5, "AREA_DIFF_PCT": 0.0, "SOURCE_NOTE": "inferred: LV09 less the LV11 terrace strip"}}, {"type": "Feature", "geometry": {"type": "Polygon", "coordinates": [[[-5.91907146, 54.60469129], [-5.91908191, 54.60468281], [-5.91908974, 54.60468604], [-5.91907929, 54.60469453], [-5.91907146, 54.60469129]]]}, "properties": {"UNIT_ID": "CQ3.11.18", "NAME": "WR", "USE_TYPE": "Mechanical", "LEVEL_ID": "CQ3.L11", "FACILITY_ID": "CQ3", "ELEVATION_RELATIVE": 44.0, "ELEVATION_ABSOLUTE": 47.5, "HEIGHT_RELATIVE": 3.9, "ROOM_NUMBER": "11.18", "AREA_PLAN_M2": 0.7, "AREA_MODEL_M2": 0.7, "AREA_DIFF_PCT": 0.0, "SOURCE_NOTE": "inferred: LV09 less the LV11 terrace strip"}}, {"type": "Feature", "geometry": {"type": "Polygon", "coordinates": [[[-5.91910862, 54.6047691], [-5.91913473, 54.60474789], [-5.91916655, 54.60476104], [-5.91914043, 54.60478224], [-5.91910862, 54.6047691]]]}, "properties": {"UNIT_ID": "CQ3.11.10", "NAME": "Lift 1", "USE_TYPE": "Elevator", "LEVEL_ID": "CQ3.L11", "FACILITY_ID": "CQ3", "ELEVATION_RELATIVE": 44.0, "ELEVATION_ABSOLUTE": 47.5, "HEIGHT_RELATIVE": 3.9, "ROOM_NUMBER": "11.10", "AREA_PLAN_M2": 7.3, "AREA_MODEL_M2": 7.3, "AREA_DIFF_PCT": 0.0, "SOURCE_NOTE": "inferred: LV09 less the LV11 terrace strip"}}, {"type": "Feature", "geometry": {"type": "Polygon", "coordinates": [[[-5.91913654, 54.60474643], [-5.91916283, 54.60472507], [-5.91919465, 54.60473822], [-5.91916835, 54.60475957], [-5.91913654, 54.60474643]]]}, "properties": {"UNIT_ID": "CQ3.11.11", "NAME": "Lift 2", "USE_TYPE": "Elevator", "LEVEL_ID": "CQ3.L11", "FACILITY_ID": "CQ3", "ELEVATION_RELATIVE": 44.0, "ELEVATION_ABSOLUTE": 47.5, "HEIGHT_RELATIVE": 3.9, "ROOM_NUMBER": "11.11", "AREA_PLAN_M2": 7.3, "AREA_MODEL_M2": 7.4, "AREA_DIFF_PCT": 1.4, "SOURCE_NOTE": "inferred: LV09 less the LV11 terrace strip"}}, {"type": "Feature", "geometry": {"type": "Polygon", "coordinates": [[[-5.91916464, 54.60472361], [-5.91917167, 54.6047179], [-5.91916806, 54.60471618], [-5.91917975, 54.6047067], [-5.91918372, 54.60470812], [-5.91919075, 54.6047024], [-5.91922257, 54.60471555], [-5.91919645, 54.60473676], [-5.91916464, 54.60472361]]]}, "properties": {"UNIT_ID": "CQ3.11.12", "NAME": "Lift 3 (FF)", "USE_TYPE": "Elevator", "LEVEL_ID": "CQ3.L11", "FACILITY_ID": "CQ3", "ELEVATION_RELATIVE": 44.0, "ELEVATION_ABSOLUTE": 47.5, "HEIGHT_RELATIVE": 3.9, "ROOM_NUMBER": "11.12", "AREA_PLAN_M2": 7.3, "AREA_MODEL_M2": 7.7, "AREA_DIFF_PCT": 5.5, "SOURCE_NOTE": "inferred: LV09 less the LV11 terrace strip"}}, {"type": "Feature", "geometry": {"type": "Polygon", "coordinates": [[[-5.91906002, 54.60471482], [-5.91908632, 54.60469346], [-5.91911814, 54.60470661], [-5.91909184, 54.60472796], [-5.91906002, 54.60471482]]]}, "properties": {"UNIT_ID": "CQ3.11.15", "NAME": "Lift 5", "USE_TYPE": "Elevator", "LEVEL_ID": "CQ3.L11", "FACILITY_ID": "CQ3", "ELEVATION_RELATIVE": 44.0, "ELEVATION_ABSOLUTE": 47.5, "HEIGHT_RELATIVE": 3.9, "ROOM_NUMBER": "11.15", "AREA_PLAN_M2": 7.3, "AREA_MODEL_M2": 7.4, "AREA_DIFF_PCT": 1.4, "SOURCE_NOTE": "inferred: LV09 less the LV11 terrace strip"}}, {"type": "Feature", "geometry": {"type": "Polygon", "coordinates": [[[-5.91908812, 54.604692], [-5.91911424, 54.60467079], [-5.91914606, 54.60468393], [-5.91913902, 54.60468965], [-5.91914237, 54.60469126], [-5.91913069, 54.60470074], [-5.91912698, 54.60469943], [-5.91911994, 54.60470514], [-5.91908812, 54.604692]]]}, "properties": {"UNIT_ID": "CQ3.11.16", "NAME": "Lift 6 (FF)", "USE_TYPE": "Elevator", "LEVEL_ID": "CQ3.L11", "FACILITY_ID": "CQ3", "ELEVATION_RELATIVE": 44.0, "ELEVATION_ABSOLUTE": 47.5, "HEIGHT_RELATIVE": 3.9, "ROOM_NUMBER": "11.16", "AREA_PLAN_M2": 7.3, "AREA_MODEL_M2": 7.7, "AREA_DIFF_PCT": 5.5, "SOURCE_NOTE": "inferred: LV09 less the LV11 terrace strip"}}, {"type": "Feature", "geometry": {"type": "Polygon", "coordinates": [[[-5.91925767, 54.60475542], [-5.91925741, 54.60475532], [-5.91924716, 54.60476364], [-5.91924691, 54.60476356], [-5.91924713, 54.60476367], [-5.91919635, 54.6048049], [-5.91914837, 54.60478508], [-5.91919791, 54.60474486], [-5.91922022, 54.60475408], [-5.91922047, 54.604754], [-5.91922017, 54.60475295], [-5.91919502, 54.60474256], [-5.91920583, 54.60473379], [-5.91923097, 54.60474418], [-5.91923227, 54.60474405], [-5.91925983, 54.60475521], [-5.91924837, 54.60476452], [-5.91924768, 54.60476446], [-5.91919628, 54.6048062], [-5.91919578, 54.60480599], [-5.91925767, 54.60475542]], [[-5.91923699, 54.60477005], [-5.91923135, 54.60476751], [-5.91918985, 54.6048009], [-5.91919549, 54.60480344], [-5.91923699, 54.60477005]]]}, "properties": {"UNIT_ID": "CQ3.11.07", "NAME": "Female WC", "USE_TYPE": "Restroom - Female", "LEVEL_ID": "CQ3.L11", "FACILITY_ID": "CQ3", "ELEVATION_RELATIVE": 44.0, "ELEVATION_ABSOLUTE": 47.5, "HEIGHT_RELATIVE": 3.9, "ROOM_NUMBER": "11.07", "AREA_PLAN_M2": 23.4, "AREA_MODEL_M2": 24.5, "AREA_DIFF_PCT": 4.7, "SOURCE_NOTE": "inferred: LV09 less the LV11 terrace strip"}}, {"type": "Feature", "geometry": {"type": "Polygon", "coordinates": [[[-5.9190321, 54.60473749], [-5.91905822, 54.60471628], [-5.91909004, 54.60472942], [-5.91906392, 54.60475063], [-5.9190321, 54.60473749]]]}, "properties": {"UNIT_ID": "CQ3.11.14", "NAME": "Lift 4", "USE_TYPE": "Elevator", "LEVEL_ID": "CQ3.L11", "FACILITY_ID": "CQ3", "ELEVATION_RELATIVE": 44.0, "ELEVATION_ABSOLUTE": 47.5, "HEIGHT_RELATIVE": 3.9, "ROOM_NUMBER": "11.14", "AREA_PLAN_M2": 7.3, "AREA_MODEL_M2": 7.3, "AREA_DIFF_PCT": 0.0, "SOURCE_NOTE": "inferred: LV09 less the LV11 terrace strip"}}, {"type": "Feature", "geometry": {"type": "Polygon", "coordinates": [[[-5.91929732, 54.60496887], [-5.91929137, 54.60497371], [-5.91924845, 54.60495597], [-5.9192544, 54.60495114], [-5.91924976, 54.60494902], [-5.91924339, 54.60495388], [-5.91917294, 54.60492477], [-5.91917889, 54.60491994], [-5.919174, 54.60491772], [-5.91916763, 54.60492258], [-5.91909718, 54.60489347], [-5.91910314, 54.60488864], [-5.91909824, 54.60488642], [-5.91909187, 54.60489128], [-5.91902117, 54.60486207], [-5.91902713, 54.60485724], [-5.91902248, 54.60485512], [-5.91901612, 54.60485998], [-5.91894567, 54.60483088], [-5.91895162, 54.60482604], [-5.91894673, 54.60482382], [-5.91894036, 54.60482868], [-5.91886991, 54.60479958], [-5.91887586, 54.60479474], [-5.91887097, 54.60479252], [-5.9188646, 54.60479738], [-5.9187939, 54.60476817], [-5.91879985, 54.60476334], [-5.91879521, 54.60476122], [-5.91878884, 54.60476608], [-5.9187184, 54.60473698], [-5.91872435, 54.60473215], [-5.91871945, 54.60472992], [-5.91871309, 54.60473479], [-5.91867042, 54.60471716], [-5.91867637, 54.60471233], [-5.91866821, 54.60470874], [-5.91876601, 54.60462932], [-5.91877411, 54.60463266], [-5.91877794, 54.60462983], [-5.9187698, 54.60462624], [-5.91877916, 54.60461864], [-5.91882657, 54.60463801], [-5.91888475, 54.60459076], [-5.91883771, 54.6045711], [-5.91884707, 54.6045635], [-5.91885516, 54.60456684], [-5.91885918, 54.60456386], [-5.91885104, 54.60456028], [-5.91894884, 54.60448086], [-5.91895735, 54.60448416], [-5.91896312, 54.60447947], [-5.91900579, 54.6044971], [-5.9190001, 54.60450203], [-5.91900533, 54.60450398], [-5.9190111, 54.6044993], [-5.91908155, 54.60452841], [-5.91907578, 54.60453309], [-5.91908042, 54.60453521], [-5.91908661, 54.6045305], [-5.91911285, 54.60454133], [-5.91911094, 54.60454319], [-5.91915514, 54.60456146], [-5.91915161, 54.60456463], [-5.91915642, 54.60456662], [-5.91916262, 54.6045619], [-5.91923307, 54.604591], [-5.9192273, 54.60459569], [-5.91923219, 54.60459791], [-5.91923838, 54.6045932], [-5.91930882, 54.6046223], [-5.91930305, 54.60462699], [-5.91930769, 54.60462911], [-5.91931388, 54.60462439], [-5.91938458, 54.6046536], [-5.91937881, 54.60465829], [-5.9193837, 54.60466051], [-5.91938989, 54.6046558], [-5.91946034, 54.6046849], [-5.91945457, 54.60468959], [-5.91945946, 54.60469181], [-5.91946565, 54.6046871], [-5.9195361, 54.6047162], [-5.91953032, 54.60472089], [-5.91953497, 54.60472301], [-5.91954115, 54.60471829], [-5.91955832, 54.60472538], [-5.91945313, 54.6048108], [-5.91947904, 54.60482151], [-5.91947655, 54.60482335], [-5.91948469, 54.60482694], [-5.91947533, 54.60483454], [-5.91942768, 54.60481507], [-5.91936949, 54.60486232], [-5.91941679, 54.60488208], [-5.91940742, 54.60488968], [-5.91939933, 54.60488634], [-5.91939549, 54.60488917], [-5.91940363, 54.60489276], [-5.91930584, 54.60497217], [-5.91929732, 54.60496887]], [[-5.9189071, 54.60458345], [-5.91890188, 54.6045815], [-5.91889833, 54.60458467], [-5.91890354, 54.60458662], [-5.9189071, 54.60458345]], [[-5.91882586, 54.60464942], [-5.91882065, 54.60464747], [-5.91881727, 54.60465049], [-5.91882249, 54.60465244], [-5.91882586, 54.60464942]], [[-5.91930362, 54.60484155], [-5.91930409, 54.60483932], [-5.91931227, 54.60483267], [-5.9193171, 54.60483092], [-5.91932153, 54.60482732], [-5.91932283, 54.6048241], [-5.91933102, 54.60481745], [-5.91933452, 54.60481647], [-5.91934065, 54.60481179], [-5.91934162, 54.60481071], [-5.91934209, 54.60480846], [-5.91935011, 54.60480195], [-5.91935361, 54.60480096], [-5.91935939, 54.60479658], [-5.91936036, 54.60479549], [-5.91936082, 54.60479325], [-5.91936884, 54.60478673], [-5.91937174, 54.60478594], [-5.91937316, 54.60478504], [-5.91936202, 54.60478022], [-5.91937023, 54.60477324], [-5.91930582, 54.60474663], [-5.9192989, 54.60475194], [-5.91928741, 54.60474719], [-5.91928756, 54.60474447], [-5.9192899, 54.60474138], [-5.9192813, 54.60473783], [-5.91928213, 54.60473684], [-5.91918991, 54.60469874], [-5.91918084, 54.60470581], [-5.91916917, 54.60470099], [-5.91916846, 54.60470022], [-5.9191671, 54.60469629], [-5.91916795, 54.60469371], [-5.9191687, 54.60469284], [-5.91916823, 54.60469315], [-5.91916454, 54.60469456], [-5.91915664, 54.60469533], [-5.91915514, 54.60469519], [-5.91914347, 54.60469037], [-5.91915205, 54.6046831], [-5.91906011, 54.60464511], [-5.91905708, 54.60464727], [-5.9190558, 54.6046474], [-5.91905317, 54.60464953], [-5.91904165, 54.60464477], [-5.91904215, 54.6046424], [-5.91904419, 54.60463986], [-5.9190356, 54.60463631], [-5.91903642, 54.60463533], [-5.91897173, 54.6046086], [-5.91896464, 54.60461405], [-5.9189531, 54.60460951], [-5.91895133, 54.60461094], [-5.91895033, 54.60461362], [-5.91894215, 54.60462026], [-5.91893793, 54.60462182], [-5.9189326, 54.60462616], [-5.91893141, 54.60462898], [-5.91892342, 54.60463547], [-5.9189192, 54.60463704], [-5.9189135, 54.60464166], [-5.91891232, 54.60464448], [-5.91890414, 54.60465112], [-5.9189001, 54.60465254], [-5.91889459, 54.60465702], [-5.91889359, 54.60465969], [-5.91888541, 54.60466633], [-5.91888137, 54.60466775], [-5.91887942, 54.60466934], [-5.9188906, 54.60467417], [-5.91888419, 54.60467969], [-5.91894813, 54.6047061], [-5.91894929, 54.60470548], [-5.91895863, 54.60470934], [-5.91896372, 54.60470672], [-5.9189675, 54.60470594], [-5.91897899, 54.60471069], [-5.91897345, 54.60471519], [-5.918973, 54.60471638], [-5.91906451, 54.60475418], [-5.91907358, 54.60474712], [-5.919085, 54.60475184], [-5.91908636, 54.60475332], [-5.91908729, 54.60475731], [-5.91908512, 54.60476059], [-5.9190878, 54.6047591], [-5.91909095, 54.60475813], [-5.91909736, 54.60475764], [-5.91909953, 54.60475784], [-5.91911095, 54.60476256], [-5.91910237, 54.60476983], [-5.91919384, 54.60480762], [-5.91919499, 54.60480699], [-5.91920434, 54.60481085], [-5.91920943, 54.60480823], [-5.91921321, 54.60480745], [-5.9192247, 54.6048122], [-5.91921915, 54.60481671], [-5.91921871, 54.60481789], [-5.91928269, 54.60484433], [-5.9192914, 54.60483756], [-5.91930294, 54.60484211], [-5.91930362, 54.60484155]], [[-5.91943721, 54.60480267], [-5.91943258, 54.60480056], [-5.91942856, 54.60480353], [-5.9194332, 54.60480565], [-5.91943721, 54.60480267]], [[-5.91935591, 54.60486841], [-5.91935095, 54.60486656], [-5.91934758, 54.60486958], [-5.91935254, 54.60487143], [-5.91935591, 54.60486841]]]}, "properties": {"UNIT_ID": "CQ3.11.26", "NAME": "Office", "USE_TYPE": "Office", "LEVEL_ID": "CQ3.L11", "FACILITY_ID": "CQ3", "ELEVATION_RELATIVE": 44.0, "ELEVATION_ABSOLUTE": 47.5, "HEIGHT_RELATIVE": 3.9, "ROOM_NUMBER": "11.26", "AREA_PLAN_M2": null, "AREA_MODEL_M2": 1241.3, "AREA_DIFF_PCT": null, "SOURCE_NOTE": "inferred: LV09 less the LV11 terrace strip"}}, {"type": "Feature", "geometry": {"type": "Polygon", "coordinates": [[[-5.91959045, 54.60473534], [-5.91958475, 54.60474028], [-5.91959296, 54.60474366], [-5.9194929, 54.60482491], [-5.9194875, 54.60482253], [-5.91949013, 54.60482057], [-5.91946394, 54.60480975], [-5.91956733, 54.6047258], [-5.91959045, 54.60473534]]]}, "properties": {"UNIT_ID": "CQ3.11.T331", "NAME": "Level 11 Terrace", "USE_TYPE": "Terrace", "LEVEL_ID": "CQ3.L11", "FACILITY_ID": "CQ3", "ELEVATION_RELATIVE": 44.0, "ELEVATION_ABSOLUTE": 47.5, "HEIGHT_RELATIVE": 0, "ROOM_NUMBER": null, "AREA_PLAN_M2": null, "AREA_MODEL_M2": 28.4, "AREA_DIFF_PCT": null, "SOURCE_NOTE": "derived: floorplate below minus this floorplate"}}, {"type": "Feature", "geometry": {"type": "Polygon", "coordinates": [[[-5.91906778, 54.60475245], [-5.91914974, 54.6046859], [-5.91918686, 54.60470123], [-5.9191049, 54.60476778], [-5.91906778, 54.60475245]]]}, "properties": {"UNIT_ID": "CQ3.12.13", "NAME": "Lift Lobby", "USE_TYPE": "Lift Lobby", "LEVEL_ID": "CQ3.L12", "FACILITY_ID": "CQ3", "ELEVATION_RELATIVE": 47.9, "ELEVATION_ABSOLUTE": 51.4, "HEIGHT_RELATIVE": 3.9, "ROOM_NUMBER": "12.13", "AREA_PLAN_M2": 27.0, "AREA_MODEL_M2": 26.8, "AREA_DIFF_PCT": -0.7, "SOURCE_NOTE": "inferred: LV09 less the LV11 terrace strip"}}, {"type": "Feature", "geometry": {"type": "Polygon", "coordinates": [[[-5.91902514, 54.60473417], [-5.91907165, 54.6046961], [-5.91907164, 54.6046961], [-5.91902489, 54.60473406], [-5.91897691, 54.60471424], [-5.91901631, 54.60468224], [-5.91901658, 54.6046823], [-5.91901639, 54.60468218], [-5.91902662, 54.60467387], [-5.91907821, 54.60469541], [-5.91902867, 54.60473563], [-5.91902514, 54.60473417]], [[-5.91901313, 54.60469411], [-5.91900749, 54.60469157], [-5.9189795, 54.604714], [-5.91898514, 54.60471653], [-5.91901313, 54.60469411]]]}, "properties": {"UNIT_ID": "CQ3.12.17", "NAME": "Male WC", "USE_TYPE": "Restroom - Male", "LEVEL_ID": "CQ3.L12", "FACILITY_ID": "CQ3", "ELEVATION_RELATIVE": 47.9, "ELEVATION_ABSOLUTE": 51.4, "HEIGHT_RELATIVE": 3.9, "ROOM_NUMBER": "12.17", "AREA_PLAN_M2": 20.3, "AREA_MODEL_M2": 21.1, "AREA_DIFF_PCT": 3.9, "SOURCE_NOTE": "inferred: LV09 less the LV11 terrace strip"}}, {"type": "Feature", "geometry": {"type": "Polygon", "coordinates": [[[-5.91901575, 54.60465238], [-5.91900381, 54.60464723], [-5.91900878, 54.60464288], [-5.91901031, 54.60464199], [-5.91901318, 54.60464294], [-5.91901838, 54.60464358], [-5.91902329, 54.60464323], [-5.91902878, 54.60464181], [-5.91903278, 54.60463914], [-5.91901917, 54.6046344], [-5.9190213, 54.60463306], [-5.91903367, 54.60463816], [-5.91903587, 54.60463668], [-5.91903814, 54.60463732], [-5.9190334, 54.60464055], [-5.91903362, 54.60464072], [-5.91903888, 54.60463767], [-5.9190444, 54.60463995], [-5.91904299, 54.60464109], [-5.91904176, 54.6046436], [-5.9190424, 54.60464733], [-5.91904576, 54.60465066], [-5.91904847, 54.60465178], [-5.91905581, 54.60464489], [-5.91905783, 54.60464572], [-5.9190561, 54.60464743], [-5.91910915, 54.60466935], [-5.91908916, 54.60468558], [-5.91908872, 54.60468541], [-5.91909262, 54.60468186], [-5.9190926, 54.60468184], [-5.91908886, 54.60468458], [-5.9190419, 54.60466518], [-5.91905001, 54.6046586], [-5.9190495, 54.60465839], [-5.91904138, 54.60466498], [-5.91903785, 54.60466329], [-5.91903701, 54.60466327], [-5.91897361, 54.60471506], [-5.91897058, 54.60471408], [-5.91897959, 54.60470802], [-5.9189779, 54.60470693], [-5.91897486, 54.6047061], [-5.91897152, 54.6047058], [-5.91896702, 54.60470611], [-5.91896354, 54.60470682], [-5.91895897, 54.60470926], [-5.9189535, 54.604707], [-5.91895659, 54.60470327], [-5.91895623, 54.60470321], [-5.9189527, 54.6047067], [-5.91895038, 54.60470546], [-5.91901575, 54.60465238]]]}, "properties": {"UNIT_ID": "CQ3.12.21", "NAME": "FF Core", "USE_TYPE": "Firefighting Lobby", "LEVEL_ID": "CQ3.L12", "FACILITY_ID": "CQ3", "ELEVATION_RELATIVE": 47.9, "ELEVATION_ABSOLUTE": 51.4, "HEIGHT_RELATIVE": 3.9, "ROOM_NUMBER": "12.21", "AREA_PLAN_M2": 28.3, "AREA_MODEL_M2": 25.8, "AREA_DIFF_PCT": -8.8, "SOURCE_NOTE": "inferred: LV09 less the LV11 terrace strip"}}, {"type": "Feature", "geometry": {"type": "Polygon", "coordinates": [[[-5.91905553, 54.60467586], [-5.91905558, 54.60467604], [-5.91905143, 54.6046794], [-5.91905075, 54.60467934], [-5.91904798, 54.60468159], [-5.91902601, 54.60467251], [-5.91903735, 54.6046633], [-5.91906463, 54.60467457], [-5.91906067, 54.60467778], [-5.91905553, 54.60467586]]]}, "properties": {"UNIT_ID": "CQ3.12.20", "NAME": "Clnr Str", "USE_TYPE": "Janitor", "LEVEL_ID": "CQ3.L12", "FACILITY_ID": "CQ3", "ELEVATION_RELATIVE": 47.9, "ELEVATION_ABSOLUTE": 51.4, "HEIGHT_RELATIVE": 3.9, "ROOM_NUMBER": "12.20", "AREA_PLAN_M2": 2.3, "AREA_MODEL_M2": 2.4, "AREA_DIFF_PCT": 4.3, "SOURCE_NOTE": "inferred: LV09 less the LV11 terrace strip"}}, {"type": "Feature", "geometry": {"type": "Polygon", "coordinates": [[[-5.9189097, 54.60468714], [-5.91897058, 54.6046377], [-5.91900821, 54.60465324], [-5.91894733, 54.60470268], [-5.9189097, 54.60468714]]]}, "properties": {"UNIT_ID": "CQ3.12.22", "NAME": "Stair 2", "USE_TYPE": "Stairs", "LEVEL_ID": "CQ3.L12", "FACILITY_ID": "CQ3", "ELEVATION_RELATIVE": 47.9, "ELEVATION_ABSOLUTE": 51.4, "HEIGHT_RELATIVE": 3.9, "ROOM_NUMBER": "12.22", "AREA_PLAN_M2": 19.4, "AREA_MODEL_M2": 20.1, "AREA_DIFF_PCT": 3.6, "SOURCE_NOTE": "inferred: LV09 less the LV11 terrace strip"}}, {"type": "Feature", "geometry": {"type": "Polygon", "coordinates": [[[-5.91901592, 54.6046434], [-5.91901031, 54.60464194], [-5.91900624, 54.60464493], [-5.9189762, 54.60463252], [-5.91899097, 54.60462052], [-5.91903036, 54.6046368], [-5.91902216, 54.60464346], [-5.91901592, 54.6046434]]]}, "properties": {"UNIT_ID": "CQ3.12.23", "NAME": "Dis WC", "USE_TYPE": "Restroom - Accessible", "LEVEL_ID": "CQ3.L12", "FACILITY_ID": "CQ3", "ELEVATION_RELATIVE": 47.9, "ELEVATION_ABSOLUTE": 51.4, "HEIGHT_RELATIVE": 3.9, "ROOM_NUMBER": "12.23", "AREA_PLAN_M2": 4.3, "AREA_MODEL_M2": 4.7, "AREA_DIFF_PCT": 9.3, "SOURCE_NOTE": "inferred: LV09 less the LV11 terrace strip"}}, {"type": "Feature", "geometry": {"type": "Polygon", "coordinates": [[[-5.9189324, 54.60464488], [-5.91897257, 54.60461226], [-5.91898772, 54.60461852], [-5.91894756, 54.60465114], [-5.9189324, 54.60464488]]]}, "properties": {"UNIT_ID": "CQ3.12.25", "NAME": "Service", "USE_TYPE": "Mechanical", "LEVEL_ID": "CQ3.L12", "FACILITY_ID": "CQ3", "ELEVATION_RELATIVE": 47.9, "ELEVATION_ABSOLUTE": 51.4, "HEIGHT_RELATIVE": 3.9, "ROOM_NUMBER": "12.25", "AREA_PLAN_M2": 5.4, "AREA_MODEL_M2": 5.4, "AREA_DIFF_PCT": 0.0, "SOURCE_NOTE": "inferred: LV09 less the LV11 terrace strip"}}, {"type": "Feature", "geometry": {"type": "Polygon", "coordinates": [[[-5.91889044, 54.60467896], [-5.9189306, 54.60464634], [-5.91894575, 54.6046526], [-5.91890559, 54.60468522], [-5.91889044, 54.60467896]]]}, "properties": {"UNIT_ID": "CQ3.12.24", "NAME": "Service", "USE_TYPE": "Mechanical", "LEVEL_ID": "CQ3.L12", "FACILITY_ID": "CQ3", "ELEVATION_RELATIVE": 47.9, "ELEVATION_ABSOLUTE": 51.4, "HEIGHT_RELATIVE": 3.9, "ROOM_NUMBER": "12.24", "AREA_PLAN_M2": 5.4, "AREA_MODEL_M2": 5.4, "AREA_DIFF_PCT": 0.0, "SOURCE_NOTE": "inferred: LV09 less the LV11 terrace strip"}}, {"type": "Feature", "geometry": {"type": "Polygon", "coordinates": [[[-5.9192667, 54.60483441], [-5.91930686, 54.60480179], [-5.91932202, 54.60480805], [-5.91928185, 54.60484067], [-5.9192667, 54.60483441]]]}, "properties": {"UNIT_ID": "CQ3.12.01", "NAME": "Service", "USE_TYPE": "Mechanical", "LEVEL_ID": "CQ3.L12", "FACILITY_ID": "CQ3", "ELEVATION_RELATIVE": 47.9, "ELEVATION_ABSOLUTE": 51.4, "HEIGHT_RELATIVE": 3.9, "ROOM_NUMBER": "12.01", "AREA_PLAN_M2": 5.4, "AREA_MODEL_M2": 5.4, "AREA_DIFF_PCT": 0.0, "SOURCE_NOTE": "inferred: LV09 less the LV11 terrace strip"}}, {"type": "Feature", "geometry": {"type": "Polygon", "coordinates": [[[-5.91930867, 54.60480033], [-5.91934883, 54.60476771], [-5.91936399, 54.60477397], [-5.91932382, 54.60480659], [-5.91930867, 54.60480033]]]}, "properties": {"UNIT_ID": "CQ3.12.02", "NAME": "Service", "USE_TYPE": "Mechanical", "LEVEL_ID": "CQ3.L12", "FACILITY_ID": "CQ3", "ELEVATION_RELATIVE": 47.9, "ELEVATION_ABSOLUTE": 51.4, "HEIGHT_RELATIVE": 3.9, "ROOM_NUMBER": "12.02", "AREA_PLAN_M2": 5.4, "AREA_MODEL_M2": 5.4, "AREA_DIFF_PCT": 0.0, "SOURCE_NOTE": "inferred: LV09 less the LV11 terrace strip"}}, {"type": "Feature", "geometry": {"type": "Polygon", "coordinates": [[[-5.91920454, 54.60474628], [-5.91921499, 54.60473779], [-5.91921726, 54.60473873], [-5.91921019, 54.60474448], [-5.91921039, 54.60474464], [-5.91921777, 54.60473894], [-5.91923065, 54.60474426], [-5.9192202, 54.60475274], [-5.91920454, 54.60474628]]]}, "properties": {"UNIT_ID": "CQ3.12.08", "NAME": "Smk Vnt", "USE_TYPE": "Mechanical", "LEVEL_ID": "CQ3.L12", "FACILITY_ID": "CQ3", "ELEVATION_RELATIVE": 47.9, "ELEVATION_ABSOLUTE": 51.4, "HEIGHT_RELATIVE": 3.9, "ROOM_NUMBER": "12.08", "AREA_PLAN_M2": 1.5, "AREA_MODEL_M2": 1.4, "AREA_DIFF_PCT": -6.7, "SOURCE_NOTE": "inferred: LV09 less the LV11 terrace strip"}}, {"type": "Feature", "geometry": {"type": "Polygon", "coordinates": [[[-5.91919495, 54.60474231], [-5.91920539, 54.60473383], [-5.91921322, 54.60473706], [-5.91920277, 54.60474555], [-5.91919495, 54.60474231]]]}, "properties": {"UNIT_ID": "CQ3.12.09", "NAME": "WR", "USE_TYPE": "Mechanical", "LEVEL_ID": "CQ3.L12", "FACILITY_ID": "CQ3", "ELEVATION_RELATIVE": 47.9, "ELEVATION_ABSOLUTE": 51.4, "HEIGHT_RELATIVE": 3.9, "ROOM_NUMBER": "12.09", "AREA_PLAN_M2": 0.7, "AREA_MODEL_M2": 0.7, "AREA_DIFF_PCT": 0.0, "SOURCE_NOTE": "inferred: LV09 less the LV11 terrace strip"}}, {"type": "Feature", "geometry": {"type": "Polygon", "coordinates": [[[-5.91922536, 54.60481755], [-5.91928624, 54.60476811], [-5.91932386, 54.60478366], [-5.91926298, 54.6048331], [-5.91922536, 54.60481755]]]}, "properties": {"UNIT_ID": "CQ3.12.03", "NAME": "Stair 1", "USE_TYPE": "Stairs", "LEVEL_ID": "CQ3.L12", "FACILITY_ID": "CQ3", "ELEVATION_RELATIVE": 47.9, "ELEVATION_ABSOLUTE": 51.4, "HEIGHT_RELATIVE": 3.9, "ROOM_NUMBER": "12.03", "AREA_PLAN_M2": 19.4, "AREA_MODEL_M2": 20.1, "AREA_DIFF_PCT": 3.6, "SOURCE_NOTE": "inferred: LV09 less the LV11 terrace strip"}}, {"type": "Feature", "geometry": {"type": "Polygon", "coordinates": [[[-5.91921629, 54.6048156], [-5.91922529, 54.60480953], [-5.91922362, 54.60480846], [-5.9192172, 54.60480731], [-5.91921272, 54.60480762], [-5.91920925, 54.60480834], [-5.91920468, 54.60481077], [-5.9191992, 54.60480851], [-5.91920253, 54.60480488], [-5.91920219, 54.60480482], [-5.91919867, 54.60480832], [-5.91919608, 54.60480698], [-5.91925981, 54.60475554], [-5.91925942, 54.60475483], [-5.91920832, 54.60473394], [-5.91921161, 54.60473096], [-5.91921127, 54.6047309], [-5.91920677, 54.60473418], [-5.91920633, 54.60473399], [-5.91922632, 54.60471776], [-5.91927938, 54.60473968], [-5.91928159, 54.60473819], [-5.9192841, 54.60473894], [-5.91927936, 54.60474216], [-5.91927957, 54.60474233], [-5.91928458, 54.60473918], [-5.9192901, 54.60474146], [-5.91928869, 54.60474261], [-5.91928746, 54.60474511], [-5.9192881, 54.60474884], [-5.91929147, 54.60475218], [-5.91929417, 54.60475329], [-5.91930152, 54.6047464], [-5.91930354, 54.60474723], [-5.91930181, 54.60474895], [-5.91931547, 54.60475459], [-5.919298, 54.60476877], [-5.91928469, 54.60476349], [-5.91921932, 54.60481658], [-5.91921629, 54.6048156]]]}, "properties": {"UNIT_ID": "CQ3.12.06", "NAME": "FF Core", "USE_TYPE": "Firefighting Lobby", "LEVEL_ID": "CQ3.L12", "FACILITY_ID": "CQ3", "ELEVATION_RELATIVE": 47.9, "ELEVATION_ABSOLUTE": 51.4, "HEIGHT_RELATIVE": 3.9, "ROOM_NUMBER": "12.06", "AREA_PLAN_M2": 28.4, "AREA_MODEL_M2": 26.9, "AREA_DIFF_PCT": -5.3, "SOURCE_NOTE": "inferred: LV09 less the LV11 terrace strip"}}, {"type": "Feature", "geometry": {"type": "Polygon", "coordinates": [[[-5.91929915, 54.60476969], [-5.91930833, 54.60476223], [-5.91933586, 54.60477361], [-5.91932667, 54.60478107], [-5.91929915, 54.60476969]]]}, "properties": {"UNIT_ID": "CQ3.12.04", "NAME": "WC Supply", "USE_TYPE": "Mechanical", "LEVEL_ID": "CQ3.L12", "FACILITY_ID": "CQ3", "ELEVATION_RELATIVE": 47.9, "ELEVATION_ABSOLUTE": 51.4, "HEIGHT_RELATIVE": 3.9, "ROOM_NUMBER": "12.04", "AREA_PLAN_M2": 2.2, "AREA_MODEL_M2": 2.2, "AREA_DIFF_PCT": 0.0, "SOURCE_NOTE": "inferred: LV09 less the LV11 terrace strip"}}, {"type": "Feature", "geometry": {"type": "Polygon", "coordinates": [[[-5.91930833, 54.60476223], [-5.91931752, 54.60475478], [-5.91934505, 54.60476615], [-5.91933586, 54.60477361], [-5.91930833, 54.60476223]]]}, "properties": {"UNIT_ID": "CQ3.12.05", "NAME": "WC Extract", "USE_TYPE": "Mechanical", "LEVEL_ID": "CQ3.L12", "FACILITY_ID": "CQ3", "ELEVATION_RELATIVE": 47.9, "ELEVATION_ABSOLUTE": 51.4, "HEIGHT_RELATIVE": 3.9, "ROOM_NUMBER": "12.05", "AREA_PLAN_M2": 2.2, "AREA_MODEL_M2": 2.2, "AREA_DIFF_PCT": 0.0, "SOURCE_NOTE": "inferred: LV09 less the LV11 terrace strip"}}, {"type": "Feature", "geometry": {"type": "Polygon", "coordinates": [[[-5.91905404, 54.6046841], [-5.91906448, 54.60467561], [-5.91907762, 54.60468104], [-5.91907052, 54.6046868], [-5.91907053, 54.6046868], [-5.91907787, 54.60468114], [-5.91908039, 54.60468218], [-5.91906995, 54.60469067], [-5.91905404, 54.6046841]]]}, "properties": {"UNIT_ID": "CQ3.12.19", "NAME": "Smk Vnt", "USE_TYPE": "Mechanical", "LEVEL_ID": "CQ3.L12", "FACILITY_ID": "CQ3", "ELEVATION_RELATIVE": 47.9, "ELEVATION_ABSOLUTE": 51.4, "HEIGHT_RELATIVE": 3.9, "ROOM_NUMBER": "12.19", "AREA_PLAN_M2": 1.5, "AREA_MODEL_M2": 1.5, "AREA_DIFF_PCT": 0.0, "SOURCE_NOTE": "inferred: LV09 less the LV11 terrace strip"}}, {"type": "Feature", "geometry": {"type": "Polygon", "coordinates": [[[-5.91907146, 54.60469129], [-5.91908191, 54.60468281], [-5.91908974, 54.60468604], [-5.91907929, 54.60469453], [-5.91907146, 54.60469129]]]}, "properties": {"UNIT_ID": "CQ3.12.18", "NAME": "WR", "USE_TYPE": "Mechanical", "LEVEL_ID": "CQ3.L12", "FACILITY_ID": "CQ3", "ELEVATION_RELATIVE": 47.9, "ELEVATION_ABSOLUTE": 51.4, "HEIGHT_RELATIVE": 3.9, "ROOM_NUMBER": "12.18", "AREA_PLAN_M2": 0.7, "AREA_MODEL_M2": 0.7, "AREA_DIFF_PCT": 0.0, "SOURCE_NOTE": "inferred: LV09 less the LV11 terrace strip"}}, {"type": "Feature", "geometry": {"type": "Polygon", "coordinates": [[[-5.91910862, 54.6047691], [-5.91913473, 54.60474789], [-5.91916655, 54.60476104], [-5.91914043, 54.60478224], [-5.91910862, 54.6047691]]]}, "properties": {"UNIT_ID": "CQ3.12.10", "NAME": "Lift 1", "USE_TYPE": "Elevator", "LEVEL_ID": "CQ3.L12", "FACILITY_ID": "CQ3", "ELEVATION_RELATIVE": 47.9, "ELEVATION_ABSOLUTE": 51.4, "HEIGHT_RELATIVE": 3.9, "ROOM_NUMBER": "12.10", "AREA_PLAN_M2": 7.3, "AREA_MODEL_M2": 7.3, "AREA_DIFF_PCT": 0.0, "SOURCE_NOTE": "inferred: LV09 less the LV11 terrace strip"}}, {"type": "Feature", "geometry": {"type": "Polygon", "coordinates": [[[-5.91913654, 54.60474643], [-5.91916283, 54.60472507], [-5.91919465, 54.60473822], [-5.91916835, 54.60475957], [-5.91913654, 54.60474643]]]}, "properties": {"UNIT_ID": "CQ3.12.11", "NAME": "Lift 2", "USE_TYPE": "Elevator", "LEVEL_ID": "CQ3.L12", "FACILITY_ID": "CQ3", "ELEVATION_RELATIVE": 47.9, "ELEVATION_ABSOLUTE": 51.4, "HEIGHT_RELATIVE": 3.9, "ROOM_NUMBER": "12.11", "AREA_PLAN_M2": 7.3, "AREA_MODEL_M2": 7.4, "AREA_DIFF_PCT": 1.4, "SOURCE_NOTE": "inferred: LV09 less the LV11 terrace strip"}}, {"type": "Feature", "geometry": {"type": "Polygon", "coordinates": [[[-5.91916464, 54.60472361], [-5.91917167, 54.6047179], [-5.91916806, 54.60471618], [-5.91917975, 54.6047067], [-5.91918372, 54.60470812], [-5.91919075, 54.6047024], [-5.91922257, 54.60471555], [-5.91919645, 54.60473676], [-5.91916464, 54.60472361]]]}, "properties": {"UNIT_ID": "CQ3.12.12", "NAME": "Lift 3 (FF)", "USE_TYPE": "Elevator", "LEVEL_ID": "CQ3.L12", "FACILITY_ID": "CQ3", "ELEVATION_RELATIVE": 47.9, "ELEVATION_ABSOLUTE": 51.4, "HEIGHT_RELATIVE": 3.9, "ROOM_NUMBER": "12.12", "AREA_PLAN_M2": 7.3, "AREA_MODEL_M2": 7.7, "AREA_DIFF_PCT": 5.5, "SOURCE_NOTE": "inferred: LV09 less the LV11 terrace strip"}}, {"type": "Feature", "geometry": {"type": "Polygon", "coordinates": [[[-5.91906002, 54.60471482], [-5.91908632, 54.60469346], [-5.91911814, 54.60470661], [-5.91909184, 54.60472796], [-5.91906002, 54.60471482]]]}, "properties": {"UNIT_ID": "CQ3.12.15", "NAME": "Lift 5", "USE_TYPE": "Elevator", "LEVEL_ID": "CQ3.L12", "FACILITY_ID": "CQ3", "ELEVATION_RELATIVE": 47.9, "ELEVATION_ABSOLUTE": 51.4, "HEIGHT_RELATIVE": 3.9, "ROOM_NUMBER": "12.15", "AREA_PLAN_M2": 7.3, "AREA_MODEL_M2": 7.4, "AREA_DIFF_PCT": 1.4, "SOURCE_NOTE": "inferred: LV09 less the LV11 terrace strip"}}, {"type": "Feature", "geometry": {"type": "Polygon", "coordinates": [[[-5.91908812, 54.604692], [-5.91911424, 54.60467079], [-5.91914606, 54.60468393], [-5.91913902, 54.60468965], [-5.91914237, 54.60469126], [-5.91913069, 54.60470074], [-5.91912698, 54.60469943], [-5.91911994, 54.60470514], [-5.91908812, 54.604692]]]}, "properties": {"UNIT_ID": "CQ3.12.16", "NAME": "Lift 6 (FF)", "USE_TYPE": "Elevator", "LEVEL_ID": "CQ3.L12", "FACILITY_ID": "CQ3", "ELEVATION_RELATIVE": 47.9, "ELEVATION_ABSOLUTE": 51.4, "HEIGHT_RELATIVE": 3.9, "ROOM_NUMBER": "12.16", "AREA_PLAN_M2": 7.3, "AREA_MODEL_M2": 7.7, "AREA_DIFF_PCT": 5.5, "SOURCE_NOTE": "inferred: LV09 less the LV11 terrace strip"}}, {"type": "Feature", "geometry": {"type": "Polygon", "coordinates": [[[-5.91925767, 54.60475542], [-5.91925741, 54.60475532], [-5.91924716, 54.60476364], [-5.91924691, 54.60476356], [-5.91924713, 54.60476367], [-5.91919635, 54.6048049], [-5.91914837, 54.60478508], [-5.91919791, 54.60474486], [-5.91922022, 54.60475408], [-5.91922047, 54.604754], [-5.91922017, 54.60475295], [-5.91919502, 54.60474256], [-5.91920583, 54.60473379], [-5.91923097, 54.60474418], [-5.91923227, 54.60474405], [-5.91925983, 54.60475521], [-5.91924837, 54.60476452], [-5.91924768, 54.60476446], [-5.91919628, 54.6048062], [-5.91919578, 54.60480599], [-5.91925767, 54.60475542]], [[-5.91923699, 54.60477005], [-5.91923135, 54.60476751], [-5.91918985, 54.6048009], [-5.91919549, 54.60480344], [-5.91923699, 54.60477005]]]}, "properties": {"UNIT_ID": "CQ3.12.07", "NAME": "Female WC", "USE_TYPE": "Restroom - Female", "LEVEL_ID": "CQ3.L12", "FACILITY_ID": "CQ3", "ELEVATION_RELATIVE": 47.9, "ELEVATION_ABSOLUTE": 51.4, "HEIGHT_RELATIVE": 3.9, "ROOM_NUMBER": "12.07", "AREA_PLAN_M2": 23.4, "AREA_MODEL_M2": 24.5, "AREA_DIFF_PCT": 4.7, "SOURCE_NOTE": "inferred: LV09 less the LV11 terrace strip"}}, {"type": "Feature", "geometry": {"type": "Polygon", "coordinates": [[[-5.9190321, 54.60473749], [-5.91905822, 54.60471628], [-5.91909004, 54.60472942], [-5.91906392, 54.60475063], [-5.9190321, 54.60473749]]]}, "properties": {"UNIT_ID": "CQ3.12.14", "NAME": "Lift 4", "USE_TYPE": "Elevator", "LEVEL_ID": "CQ3.L12", "FACILITY_ID": "CQ3", "ELEVATION_RELATIVE": 47.9, "ELEVATION_ABSOLUTE": 51.4, "HEIGHT_RELATIVE": 3.9, "ROOM_NUMBER": "12.14", "AREA_PLAN_M2": 7.3, "AREA_MODEL_M2": 7.3, "AREA_DIFF_PCT": 0.0, "SOURCE_NOTE": "inferred: LV09 less the LV11 terrace strip"}}, {"type": "Feature", "geometry": {"type": "Polygon", "coordinates": [[[-5.91929732, 54.60496887], [-5.91929137, 54.60497371], [-5.91924845, 54.60495597], [-5.9192544, 54.60495114], [-5.91924976, 54.60494902], [-5.91924339, 54.60495388], [-5.91917294, 54.60492477], [-5.91917889, 54.60491994], [-5.919174, 54.60491772], [-5.91916763, 54.60492258], [-5.91909718, 54.60489347], [-5.91910314, 54.60488864], [-5.91909824, 54.60488642], [-5.91909187, 54.60489128], [-5.91902117, 54.60486207], [-5.91902713, 54.60485724], [-5.91902248, 54.60485512], [-5.91901612, 54.60485998], [-5.91894567, 54.60483088], [-5.91895162, 54.60482604], [-5.91894673, 54.60482382], [-5.91894036, 54.60482868], [-5.91886991, 54.60479958], [-5.91887586, 54.60479474], [-5.91887097, 54.60479252], [-5.9188646, 54.60479738], [-5.9187939, 54.60476817], [-5.91879985, 54.60476334], [-5.91879521, 54.60476122], [-5.91878884, 54.60476608], [-5.9187184, 54.60473698], [-5.91872435, 54.60473215], [-5.91871945, 54.60472992], [-5.91871309, 54.60473479], [-5.91867042, 54.60471716], [-5.91867637, 54.60471233], [-5.91866821, 54.60470874], [-5.91876601, 54.60462932], [-5.91877411, 54.60463266], [-5.91877794, 54.60462983], [-5.9187698, 54.60462624], [-5.91877916, 54.60461864], [-5.91882657, 54.60463801], [-5.91888475, 54.60459076], [-5.91883771, 54.6045711], [-5.91884707, 54.6045635], [-5.91885516, 54.60456684], [-5.91885918, 54.60456386], [-5.91885104, 54.60456028], [-5.91894884, 54.60448086], [-5.91895735, 54.60448416], [-5.91896312, 54.60447947], [-5.91900579, 54.6044971], [-5.9190001, 54.60450203], [-5.91900533, 54.60450398], [-5.9190111, 54.6044993], [-5.91908155, 54.60452841], [-5.91907578, 54.60453309], [-5.91908042, 54.60453521], [-5.91908661, 54.6045305], [-5.91911285, 54.60454133], [-5.91911094, 54.60454319], [-5.91915514, 54.60456146], [-5.91915161, 54.60456463], [-5.91915642, 54.60456662], [-5.91916262, 54.6045619], [-5.91923307, 54.604591], [-5.9192273, 54.60459569], [-5.91923219, 54.60459791], [-5.91923838, 54.6045932], [-5.91930882, 54.6046223], [-5.91930305, 54.60462699], [-5.91930769, 54.60462911], [-5.91931388, 54.60462439], [-5.91938458, 54.6046536], [-5.91937881, 54.60465829], [-5.9193837, 54.60466051], [-5.91938989, 54.6046558], [-5.91946034, 54.6046849], [-5.91945457, 54.60468959], [-5.91945946, 54.60469181], [-5.91946565, 54.6046871], [-5.9195361, 54.6047162], [-5.91953032, 54.60472089], [-5.91953497, 54.60472301], [-5.91954115, 54.60471829], [-5.91955832, 54.60472538], [-5.91945313, 54.6048108], [-5.91947904, 54.60482151], [-5.91947655, 54.60482335], [-5.91948469, 54.60482694], [-5.91947533, 54.60483454], [-5.91942768, 54.60481507], [-5.91936949, 54.60486232], [-5.91941679, 54.60488208], [-5.91940742, 54.60488968], [-5.91939933, 54.60488634], [-5.91939549, 54.60488917], [-5.91940363, 54.60489276], [-5.91930584, 54.60497217], [-5.91929732, 54.60496887]], [[-5.9189071, 54.60458345], [-5.91890188, 54.6045815], [-5.91889833, 54.60458467], [-5.91890354, 54.60458662], [-5.9189071, 54.60458345]], [[-5.91882586, 54.60464942], [-5.91882065, 54.60464747], [-5.91881727, 54.60465049], [-5.91882249, 54.60465244], [-5.91882586, 54.60464942]], [[-5.91930362, 54.60484155], [-5.91930409, 54.60483932], [-5.91931227, 54.60483267], [-5.9193171, 54.60483092], [-5.91932153, 54.60482732], [-5.91932283, 54.6048241], [-5.91933102, 54.60481745], [-5.91933452, 54.60481647], [-5.91934065, 54.60481179], [-5.91934162, 54.60481071], [-5.91934209, 54.60480846], [-5.91935011, 54.60480195], [-5.91935361, 54.60480096], [-5.91935939, 54.60479658], [-5.91936036, 54.60479549], [-5.91936082, 54.60479325], [-5.91936884, 54.60478673], [-5.91937174, 54.60478594], [-5.91937316, 54.60478504], [-5.91936202, 54.60478022], [-5.91937023, 54.60477324], [-5.91930582, 54.60474663], [-5.9192989, 54.60475194], [-5.91928741, 54.60474719], [-5.91928756, 54.60474447], [-5.9192899, 54.60474138], [-5.9192813, 54.60473783], [-5.91928213, 54.60473684], [-5.91918991, 54.60469874], [-5.91918084, 54.60470581], [-5.91916917, 54.60470099], [-5.91916846, 54.60470022], [-5.9191671, 54.60469629], [-5.91916795, 54.60469371], [-5.9191687, 54.60469284], [-5.91916823, 54.60469315], [-5.91916454, 54.60469456], [-5.91915664, 54.60469533], [-5.91915514, 54.60469519], [-5.91914347, 54.60469037], [-5.91915205, 54.6046831], [-5.91906011, 54.60464511], [-5.91905708, 54.60464727], [-5.9190558, 54.6046474], [-5.91905317, 54.60464953], [-5.91904165, 54.60464477], [-5.91904215, 54.6046424], [-5.91904419, 54.60463986], [-5.9190356, 54.60463631], [-5.91903642, 54.60463533], [-5.91897173, 54.6046086], [-5.91896464, 54.60461405], [-5.9189531, 54.60460951], [-5.91895133, 54.60461094], [-5.91895033, 54.60461362], [-5.91894215, 54.60462026], [-5.91893793, 54.60462182], [-5.9189326, 54.60462616], [-5.91893141, 54.60462898], [-5.91892342, 54.60463547], [-5.9189192, 54.60463704], [-5.9189135, 54.60464166], [-5.91891232, 54.60464448], [-5.91890414, 54.60465112], [-5.9189001, 54.60465254], [-5.91889459, 54.60465702], [-5.91889359, 54.60465969], [-5.91888541, 54.60466633], [-5.91888137, 54.60466775], [-5.91887942, 54.60466934], [-5.9188906, 54.60467417], [-5.91888419, 54.60467969], [-5.91894813, 54.6047061], [-5.91894929, 54.60470548], [-5.91895863, 54.60470934], [-5.91896372, 54.60470672], [-5.9189675, 54.60470594], [-5.91897899, 54.60471069], [-5.91897345, 54.60471519], [-5.918973, 54.60471638], [-5.91906451, 54.60475418], [-5.91907358, 54.60474712], [-5.919085, 54.60475184], [-5.91908636, 54.60475332], [-5.91908729, 54.60475731], [-5.91908512, 54.60476059], [-5.9190878, 54.6047591], [-5.91909095, 54.60475813], [-5.91909736, 54.60475764], [-5.91909953, 54.60475784], [-5.91911095, 54.60476256], [-5.91910237, 54.60476983], [-5.91919384, 54.60480762], [-5.91919499, 54.60480699], [-5.91920434, 54.60481085], [-5.91920943, 54.60480823], [-5.91921321, 54.60480745], [-5.9192247, 54.6048122], [-5.91921915, 54.60481671], [-5.91921871, 54.60481789], [-5.91928269, 54.60484433], [-5.9192914, 54.60483756], [-5.91930294, 54.60484211], [-5.91930362, 54.60484155]], [[-5.91943721, 54.60480267], [-5.91943258, 54.60480056], [-5.91942856, 54.60480353], [-5.9194332, 54.60480565], [-5.91943721, 54.60480267]], [[-5.91935591, 54.60486841], [-5.91935095, 54.60486656], [-5.91934758, 54.60486958], [-5.91935254, 54.60487143], [-5.91935591, 54.60486841]]]}, "properties": {"UNIT_ID": "CQ3.12.26", "NAME": "Office", "USE_TYPE": "Office", "LEVEL_ID": "CQ3.L12", "FACILITY_ID": "CQ3", "ELEVATION_RELATIVE": 47.9, "ELEVATION_ABSOLUTE": 51.4, "HEIGHT_RELATIVE": 3.9, "ROOM_NUMBER": "12.26", "AREA_PLAN_M2": null, "AREA_MODEL_M2": 1241.3, "AREA_DIFF_PCT": null, "SOURCE_NOTE": "inferred: LV09 less the LV11 terrace strip"}}, {"type": "Feature", "geometry": {"type": "Polygon", "coordinates": [[[-5.9191049, 54.60476778], [-5.91918686, 54.60470123], [-5.91914974, 54.6046859], [-5.91906778, 54.60475245], [-5.9191049, 54.60476778]]]}, "properties": {"UNIT_ID": "CQ3.13.13", "NAME": "Lift Lobby", "USE_TYPE": "Lift Lobby", "LEVEL_ID": "CQ3.L13", "FACILITY_ID": "CQ3", "ELEVATION_RELATIVE": 51.8, "ELEVATION_ABSOLUTE": 55.3, "HEIGHT_RELATIVE": 3.9, "ROOM_NUMBER": "13.13", "AREA_PLAN_M2": 27.0, "AREA_MODEL_M2": 26.8, "AREA_DIFF_PCT": -0.7, "SOURCE_NOTE": "drawn"}}, {"type": "Feature", "geometry": {"type": "Polygon", "coordinates": [[[-5.91902867, 54.60473563], [-5.91902514, 54.60473417], [-5.91907165, 54.6046961], [-5.91907164, 54.6046961], [-5.91902489, 54.60473406], [-5.91897691, 54.60471424], [-5.91901631, 54.60468224], [-5.91901658, 54.6046823], [-5.91901639, 54.60468218], [-5.91902662, 54.60467387], [-5.91907821, 54.60469541], [-5.91902867, 54.60473563]], [[-5.91898514, 54.60471653], [-5.91901313, 54.60469411], [-5.91900749, 54.60469157], [-5.9189795, 54.604714], [-5.91898514, 54.60471653]]]}, "properties": {"UNIT_ID": "CQ3.13.17", "NAME": "Male WC", "USE_TYPE": "Restroom - Male", "LEVEL_ID": "CQ3.L13", "FACILITY_ID": "CQ3", "ELEVATION_RELATIVE": 51.8, "ELEVATION_ABSOLUTE": 55.3, "HEIGHT_RELATIVE": 3.9, "ROOM_NUMBER": "13.17", "AREA_PLAN_M2": 20.3, "AREA_MODEL_M2": 21.1, "AREA_DIFF_PCT": 3.9, "SOURCE_NOTE": "drawn"}}, {"type": "Feature", "geometry": {"type": "Polygon", "coordinates": [[[-5.91895038, 54.60470546], [-5.91901575, 54.60465238], [-5.91900381, 54.60464723], [-5.91900878, 54.60464288], [-5.91901031, 54.60464199], [-5.91901318, 54.60464294], [-5.91901838, 54.60464358], [-5.91902329, 54.60464323], [-5.91902878, 54.60464181], [-5.91903278, 54.60463914], [-5.91901917, 54.6046344], [-5.9190213, 54.60463306], [-5.91903367, 54.60463816], [-5.91903587, 54.60463668], [-5.91903814, 54.60463732], [-5.9190334, 54.60464055], [-5.91903362, 54.60464072], [-5.91903888, 54.60463767], [-5.9190444, 54.60463995], [-5.91904299, 54.60464109], [-5.91904176, 54.6046436], [-5.9190424, 54.60464733], [-5.91904576, 54.60465066], [-5.91904847, 54.60465178], [-5.91905581, 54.60464489], [-5.91905783, 54.60464572], [-5.9190561, 54.60464743], [-5.91910915, 54.60466935], [-5.91908916, 54.60468558], [-5.91908872, 54.60468541], [-5.91909262, 54.60468186], [-5.9190926, 54.60468184], [-5.91908886, 54.60468458], [-5.9190419, 54.60466518], [-5.91905001, 54.6046586], [-5.9190495, 54.60465839], [-5.91904138, 54.60466498], [-5.91903785, 54.60466329], [-5.91903701, 54.60466327], [-5.91897361, 54.60471506], [-5.91897058, 54.60471408], [-5.91897959, 54.60470802], [-5.9189779, 54.60470693], [-5.91897486, 54.6047061], [-5.91897152, 54.6047058], [-5.91896702, 54.60470611], [-5.91896354, 54.60470682], [-5.91895897, 54.60470926], [-5.9189535, 54.604707], [-5.91895659, 54.60470327], [-5.91895623, 54.60470321], [-5.9189527, 54.6047067], [-5.91895038, 54.60470546]]]}, "properties": {"UNIT_ID": "CQ3.13.21", "NAME": "FF Core", "USE_TYPE": "Firefighting Lobby", "LEVEL_ID": "CQ3.L13", "FACILITY_ID": "CQ3", "ELEVATION_RELATIVE": 51.8, "ELEVATION_ABSOLUTE": 55.3, "HEIGHT_RELATIVE": 3.9, "ROOM_NUMBER": "13.21", "AREA_PLAN_M2": 28.3, "AREA_MODEL_M2": 25.8, "AREA_DIFF_PCT": -8.8, "SOURCE_NOTE": "drawn"}}, {"type": "Feature", "geometry": {"type": "Polygon", "coordinates": [[[-5.91906067, 54.60467778], [-5.91905553, 54.60467586], [-5.91905558, 54.60467604], [-5.91905143, 54.6046794], [-5.91905075, 54.60467934], [-5.91904798, 54.60468159], [-5.91902601, 54.60467251], [-5.91903735, 54.6046633], [-5.91906463, 54.60467457], [-5.91906067, 54.60467778]]]}, "properties": {"UNIT_ID": "CQ3.13.20", "NAME": "Clnr Str", "USE_TYPE": "Janitor", "LEVEL_ID": "CQ3.L13", "FACILITY_ID": "CQ3", "ELEVATION_RELATIVE": 51.8, "ELEVATION_ABSOLUTE": 55.3, "HEIGHT_RELATIVE": 3.9, "ROOM_NUMBER": "13.20", "AREA_PLAN_M2": 2.3, "AREA_MODEL_M2": 2.4, "AREA_DIFF_PCT": 4.3, "SOURCE_NOTE": "drawn"}}, {"type": "Feature", "geometry": {"type": "Polygon", "coordinates": [[[-5.91894733, 54.60470268], [-5.91900821, 54.60465324], [-5.91897058, 54.6046377], [-5.9189097, 54.60468714], [-5.91894733, 54.60470268]]]}, "properties": {"UNIT_ID": "CQ3.13.22", "NAME": "Stair 2", "USE_TYPE": "Stairs", "LEVEL_ID": "CQ3.L13", "FACILITY_ID": "CQ3", "ELEVATION_RELATIVE": 51.8, "ELEVATION_ABSOLUTE": 55.3, "HEIGHT_RELATIVE": 3.9, "ROOM_NUMBER": "13.22", "AREA_PLAN_M2": 19.4, "AREA_MODEL_M2": 20.1, "AREA_DIFF_PCT": 3.6, "SOURCE_NOTE": "drawn"}}, {"type": "Feature", "geometry": {"type": "Polygon", "coordinates": [[[-5.91902216, 54.60464346], [-5.91901592, 54.6046434], [-5.91901031, 54.60464194], [-5.91900624, 54.60464493], [-5.9189762, 54.60463252], [-5.91899097, 54.60462052], [-5.91903036, 54.6046368], [-5.91902216, 54.60464346]]]}, "properties": {"UNIT_ID": "CQ3.13.23", "NAME": "Dis WC", "USE_TYPE": "Restroom - Accessible", "LEVEL_ID": "CQ3.L13", "FACILITY_ID": "CQ3", "ELEVATION_RELATIVE": 51.8, "ELEVATION_ABSOLUTE": 55.3, "HEIGHT_RELATIVE": 3.9, "ROOM_NUMBER": "13.23", "AREA_PLAN_M2": 4.3, "AREA_MODEL_M2": 4.7, "AREA_DIFF_PCT": 9.3, "SOURCE_NOTE": "drawn"}}, {"type": "Feature", "geometry": {"type": "Polygon", "coordinates": [[[-5.91894756, 54.60465114], [-5.9189324, 54.60464488], [-5.91897257, 54.60461226], [-5.91898772, 54.60461852], [-5.91894756, 54.60465114]]]}, "properties": {"UNIT_ID": "CQ3.13.25", "NAME": "Service", "USE_TYPE": "Mechanical", "LEVEL_ID": "CQ3.L13", "FACILITY_ID": "CQ3", "ELEVATION_RELATIVE": 51.8, "ELEVATION_ABSOLUTE": 55.3, "HEIGHT_RELATIVE": 3.9, "ROOM_NUMBER": "13.25", "AREA_PLAN_M2": 5.4, "AREA_MODEL_M2": 5.4, "AREA_DIFF_PCT": 0.0, "SOURCE_NOTE": "drawn"}}, {"type": "Feature", "geometry": {"type": "Polygon", "coordinates": [[[-5.91890559, 54.60468522], [-5.91889044, 54.60467896], [-5.9189306, 54.60464634], [-5.91894575, 54.6046526], [-5.91890559, 54.60468522]]]}, "properties": {"UNIT_ID": "CQ3.13.24", "NAME": "Service", "USE_TYPE": "Mechanical", "LEVEL_ID": "CQ3.L13", "FACILITY_ID": "CQ3", "ELEVATION_RELATIVE": 51.8, "ELEVATION_ABSOLUTE": 55.3, "HEIGHT_RELATIVE": 3.9, "ROOM_NUMBER": "13.24", "AREA_PLAN_M2": 5.4, "AREA_MODEL_M2": 5.4, "AREA_DIFF_PCT": 0.0, "SOURCE_NOTE": "drawn"}}, {"type": "Feature", "geometry": {"type": "Polygon", "coordinates": [[[-5.91928185, 54.60484067], [-5.9192667, 54.60483441], [-5.91930686, 54.60480179], [-5.91932202, 54.60480805], [-5.91928185, 54.60484067]]]}, "properties": {"UNIT_ID": "CQ3.13.01", "NAME": "Service", "USE_TYPE": "Mechanical", "LEVEL_ID": "CQ3.L13", "FACILITY_ID": "CQ3", "ELEVATION_RELATIVE": 51.8, "ELEVATION_ABSOLUTE": 55.3, "HEIGHT_RELATIVE": 3.9, "ROOM_NUMBER": "13.01", "AREA_PLAN_M2": 5.4, "AREA_MODEL_M2": 5.4, "AREA_DIFF_PCT": 0.0, "SOURCE_NOTE": "drawn"}}, {"type": "Feature", "geometry": {"type": "Polygon", "coordinates": [[[-5.91932382, 54.60480659], [-5.91930867, 54.60480033], [-5.91934883, 54.60476771], [-5.91936399, 54.60477397], [-5.91932382, 54.60480659]]]}, "properties": {"UNIT_ID": "CQ3.13.02", "NAME": "Service", "USE_TYPE": "Mechanical", "LEVEL_ID": "CQ3.L13", "FACILITY_ID": "CQ3", "ELEVATION_RELATIVE": 51.8, "ELEVATION_ABSOLUTE": 55.3, "HEIGHT_RELATIVE": 3.9, "ROOM_NUMBER": "13.02", "AREA_PLAN_M2": 5.4, "AREA_MODEL_M2": 5.4, "AREA_DIFF_PCT": 0.0, "SOURCE_NOTE": "drawn"}}, {"type": "Feature", "geometry": {"type": "Polygon", "coordinates": [[[-5.9192202, 54.60475274], [-5.91920454, 54.60474628], [-5.91921499, 54.60473779], [-5.91921726, 54.60473873], [-5.91921019, 54.60474448], [-5.91921039, 54.60474464], [-5.91921777, 54.60473894], [-5.91923065, 54.60474426], [-5.9192202, 54.60475274]]]}, "properties": {"UNIT_ID": "CQ3.13.08", "NAME": "Smk Vnt", "USE_TYPE": "Mechanical", "LEVEL_ID": "CQ3.L13", "FACILITY_ID": "CQ3", "ELEVATION_RELATIVE": 51.8, "ELEVATION_ABSOLUTE": 55.3, "HEIGHT_RELATIVE": 3.9, "ROOM_NUMBER": "13.08", "AREA_PLAN_M2": 1.5, "AREA_MODEL_M2": 1.4, "AREA_DIFF_PCT": -6.7, "SOURCE_NOTE": "drawn"}}, {"type": "Feature", "geometry": {"type": "Polygon", "coordinates": [[[-5.91920277, 54.60474555], [-5.91919495, 54.60474231], [-5.91920539, 54.60473383], [-5.91921322, 54.60473706], [-5.91920277, 54.60474555]]]}, "properties": {"UNIT_ID": "CQ3.13.09", "NAME": "WR", "USE_TYPE": "Mechanical", "LEVEL_ID": "CQ3.L13", "FACILITY_ID": "CQ3", "ELEVATION_RELATIVE": 51.8, "ELEVATION_ABSOLUTE": 55.3, "HEIGHT_RELATIVE": 3.9, "ROOM_NUMBER": "13.09", "AREA_PLAN_M2": 0.7, "AREA_MODEL_M2": 0.7, "AREA_DIFF_PCT": 0.0, "SOURCE_NOTE": "drawn"}}, {"type": "Feature", "geometry": {"type": "Polygon", "coordinates": [[[-5.91926298, 54.6048331], [-5.91932386, 54.60478366], [-5.91928624, 54.60476811], [-5.91922536, 54.60481755], [-5.91926298, 54.6048331]]]}, "properties": {"UNIT_ID": "CQ3.13.03", "NAME": "Stair 1", "USE_TYPE": "Stairs", "LEVEL_ID": "CQ3.L13", "FACILITY_ID": "CQ3", "ELEVATION_RELATIVE": 51.8, "ELEVATION_ABSOLUTE": 55.3, "HEIGHT_RELATIVE": 3.9, "ROOM_NUMBER": "13.03", "AREA_PLAN_M2": 19.4, "AREA_MODEL_M2": 20.1, "AREA_DIFF_PCT": 3.6, "SOURCE_NOTE": "drawn"}}, {"type": "Feature", "geometry": {"type": "Polygon", "coordinates": [[[-5.91921932, 54.60481658], [-5.91921629, 54.6048156], [-5.91922529, 54.60480953], [-5.91922362, 54.60480846], [-5.9192172, 54.60480731], [-5.91921272, 54.60480762], [-5.91920925, 54.60480834], [-5.91920468, 54.60481077], [-5.9191992, 54.60480851], [-5.91920253, 54.60480488], [-5.91920219, 54.60480482], [-5.91919867, 54.60480832], [-5.91919608, 54.60480698], [-5.91925981, 54.60475554], [-5.91925942, 54.60475483], [-5.91920832, 54.60473394], [-5.91921161, 54.60473096], [-5.91921127, 54.6047309], [-5.91920677, 54.60473418], [-5.91920633, 54.60473399], [-5.91922632, 54.60471776], [-5.91927938, 54.60473968], [-5.91928159, 54.60473819], [-5.9192841, 54.60473894], [-5.91927936, 54.60474216], [-5.91927957, 54.60474233], [-5.91928458, 54.60473918], [-5.9192901, 54.60474146], [-5.91928869, 54.60474261], [-5.91928746, 54.60474511], [-5.9192881, 54.60474884], [-5.91929147, 54.60475218], [-5.91929417, 54.60475329], [-5.91930152, 54.6047464], [-5.91930354, 54.60474723], [-5.91930181, 54.60474895], [-5.91931547, 54.60475459], [-5.919298, 54.60476877], [-5.91928469, 54.60476349], [-5.91921932, 54.60481658]]]}, "properties": {"UNIT_ID": "CQ3.13.06", "NAME": "FF Core", "USE_TYPE": "Firefighting Lobby", "LEVEL_ID": "CQ3.L13", "FACILITY_ID": "CQ3", "ELEVATION_RELATIVE": 51.8, "ELEVATION_ABSOLUTE": 55.3, "HEIGHT_RELATIVE": 3.9, "ROOM_NUMBER": "13.06", "AREA_PLAN_M2": 28.4, "AREA_MODEL_M2": 26.9, "AREA_DIFF_PCT": -5.3, "SOURCE_NOTE": "drawn"}}, {"type": "Feature", "geometry": {"type": "Polygon", "coordinates": [[[-5.91932667, 54.60478107], [-5.91929915, 54.60476969], [-5.91930833, 54.60476223], [-5.91933586, 54.60477361], [-5.91932667, 54.60478107]]]}, "properties": {"UNIT_ID": "CQ3.13.04", "NAME": "WC Supply", "USE_TYPE": "Mechanical", "LEVEL_ID": "CQ3.L13", "FACILITY_ID": "CQ3", "ELEVATION_RELATIVE": 51.8, "ELEVATION_ABSOLUTE": 55.3, "HEIGHT_RELATIVE": 3.9, "ROOM_NUMBER": "13.04", "AREA_PLAN_M2": 2.2, "AREA_MODEL_M2": 2.2, "AREA_DIFF_PCT": 0.0, "SOURCE_NOTE": "drawn"}}, {"type": "Feature", "geometry": {"type": "Polygon", "coordinates": [[[-5.91933586, 54.60477361], [-5.91930833, 54.60476223], [-5.91931752, 54.60475478], [-5.91934505, 54.60476615], [-5.91933586, 54.60477361]]]}, "properties": {"UNIT_ID": "CQ3.13.05", "NAME": "WC Extract", "USE_TYPE": "Mechanical", "LEVEL_ID": "CQ3.L13", "FACILITY_ID": "CQ3", "ELEVATION_RELATIVE": 51.8, "ELEVATION_ABSOLUTE": 55.3, "HEIGHT_RELATIVE": 3.9, "ROOM_NUMBER": "13.05", "AREA_PLAN_M2": 2.2, "AREA_MODEL_M2": 2.2, "AREA_DIFF_PCT": 0.0, "SOURCE_NOTE": "drawn"}}, {"type": "Feature", "geometry": {"type": "Polygon", "coordinates": [[[-5.91906995, 54.60469067], [-5.91905404, 54.6046841], [-5.91906448, 54.60467561], [-5.91907762, 54.60468104], [-5.91907052, 54.6046868], [-5.91907053, 54.6046868], [-5.91907787, 54.60468114], [-5.91908039, 54.60468218], [-5.91906995, 54.60469067]]]}, "properties": {"UNIT_ID": "CQ3.13.19", "NAME": "Smk Vnt", "USE_TYPE": "Mechanical", "LEVEL_ID": "CQ3.L13", "FACILITY_ID": "CQ3", "ELEVATION_RELATIVE": 51.8, "ELEVATION_ABSOLUTE": 55.3, "HEIGHT_RELATIVE": 3.9, "ROOM_NUMBER": "13.19", "AREA_PLAN_M2": 1.5, "AREA_MODEL_M2": 1.5, "AREA_DIFF_PCT": 0.0, "SOURCE_NOTE": "drawn"}}, {"type": "Feature", "geometry": {"type": "Polygon", "coordinates": [[[-5.91907929, 54.60469453], [-5.91907146, 54.60469129], [-5.91908191, 54.60468281], [-5.91908974, 54.60468604], [-5.91907929, 54.60469453]]]}, "properties": {"UNIT_ID": "CQ3.13.18", "NAME": "WR", "USE_TYPE": "Mechanical", "LEVEL_ID": "CQ3.L13", "FACILITY_ID": "CQ3", "ELEVATION_RELATIVE": 51.8, "ELEVATION_ABSOLUTE": 55.3, "HEIGHT_RELATIVE": 3.9, "ROOM_NUMBER": "13.18", "AREA_PLAN_M2": 0.7, "AREA_MODEL_M2": 0.7, "AREA_DIFF_PCT": 0.0, "SOURCE_NOTE": "drawn"}}, {"type": "Feature", "geometry": {"type": "Polygon", "coordinates": [[[-5.91914043, 54.60478224], [-5.91910862, 54.6047691], [-5.91913473, 54.60474789], [-5.91916655, 54.60476104], [-5.91914043, 54.60478224]]]}, "properties": {"UNIT_ID": "CQ3.13.10", "NAME": "Lift 1", "USE_TYPE": "Elevator", "LEVEL_ID": "CQ3.L13", "FACILITY_ID": "CQ3", "ELEVATION_RELATIVE": 51.8, "ELEVATION_ABSOLUTE": 55.3, "HEIGHT_RELATIVE": 3.9, "ROOM_NUMBER": "13.10", "AREA_PLAN_M2": 7.3, "AREA_MODEL_M2": 7.3, "AREA_DIFF_PCT": 0.0, "SOURCE_NOTE": "drawn"}}, {"type": "Feature", "geometry": {"type": "Polygon", "coordinates": [[[-5.91916835, 54.60475957], [-5.91913654, 54.60474643], [-5.91916283, 54.60472507], [-5.91919465, 54.60473822], [-5.91916835, 54.60475957]]]}, "properties": {"UNIT_ID": "CQ3.13.11", "NAME": "Lift 2", "USE_TYPE": "Elevator", "LEVEL_ID": "CQ3.L13", "FACILITY_ID": "CQ3", "ELEVATION_RELATIVE": 51.8, "ELEVATION_ABSOLUTE": 55.3, "HEIGHT_RELATIVE": 3.9, "ROOM_NUMBER": "13.11", "AREA_PLAN_M2": 7.3, "AREA_MODEL_M2": 7.4, "AREA_DIFF_PCT": 1.4, "SOURCE_NOTE": "drawn"}}, {"type": "Feature", "geometry": {"type": "Polygon", "coordinates": [[[-5.91919645, 54.60473676], [-5.91916464, 54.60472361], [-5.91917167, 54.6047179], [-5.91916806, 54.60471618], [-5.91917975, 54.6047067], [-5.91918372, 54.60470812], [-5.91919075, 54.6047024], [-5.91922257, 54.60471555], [-5.91919645, 54.60473676]]]}, "properties": {"UNIT_ID": "CQ3.13.12", "NAME": "Lift 3 (FF)", "USE_TYPE": "Elevator", "LEVEL_ID": "CQ3.L13", "FACILITY_ID": "CQ3", "ELEVATION_RELATIVE": 51.8, "ELEVATION_ABSOLUTE": 55.3, "HEIGHT_RELATIVE": 3.9, "ROOM_NUMBER": "13.12", "AREA_PLAN_M2": 7.3, "AREA_MODEL_M2": 7.7, "AREA_DIFF_PCT": 5.5, "SOURCE_NOTE": "drawn"}}, {"type": "Feature", "geometry": {"type": "Polygon", "coordinates": [[[-5.91909184, 54.60472796], [-5.91906002, 54.60471482], [-5.91908632, 54.60469346], [-5.91911814, 54.60470661], [-5.91909184, 54.60472796]]]}, "properties": {"UNIT_ID": "CQ3.13.15", "NAME": "Lift 5", "USE_TYPE": "Elevator", "LEVEL_ID": "CQ3.L13", "FACILITY_ID": "CQ3", "ELEVATION_RELATIVE": 51.8, "ELEVATION_ABSOLUTE": 55.3, "HEIGHT_RELATIVE": 3.9, "ROOM_NUMBER": "13.15", "AREA_PLAN_M2": 7.3, "AREA_MODEL_M2": 7.4, "AREA_DIFF_PCT": 1.4, "SOURCE_NOTE": "drawn"}}, {"type": "Feature", "geometry": {"type": "Polygon", "coordinates": [[[-5.91911994, 54.60470514], [-5.91908812, 54.604692], [-5.91911424, 54.60467079], [-5.91914606, 54.60468393], [-5.91913902, 54.60468965], [-5.91914237, 54.60469126], [-5.91913069, 54.60470074], [-5.91912698, 54.60469943], [-5.91911994, 54.60470514]]]}, "properties": {"UNIT_ID": "CQ3.13.16", "NAME": "Lift 6 (FF)", "USE_TYPE": "Elevator", "LEVEL_ID": "CQ3.L13", "FACILITY_ID": "CQ3", "ELEVATION_RELATIVE": 51.8, "ELEVATION_ABSOLUTE": 55.3, "HEIGHT_RELATIVE": 3.9, "ROOM_NUMBER": "13.16", "AREA_PLAN_M2": 7.3, "AREA_MODEL_M2": 7.7, "AREA_DIFF_PCT": 5.5, "SOURCE_NOTE": "drawn"}}, {"type": "Feature", "geometry": {"type": "Polygon", "coordinates": [[[-5.91919578, 54.60480599], [-5.91925767, 54.60475542], [-5.91925741, 54.60475532], [-5.91924716, 54.60476364], [-5.91924691, 54.60476356], [-5.91924713, 54.60476367], [-5.91919635, 54.6048049], [-5.91914837, 54.60478508], [-5.91919791, 54.60474486], [-5.91922022, 54.60475408], [-5.91922047, 54.604754], [-5.91922017, 54.60475295], [-5.91919502, 54.60474256], [-5.91920583, 54.60473379], [-5.91923097, 54.60474418], [-5.91923227, 54.60474405], [-5.91925983, 54.60475521], [-5.91924837, 54.60476452], [-5.91924768, 54.60476446], [-5.91919628, 54.6048062], [-5.91919578, 54.60480599]], [[-5.91919549, 54.60480344], [-5.91923699, 54.60477005], [-5.91923135, 54.60476751], [-5.91918985, 54.6048009], [-5.91919549, 54.60480344]]]}, "properties": {"UNIT_ID": "CQ3.13.07", "NAME": "Female WC", "USE_TYPE": "Restroom - Female", "LEVEL_ID": "CQ3.L13", "FACILITY_ID": "CQ3", "ELEVATION_RELATIVE": 51.8, "ELEVATION_ABSOLUTE": 55.3, "HEIGHT_RELATIVE": 3.9, "ROOM_NUMBER": "13.07", "AREA_PLAN_M2": 23.4, "AREA_MODEL_M2": 24.5, "AREA_DIFF_PCT": 4.7, "SOURCE_NOTE": "drawn"}}, {"type": "Feature", "geometry": {"type": "Polygon", "coordinates": [[[-5.91906392, 54.60475063], [-5.9190321, 54.60473749], [-5.91905822, 54.60471628], [-5.91909004, 54.60472942], [-5.91906392, 54.60475063]]]}, "properties": {"UNIT_ID": "CQ3.13.14", "NAME": "Lift 4", "USE_TYPE": "Elevator", "LEVEL_ID": "CQ3.L13", "FACILITY_ID": "CQ3", "ELEVATION_RELATIVE": 51.8, "ELEVATION_ABSOLUTE": 55.3, "HEIGHT_RELATIVE": 3.9, "ROOM_NUMBER": "13.14", "AREA_PLAN_M2": 7.3, "AREA_MODEL_M2": 7.3, "AREA_DIFF_PCT": 0.0, "SOURCE_NOTE": "drawn"}}, {"type": "Feature", "geometry": {"type": "Polygon", "coordinates": [[[-5.91943745, 54.60481889], [-5.91939442, 54.60480155], [-5.91932164, 54.60486064], [-5.91928275, 54.60484457], [-5.91929015, 54.60483857], [-5.91930139, 54.60484365], [-5.91930362, 54.60484156], [-5.91930446, 54.60483845], [-5.91930337, 54.60483541], [-5.91929994, 54.60483245], [-5.91930567, 54.60483354], [-5.91931099, 54.60483315], [-5.91931579, 54.60483168], [-5.91931848, 54.60482977], [-5.91930652, 54.60482527], [-5.91930888, 54.60482336], [-5.91932029, 54.6048283], [-5.91932235, 54.60482635], [-5.9193232, 54.60482324], [-5.9193221, 54.60482019], [-5.9193187, 54.60481727], [-5.91932483, 54.60481829], [-5.91932972, 54.60481794], [-5.91933452, 54.60481647], [-5.91933721, 54.60481456], [-5.91932526, 54.60481006], [-5.91932797, 54.60480786], [-5.91933939, 54.6048128], [-5.91934162, 54.6048107], [-5.91934229, 54.60480774], [-5.9193408, 54.60480409], [-5.91933767, 54.60480172], [-5.91934256, 54.60480266], [-5.91934943, 54.60480225], [-5.91935361, 54.60480096], [-5.91935631, 54.60479906], [-5.91934435, 54.60479456], [-5.91934689, 54.6047925], [-5.91935813, 54.60479758], [-5.91936036, 54.60479548], [-5.91936109, 54.60479278], [-5.91935953, 54.60478888], [-5.91935646, 54.60478655], [-5.9193624, 54.60478747], [-5.91936773, 54.60478708], [-5.91937252, 54.60478561], [-5.91937504, 54.60478384], [-5.91936327, 54.6047792], [-5.91937023, 54.60477324], [-5.91897173, 54.6046086], [-5.91896427, 54.60461435], [-5.91895309, 54.60460951], [-5.91895132, 54.60461095], [-5.91895031, 54.60461268], [-5.91895017, 54.60461521], [-5.9189513, 54.60461762], [-5.91895441, 54.60462043], [-5.91894791, 54.60461947], [-5.91894266, 54.60462011], [-5.91893793, 54.60462183], [-5.91893617, 54.60462325], [-5.9189479, 54.60462766], [-5.91894536, 54.60462972], [-5.91893436, 54.60462473], [-5.9189326, 54.60462616], [-5.91893133, 54.6046293], [-5.91893297, 54.60463344], [-5.91893579, 54.60463568], [-5.9189312, 54.60463487], [-5.91892579, 54.60463501], [-5.91892093, 54.60463624], [-5.91891747, 54.60463848], [-5.91892898, 54.60464302], [-5.91892627, 54.60464522], [-5.91891528, 54.60464024], [-5.91891305, 54.60464234], [-5.9189122, 54.60464545], [-5.91891291, 54.60464789], [-5.91891659, 54.60465114], [-5.91891101, 54.60465035], [-5.91890568, 54.60465074], [-5.9189001, 54.60465255], [-5.91889834, 54.60465397], [-5.91890989, 54.60465852], [-5.91890753, 54.60466043], [-5.91889653, 54.60465544], [-5.9188946, 54.60465701], [-5.91889347, 54.60466066], [-5.91889457, 54.6046637], [-5.91889767, 54.6046665], [-5.91889116, 54.60466554], [-5.91888695, 54.60466595], [-5.91888137, 54.60466776], [-5.91887944, 54.60466933], [-5.91889116, 54.60467373], [-5.91888377, 54.60467973], [-5.91884513, 54.60466377], [-5.91891808, 54.60460453], [-5.9188377, 54.6045711], [-5.91895479, 54.60447603], [-5.91955453, 54.60472382], [-5.91943745, 54.60481889]]]}, "properties": {"UNIT_ID": "CQ3.13.26", "NAME": "Office", "USE_TYPE": "Office", "LEVEL_ID": "CQ3.L13", "FACILITY_ID": "CQ3", "ELEVATION_RELATIVE": 51.8, "ELEVATION_ABSOLUTE": 55.3, "HEIGHT_RELATIVE": 3.9, "ROOM_NUMBER": "13.26", "AREA_PLAN_M2": 616.5, "AREA_MODEL_M2": 605.8, "AREA_DIFF_PCT": -1.7, "SOURCE_NOTE": "drawn"}}, {"type": "Feature", "geometry": {"type": "Polygon", "coordinates": [[[-5.91922182, 54.60488075], [-5.91921836, 54.60487954], [-5.9192162, 54.6048813], [-5.91918387, 54.60486794], [-5.91918604, 54.60486619], [-5.91918344, 54.60486489], [-5.91918084, 54.60486669], [-5.919146, 54.60485229], [-5.91914816, 54.60485054], [-5.91914556, 54.60484924], [-5.91914296, 54.60485104], [-5.91910812, 54.60483664], [-5.91911028, 54.60483489], [-5.91910768, 54.60483359], [-5.91910509, 54.60483539], [-5.91907024, 54.60482099], [-5.9190724, 54.60481924], [-5.9190698, 54.60481794], [-5.91906721, 54.60481974], [-5.91904953, 54.60481244], [-5.91905493, 54.60480805], [-5.91905385, 54.60480738], [-5.91904784, 54.60481196], [-5.91903218, 54.60480549], [-5.91903452, 54.60480359], [-5.91903192, 54.60480229], [-5.91902915, 54.60480424], [-5.91901374, 54.60479787], [-5.91901933, 54.60479334], [-5.91901825, 54.60479267], [-5.91901241, 54.6047971], [-5.91899448, 54.60478969], [-5.91899664, 54.60478794], [-5.91899404, 54.60478664], [-5.91899145, 54.60478844], [-5.9189566, 54.60477404], [-5.91895876, 54.60477229], [-5.91895617, 54.60477099], [-5.91895357, 54.60477279], [-5.91891872, 54.60475839], [-5.91892088, 54.60475664], [-5.91891829, 54.60475534], [-5.91891569, 54.60475714], [-5.91888084, 54.60474274], [-5.91888301, 54.60474099], [-5.91888041, 54.6047397], [-5.91887781, 54.60474149], [-5.918846, 54.60472835], [-5.91884809, 54.60472634], [-5.91884455, 54.60472488], [-5.91887949, 54.6046965], [-5.91888054, 54.60469627], [-5.91888198, 54.60469665], [-5.91889639, 54.60468495], [-5.91927063, 54.60483957], [-5.91925622, 54.60485127], [-5.91925705, 54.60485183], [-5.91922182, 54.60488075]]]}, "properties": {"UNIT_ID": "CQ3.13.27", "NAME": "Wellbeing Centre", "USE_TYPE": "Wellbeing", "LEVEL_ID": "CQ3.L13", "FACILITY_ID": "CQ3", "ELEVATION_RELATIVE": 51.8, "ELEVATION_ABSOLUTE": 55.3, "HEIGHT_RELATIVE": 3.9, "ROOM_NUMBER": "13.27", "AREA_PLAN_M2": null, "AREA_MODEL_M2": 172.7, "AREA_DIFF_PCT": null, "SOURCE_NOTE": "drawn"}}, {"type": "Feature", "geometry": {"type": "Polygon", "coordinates": [[[-5.91929849, 54.60497257], [-5.91929246, 54.60497746], [-5.91866393, 54.60471779], [-5.91866996, 54.60471289], [-5.9186618, 54.6047093], [-5.91877806, 54.60461489], [-5.91882546, 54.60463426], [-5.91887654, 54.60459278], [-5.91890728, 54.60460557], [-5.91883431, 54.60466482], [-5.91888558, 54.604686], [-5.9188782, 54.60469198], [-5.91887454, 54.60469279], [-5.91883373, 54.60472593], [-5.91883774, 54.60472758], [-5.91883565, 54.60472959], [-5.91900311, 54.60479878], [-5.91900293, 54.60479892], [-5.91904945, 54.60481814], [-5.91904964, 54.604818], [-5.91921801, 54.60488756], [-5.9192205, 54.60488553], [-5.919224, 54.60488676], [-5.91926686, 54.60485157], [-5.91926605, 54.60485102], [-5.91927244, 54.60484583], [-5.91932345, 54.60486691], [-5.91939628, 54.60480777], [-5.91942709, 54.60482018], [-5.91937597, 54.6048617], [-5.91942326, 54.60488146], [-5.919307, 54.60497586], [-5.91929849, 54.60497257]]]}, "properties": {"UNIT_ID": "CQ3.13.T385", "NAME": "Level 13 Terrace", "USE_TYPE": "Terrace", "LEVEL_ID": "CQ3.L13", "FACILITY_ID": "CQ3", "ELEVATION_RELATIVE": 51.8, "ELEVATION_ABSOLUTE": 55.3, "HEIGHT_RELATIVE": 0, "ROOM_NUMBER": null, "AREA_PLAN_M2": null, "AREA_MODEL_M2": 448.6, "AREA_DIFF_PCT": null, "SOURCE_NOTE": "derived: floorplate below minus this floorplate"}}, {"type": "Feature", "geometry": {"type": "Polygon", "coordinates": [[[-5.9191049, 54.60476778], [-5.91918686, 54.60470123], [-5.91914974, 54.6046859], [-5.91906778, 54.60475245], [-5.9191049, 54.60476778]]]}, "properties": {"UNIT_ID": "CQ3.14.13", "NAME": "Lift Lobby", "USE_TYPE": "Lift Lobby", "LEVEL_ID": "CQ3.L14", "FACILITY_ID": "CQ3", "ELEVATION_RELATIVE": 55.7, "ELEVATION_ABSOLUTE": 59.2, "HEIGHT_RELATIVE": 3.9, "ROOM_NUMBER": "14.13", "AREA_PLAN_M2": 26.4, "AREA_MODEL_M2": 26.8, "AREA_DIFF_PCT": 1.5, "SOURCE_NOTE": "drawn"}}, {"type": "Feature", "geometry": {"type": "Polygon", "coordinates": [[[-5.91902867, 54.60473563], [-5.91902514, 54.60473417], [-5.91907165, 54.6046961], [-5.91907164, 54.6046961], [-5.91902489, 54.60473406], [-5.91897691, 54.60471424], [-5.91901631, 54.60468224], [-5.91901658, 54.6046823], [-5.91901639, 54.60468218], [-5.91902662, 54.60467387], [-5.91907821, 54.60469541], [-5.91902867, 54.60473563]], [[-5.91898514, 54.60471653], [-5.91901313, 54.60469411], [-5.91900749, 54.60469157], [-5.9189795, 54.604714], [-5.91898514, 54.60471653]]]}, "properties": {"UNIT_ID": "CQ3.14.17", "NAME": "Male WC", "USE_TYPE": "Restroom - Male", "LEVEL_ID": "CQ3.L14", "FACILITY_ID": "CQ3", "ELEVATION_RELATIVE": 55.7, "ELEVATION_ABSOLUTE": 59.2, "HEIGHT_RELATIVE": 3.9, "ROOM_NUMBER": "14.17", "AREA_PLAN_M2": 20.3, "AREA_MODEL_M2": 21.1, "AREA_DIFF_PCT": 3.9, "SOURCE_NOTE": "drawn"}}, {"type": "Feature", "geometry": {"type": "Polygon", "coordinates": [[[-5.9189518, 54.60470431], [-5.91901574, 54.60465239], [-5.91900167, 54.6046468], [-5.91900851, 54.60464124], [-5.91901318, 54.60464294], [-5.91901837, 54.60464358], [-5.91902621, 54.60464269], [-5.9190305, 54.60464102], [-5.91903662, 54.60463541], [-5.91904548, 54.60463907], [-5.91904299, 54.60464109], [-5.91904271, 54.6046417], [-5.91904599, 54.60463928], [-5.9190591, 54.6046447], [-5.91905611, 54.60464744], [-5.91910915, 54.60466935], [-5.91908988, 54.604685], [-5.91903717, 54.60466345], [-5.91897503, 54.60471391], [-5.9189518, 54.60470431]]]}, "properties": {"UNIT_ID": "CQ3.14.21", "NAME": "FF Core", "USE_TYPE": "Firefighting Lobby", "LEVEL_ID": "CQ3.L14", "FACILITY_ID": "CQ3", "ELEVATION_RELATIVE": 55.7, "ELEVATION_ABSOLUTE": 59.2, "HEIGHT_RELATIVE": 3.9, "ROOM_NUMBER": "14.21", "AREA_PLAN_M2": 27.9, "AREA_MODEL_M2": 27.3, "AREA_DIFF_PCT": -2.2, "SOURCE_NOTE": "drawn"}}, {"type": "Feature", "geometry": {"type": "Polygon", "coordinates": [[[-5.91906067, 54.60467778], [-5.91905553, 54.60467586], [-5.91905558, 54.60467604], [-5.91905143, 54.6046794], [-5.91905075, 54.60467934], [-5.91904798, 54.60468159], [-5.91902601, 54.60467251], [-5.91903735, 54.6046633], [-5.91906463, 54.60467457], [-5.91906067, 54.60467778]]]}, "properties": {"UNIT_ID": "CQ3.14.20", "NAME": "Clnr Str", "USE_TYPE": "Janitor", "LEVEL_ID": "CQ3.L14", "FACILITY_ID": "CQ3", "ELEVATION_RELATIVE": 55.7, "ELEVATION_ABSOLUTE": 59.2, "HEIGHT_RELATIVE": 3.9, "ROOM_NUMBER": "14.20", "AREA_PLAN_M2": 2.3, "AREA_MODEL_M2": 2.4, "AREA_DIFF_PCT": 4.3, "SOURCE_NOTE": "drawn"}}, {"type": "Feature", "geometry": {"type": "Polygon", "coordinates": [[[-5.91894733, 54.60470268], [-5.91900821, 54.60465324], [-5.91897058, 54.6046377], [-5.9189097, 54.60468714], [-5.91894733, 54.60470268]]]}, "properties": {"UNIT_ID": "CQ3.14.22", "NAME": "Stair 2", "USE_TYPE": "Stairs", "LEVEL_ID": "CQ3.L14", "FACILITY_ID": "CQ3", "ELEVATION_RELATIVE": 55.7, "ELEVATION_ABSOLUTE": 59.2, "HEIGHT_RELATIVE": 3.9, "ROOM_NUMBER": "14.22", "AREA_PLAN_M2": 19.4, "AREA_MODEL_M2": 20.1, "AREA_DIFF_PCT": 3.6, "SOURCE_NOTE": "drawn"}}, {"type": "Feature", "geometry": {"type": "Polygon", "coordinates": [[[-5.91902216, 54.60464346], [-5.91901592, 54.6046434], [-5.91901031, 54.60464194], [-5.91900624, 54.60464493], [-5.9189762, 54.60463252], [-5.91899097, 54.60462052], [-5.91903036, 54.6046368], [-5.91902216, 54.60464346]]]}, "properties": {"UNIT_ID": "CQ3.14.23", "NAME": "Dis WC", "USE_TYPE": "Restroom - Accessible", "LEVEL_ID": "CQ3.L14", "FACILITY_ID": "CQ3", "ELEVATION_RELATIVE": 55.7, "ELEVATION_ABSOLUTE": 59.2, "HEIGHT_RELATIVE": 3.9, "ROOM_NUMBER": "14.23", "AREA_PLAN_M2": 4.3, "AREA_MODEL_M2": 4.7, "AREA_DIFF_PCT": 9.3, "SOURCE_NOTE": "drawn"}}, {"type": "Feature", "geometry": {"type": "Polygon", "coordinates": [[[-5.91894756, 54.60465114], [-5.9189324, 54.60464488], [-5.91897257, 54.60461226], [-5.91898772, 54.60461852], [-5.91894756, 54.60465114]]]}, "properties": {"UNIT_ID": "CQ3.14.25", "NAME": "Service", "USE_TYPE": "Mechanical", "LEVEL_ID": "CQ3.L14", "FACILITY_ID": "CQ3", "ELEVATION_RELATIVE": 55.7, "ELEVATION_ABSOLUTE": 59.2, "HEIGHT_RELATIVE": 3.9, "ROOM_NUMBER": "14.25", "AREA_PLAN_M2": 5.4, "AREA_MODEL_M2": 5.4, "AREA_DIFF_PCT": 0.0, "SOURCE_NOTE": "drawn"}}, {"type": "Feature", "geometry": {"type": "Polygon", "coordinates": [[[-5.91890559, 54.60468522], [-5.91889044, 54.60467896], [-5.9189306, 54.60464634], [-5.91894575, 54.6046526], [-5.91890559, 54.60468522]]]}, "properties": {"UNIT_ID": "CQ3.14.24", "NAME": "Service", "USE_TYPE": "Mechanical", "LEVEL_ID": "CQ3.L14", "FACILITY_ID": "CQ3", "ELEVATION_RELATIVE": 55.7, "ELEVATION_ABSOLUTE": 59.2, "HEIGHT_RELATIVE": 3.9, "ROOM_NUMBER": "14.24", "AREA_PLAN_M2": 5.4, "AREA_MODEL_M2": 5.4, "AREA_DIFF_PCT": 0.0, "SOURCE_NOTE": "drawn"}}, {"type": "Feature", "geometry": {"type": "Polygon", "coordinates": [[[-5.91928185, 54.60484067], [-5.9192667, 54.60483441], [-5.91930686, 54.60480179], [-5.91932202, 54.60480805], [-5.91928185, 54.60484067]]]}, "properties": {"UNIT_ID": "CQ3.14.01", "NAME": "Service", "USE_TYPE": "Mechanical", "LEVEL_ID": "CQ3.L14", "FACILITY_ID": "CQ3", "ELEVATION_RELATIVE": 55.7, "ELEVATION_ABSOLUTE": 59.2, "HEIGHT_RELATIVE": 3.9, "ROOM_NUMBER": "14.01", "AREA_PLAN_M2": 5.4, "AREA_MODEL_M2": 5.4, "AREA_DIFF_PCT": 0.0, "SOURCE_NOTE": "drawn"}}, {"type": "Feature", "geometry": {"type": "Polygon", "coordinates": [[[-5.91932382, 54.60480659], [-5.91930867, 54.60480033], [-5.91934883, 54.60476771], [-5.91936399, 54.60477397], [-5.91932382, 54.60480659]]]}, "properties": {"UNIT_ID": "CQ3.14.02", "NAME": "Service", "USE_TYPE": "Mechanical", "LEVEL_ID": "CQ3.L14", "FACILITY_ID": "CQ3", "ELEVATION_RELATIVE": 55.7, "ELEVATION_ABSOLUTE": 59.2, "HEIGHT_RELATIVE": 3.9, "ROOM_NUMBER": "14.02", "AREA_PLAN_M2": 5.4, "AREA_MODEL_M2": 5.4, "AREA_DIFF_PCT": 0.0, "SOURCE_NOTE": "drawn"}}, {"type": "Feature", "geometry": {"type": "Polygon", "coordinates": [[[-5.9192202, 54.60475274], [-5.91920454, 54.60474628], [-5.91921499, 54.60473779], [-5.91921751, 54.60473884], [-5.91921044, 54.60474458], [-5.91921064, 54.60474474], [-5.91921803, 54.60473905], [-5.91923065, 54.60474426], [-5.9192202, 54.60475274]]]}, "properties": {"UNIT_ID": "CQ3.14.08", "NAME": "Smk Vnt", "USE_TYPE": "Mechanical", "LEVEL_ID": "CQ3.L14", "FACILITY_ID": "CQ3", "ELEVATION_RELATIVE": 55.7, "ELEVATION_ABSOLUTE": 59.2, "HEIGHT_RELATIVE": 3.9, "ROOM_NUMBER": "14.08", "AREA_PLAN_M2": 1.5, "AREA_MODEL_M2": 1.4, "AREA_DIFF_PCT": -6.7, "SOURCE_NOTE": "drawn"}}, {"type": "Feature", "geometry": {"type": "Polygon", "coordinates": [[[-5.91920277, 54.60474555], [-5.91919495, 54.60474231], [-5.91920539, 54.60473383], [-5.91921322, 54.60473706], [-5.91920277, 54.60474555]]]}, "properties": {"UNIT_ID": "CQ3.14.09", "NAME": "WR", "USE_TYPE": "Mechanical", "LEVEL_ID": "CQ3.L14", "FACILITY_ID": "CQ3", "ELEVATION_RELATIVE": 55.7, "ELEVATION_ABSOLUTE": 59.2, "HEIGHT_RELATIVE": 3.9, "ROOM_NUMBER": "14.09", "AREA_PLAN_M2": 0.7, "AREA_MODEL_M2": 0.7, "AREA_DIFF_PCT": 0.0, "SOURCE_NOTE": "drawn"}}, {"type": "Feature", "geometry": {"type": "Polygon", "coordinates": [[[-5.91926298, 54.6048331], [-5.91932386, 54.60478366], [-5.91928624, 54.60476811], [-5.91922536, 54.60481755], [-5.91926298, 54.6048331]]]}, "properties": {"UNIT_ID": "CQ3.14.03", "NAME": "Stair 1", "USE_TYPE": "Stairs", "LEVEL_ID": "CQ3.L14", "FACILITY_ID": "CQ3", "ELEVATION_RELATIVE": 55.7, "ELEVATION_ABSOLUTE": 59.2, "HEIGHT_RELATIVE": 3.9, "ROOM_NUMBER": "14.03", "AREA_PLAN_M2": 19.4, "AREA_MODEL_M2": 20.1, "AREA_DIFF_PCT": 3.6, "SOURCE_NOTE": "drawn"}}, {"type": "Feature", "geometry": {"type": "Polygon", "coordinates": [[[-5.91922074, 54.60481542], [-5.91919751, 54.60480582], [-5.91925965, 54.60475536], [-5.91920705, 54.60473341], [-5.91922632, 54.60471776], [-5.91927937, 54.60473967], [-5.91928286, 54.60473715], [-5.91929118, 54.60474058], [-5.91928869, 54.6047426], [-5.91928841, 54.60474321], [-5.9192917, 54.6047408], [-5.91930556, 54.60474652], [-5.91930311, 54.60474882], [-5.91931601, 54.60475415], [-5.91929763, 54.60476907], [-5.91928468, 54.6047635], [-5.91922074, 54.60481542]]]}, "properties": {"UNIT_ID": "CQ3.14.06", "NAME": "FF Core", "USE_TYPE": "Firefighting Lobby", "LEVEL_ID": "CQ3.L14", "FACILITY_ID": "CQ3", "ELEVATION_RELATIVE": 55.7, "ELEVATION_ABSOLUTE": 59.2, "HEIGHT_RELATIVE": 3.9, "ROOM_NUMBER": "14.06", "AREA_PLAN_M2": 28.0, "AREA_MODEL_M2": 28.4, "AREA_DIFF_PCT": 1.4, "SOURCE_NOTE": "drawn"}}, {"type": "Feature", "geometry": {"type": "Polygon", "coordinates": [[[-5.91932667, 54.60478107], [-5.91929915, 54.60476969], [-5.91930833, 54.60476223], [-5.91933586, 54.60477361], [-5.91932667, 54.60478107]]]}, "properties": {"UNIT_ID": "CQ3.14.04", "NAME": "WC Supply", "USE_TYPE": "Mechanical", "LEVEL_ID": "CQ3.L14", "FACILITY_ID": "CQ3", "ELEVATION_RELATIVE": 55.7, "ELEVATION_ABSOLUTE": 59.2, "HEIGHT_RELATIVE": 3.9, "ROOM_NUMBER": "14.04", "AREA_PLAN_M2": 2.2, "AREA_MODEL_M2": 2.2, "AREA_DIFF_PCT": 0.0, "SOURCE_NOTE": "drawn"}}, {"type": "Feature", "geometry": {"type": "Polygon", "coordinates": [[[-5.91933586, 54.60477361], [-5.91930833, 54.60476223], [-5.91931752, 54.60475478], [-5.91934505, 54.60476615], [-5.91933586, 54.60477361]]]}, "properties": {"UNIT_ID": "CQ3.14.05", "NAME": "WC Extract", "USE_TYPE": "Mechanical", "LEVEL_ID": "CQ3.L14", "FACILITY_ID": "CQ3", "ELEVATION_RELATIVE": 55.7, "ELEVATION_ABSOLUTE": 59.2, "HEIGHT_RELATIVE": 3.9, "ROOM_NUMBER": "14.05", "AREA_PLAN_M2": 2.2, "AREA_MODEL_M2": 2.2, "AREA_DIFF_PCT": 0.0, "SOURCE_NOTE": "drawn"}}, {"type": "Feature", "geometry": {"type": "Polygon", "coordinates": [[[-5.91906995, 54.60469067], [-5.91905404, 54.6046841], [-5.91906448, 54.60467561], [-5.91907762, 54.60468104], [-5.91907054, 54.60468678], [-5.91907074, 54.60468694], [-5.91907813, 54.60468125], [-5.91908039, 54.60468218], [-5.91906995, 54.60469067]]]}, "properties": {"UNIT_ID": "CQ3.14.19", "NAME": "Smk Vnt", "USE_TYPE": "Mechanical", "LEVEL_ID": "CQ3.L14", "FACILITY_ID": "CQ3", "ELEVATION_RELATIVE": 55.7, "ELEVATION_ABSOLUTE": 59.2, "HEIGHT_RELATIVE": 3.9, "ROOM_NUMBER": "14.19", "AREA_PLAN_M2": 1.5, "AREA_MODEL_M2": 1.4, "AREA_DIFF_PCT": -6.7, "SOURCE_NOTE": "drawn"}}, {"type": "Feature", "geometry": {"type": "Polygon", "coordinates": [[[-5.91907929, 54.60469453], [-5.91907146, 54.60469129], [-5.91908191, 54.60468281], [-5.91908974, 54.60468604], [-5.91907929, 54.60469453]]]}, "properties": {"UNIT_ID": "CQ3.14.18", "NAME": "WR", "USE_TYPE": "Mechanical", "LEVEL_ID": "CQ3.L14", "FACILITY_ID": "CQ3", "ELEVATION_RELATIVE": 55.7, "ELEVATION_ABSOLUTE": 59.2, "HEIGHT_RELATIVE": 3.9, "ROOM_NUMBER": "14.18", "AREA_PLAN_M2": 0.7, "AREA_MODEL_M2": 0.7, "AREA_DIFF_PCT": 0.0, "SOURCE_NOTE": "drawn"}}, {"type": "Feature", "geometry": {"type": "Polygon", "coordinates": [[[-5.91914043, 54.60478224], [-5.91910862, 54.6047691], [-5.91913473, 54.60474789], [-5.91916655, 54.60476104], [-5.91914043, 54.60478224]]]}, "properties": {"UNIT_ID": "CQ3.14.10", "NAME": "Lift 1", "USE_TYPE": "Elevator", "LEVEL_ID": "CQ3.L14", "FACILITY_ID": "CQ3", "ELEVATION_RELATIVE": 55.7, "ELEVATION_ABSOLUTE": 59.2, "HEIGHT_RELATIVE": 3.9, "ROOM_NUMBER": "14.10", "AREA_PLAN_M2": 7.3, "AREA_MODEL_M2": 7.3, "AREA_DIFF_PCT": 0.0, "SOURCE_NOTE": "drawn"}}, {"type": "Feature", "geometry": {"type": "Polygon", "coordinates": [[[-5.91916835, 54.60475957], [-5.91913654, 54.60474643], [-5.91916283, 54.60472507], [-5.91919465, 54.60473822], [-5.91916835, 54.60475957]]]}, "properties": {"UNIT_ID": "CQ3.14.11", "NAME": "Lift 2", "USE_TYPE": "Elevator", "LEVEL_ID": "CQ3.L14", "FACILITY_ID": "CQ3", "ELEVATION_RELATIVE": 55.7, "ELEVATION_ABSOLUTE": 59.2, "HEIGHT_RELATIVE": 3.9, "ROOM_NUMBER": "14.11", "AREA_PLAN_M2": 7.3, "AREA_MODEL_M2": 7.4, "AREA_DIFF_PCT": 1.4, "SOURCE_NOTE": "drawn"}}, {"type": "Feature", "geometry": {"type": "Polygon", "coordinates": [[[-5.91919645, 54.60473676], [-5.91916464, 54.60472361], [-5.91917167, 54.6047179], [-5.91916806, 54.60471618], [-5.91917975, 54.6047067], [-5.91918372, 54.60470812], [-5.91919075, 54.6047024], [-5.91922257, 54.60471555], [-5.91919645, 54.60473676]]]}, "properties": {"UNIT_ID": "CQ3.14.12", "NAME": "Lift 3 (FF)", "USE_TYPE": "Elevator", "LEVEL_ID": "CQ3.L14", "FACILITY_ID": "CQ3", "ELEVATION_RELATIVE": 55.7, "ELEVATION_ABSOLUTE": 59.2, "HEIGHT_RELATIVE": 3.9, "ROOM_NUMBER": "14.12", "AREA_PLAN_M2": 7.3, "AREA_MODEL_M2": 7.7, "AREA_DIFF_PCT": 5.5, "SOURCE_NOTE": "drawn"}}, {"type": "Feature", "geometry": {"type": "Polygon", "coordinates": [[[-5.91909184, 54.60472796], [-5.91906002, 54.60471482], [-5.91908632, 54.60469346], [-5.91911814, 54.60470661], [-5.91909184, 54.60472796]]]}, "properties": {"UNIT_ID": "CQ3.14.15", "NAME": "Lift 5", "USE_TYPE": "Elevator", "LEVEL_ID": "CQ3.L14", "FACILITY_ID": "CQ3", "ELEVATION_RELATIVE": 55.7, "ELEVATION_ABSOLUTE": 59.2, "HEIGHT_RELATIVE": 3.9, "ROOM_NUMBER": "14.15", "AREA_PLAN_M2": 7.3, "AREA_MODEL_M2": 7.4, "AREA_DIFF_PCT": 1.4, "SOURCE_NOTE": "drawn"}}, {"type": "Feature", "geometry": {"type": "Polygon", "coordinates": [[[-5.91911994, 54.60470514], [-5.91908812, 54.604692], [-5.91911424, 54.60467079], [-5.91914606, 54.60468393], [-5.91913902, 54.60468965], [-5.91914237, 54.60469126], [-5.91913069, 54.60470074], [-5.91912698, 54.60469943], [-5.91911994, 54.60470514]]]}, "properties": {"UNIT_ID": "CQ3.14.16", "NAME": "Lift 6 (FF)", "USE_TYPE": "Elevator", "LEVEL_ID": "CQ3.L14", "FACILITY_ID": "CQ3", "ELEVATION_RELATIVE": 55.7, "ELEVATION_ABSOLUTE": 59.2, "HEIGHT_RELATIVE": 3.9, "ROOM_NUMBER": "14.16", "AREA_PLAN_M2": 7.3, "AREA_MODEL_M2": 7.7, "AREA_DIFF_PCT": 5.5, "SOURCE_NOTE": "drawn"}}, {"type": "Feature", "geometry": {"type": "Polygon", "coordinates": [[[-5.91919578, 54.60480599], [-5.91925767, 54.60475542], [-5.91925741, 54.60475532], [-5.91924716, 54.60476364], [-5.91924691, 54.60476356], [-5.91924713, 54.60476367], [-5.91919635, 54.6048049], [-5.91914837, 54.60478508], [-5.91919791, 54.60474486], [-5.91922022, 54.60475408], [-5.91922047, 54.604754], [-5.91922017, 54.60475295], [-5.91919502, 54.60474256], [-5.91920557, 54.60473368], [-5.91923097, 54.60474418], [-5.91923227, 54.60474405], [-5.91925983, 54.60475521], [-5.91924837, 54.60476452], [-5.91924768, 54.60476446], [-5.91919628, 54.6048062], [-5.91919578, 54.60480599]], [[-5.91919549, 54.60480344], [-5.91923699, 54.60477005], [-5.91923135, 54.60476751], [-5.91918985, 54.6048009], [-5.91919549, 54.60480344]]]}, "properties": {"UNIT_ID": "CQ3.14.07", "NAME": "Female WC", "USE_TYPE": "Restroom - Female", "LEVEL_ID": "CQ3.L14", "FACILITY_ID": "CQ3", "ELEVATION_RELATIVE": 55.7, "ELEVATION_ABSOLUTE": 59.2, "HEIGHT_RELATIVE": 3.9, "ROOM_NUMBER": "14.07", "AREA_PLAN_M2": 23.4, "AREA_MODEL_M2": 24.5, "AREA_DIFF_PCT": 4.7, "SOURCE_NOTE": "drawn"}}, {"type": "Feature", "geometry": {"type": "Polygon", "coordinates": [[[-5.91906392, 54.60475063], [-5.9190321, 54.60473749], [-5.91905822, 54.60471628], [-5.91909004, 54.60472942], [-5.91906392, 54.60475063]]]}, "properties": {"UNIT_ID": "CQ3.14.14", "NAME": "Lift 4", "USE_TYPE": "Elevator", "LEVEL_ID": "CQ3.L14", "FACILITY_ID": "CQ3", "ELEVATION_RELATIVE": 55.7, "ELEVATION_ABSOLUTE": 59.2, "HEIGHT_RELATIVE": 3.9, "ROOM_NUMBER": "14.14", "AREA_PLAN_M2": 7.3, "AREA_MODEL_M2": 7.3, "AREA_DIFF_PCT": 0.0, "SOURCE_NOTE": "drawn"}}, {"type": "Feature", "geometry": {"type": "Polygon", "coordinates": [[[-5.91943745, 54.60481889], [-5.91939459, 54.6048014], [-5.91932164, 54.60486064], [-5.91928275, 54.60484457], [-5.91929825, 54.604832], [-5.91929825, 54.604832], [-5.91931716, 54.60481664], [-5.91931739, 54.60481673], [-5.91931719, 54.60481661], [-5.91933625, 54.60480113], [-5.91933648, 54.60480123], [-5.91933628, 54.60480111], [-5.91935495, 54.60478595], [-5.91935521, 54.60478602], [-5.91935499, 54.60478592], [-5.91937023, 54.60477324], [-5.91897174, 54.6046086], [-5.91895599, 54.60462108], [-5.91895577, 54.60462098], [-5.91895597, 54.6046211], [-5.91893729, 54.60463627], [-5.91893703, 54.6046362], [-5.91893726, 54.60463629], [-5.9189182, 54.60465177], [-5.91891794, 54.6046517], [-5.91891817, 54.6046518], [-5.91889924, 54.60466717], [-5.91889923, 54.60466718], [-5.91888377, 54.60467973], [-5.91884513, 54.60466377], [-5.91891808, 54.60460453], [-5.9188377, 54.6045711], [-5.91895479, 54.60447603], [-5.91955453, 54.60472382], [-5.91943745, 54.60481889]], [[-5.91889877, 54.60466692], [-5.91889754, 54.60466625], [-5.91889752, 54.60466625], [-5.91889877, 54.60466692]]]}, "properties": {"UNIT_ID": "CQ3.14.26", "NAME": "Office", "USE_TYPE": "Office", "LEVEL_ID": "CQ3.L14", "FACILITY_ID": "CQ3", "ELEVATION_RELATIVE": 55.7, "ELEVATION_ABSOLUTE": 59.2, "HEIGHT_RELATIVE": 3.9, "ROOM_NUMBER": "14.26", "AREA_PLAN_M2": 616.5, "AREA_MODEL_M2": 616.3, "AREA_DIFF_PCT": -0.0, "SOURCE_NOTE": "drawn"}}, {"type": "Feature", "geometry": {"type": "Polygon", "coordinates": [[[-5.91926212, 54.60485112], [-5.91926294, 54.60485167], [-5.91922313, 54.60488435], [-5.91921964, 54.60488314], [-5.91921728, 54.60488505], [-5.91904899, 54.60481553], [-5.91904881, 54.60481567], [-5.91900725, 54.6047985], [-5.91900744, 54.60479836], [-5.91883979, 54.60472909], [-5.91884188, 54.60472709], [-5.91883806, 54.60472551], [-5.91887652, 54.60469428], [-5.91888018, 54.60469347], [-5.91889098, 54.6046847], [-5.91889906, 54.60468804], [-5.91889888, 54.60468819], [-5.91894914, 54.60470895], [-5.91894932, 54.6047088], [-5.91897684, 54.60472017], [-5.9189772, 54.60471988], [-5.91902165, 54.60473824], [-5.91902129, 54.60473853], [-5.91905714, 54.60475335], [-5.91905696, 54.6047535], [-5.91910671, 54.60477405], [-5.91910689, 54.6047739], [-5.91914224, 54.60478851], [-5.91914261, 54.60478822], [-5.91918606, 54.60480617], [-5.91918497, 54.60480705], [-5.9191981, 54.60481246], [-5.91919881, 54.60481188], [-5.91921472, 54.60481845], [-5.91921454, 54.6048186], [-5.91926479, 54.60483936], [-5.91926497, 54.60483921], [-5.9192728, 54.60484245], [-5.91926212, 54.60485112]]]}, "properties": {"UNIT_ID": "CQ3.14.T412", "NAME": "Roof over Wellbeing Centre", "USE_TYPE": "Roof", "LEVEL_ID": "CQ3.L14", "FACILITY_ID": "CQ3", "ELEVATION_RELATIVE": 55.7, "ELEVATION_ABSOLUTE": 59.2, "HEIGHT_RELATIVE": 0, "ROOM_NUMBER": null, "AREA_PLAN_M2": null, "AREA_MODEL_M2": 180.6, "AREA_DIFF_PCT": null, "SOURCE_NOTE": "derived: floorplate below minus this floorplate"}}, {"type": "Feature", "geometry": {"type": "Polygon", "coordinates": [[[-5.91943745, 54.60481889], [-5.91939459, 54.6048014], [-5.91932164, 54.60486064], [-5.91928275, 54.60484457], [-5.91929825, 54.604832], [-5.91929825, 54.604832], [-5.91931716, 54.60481664], [-5.91931739, 54.60481673], [-5.91931719, 54.60481661], [-5.91933625, 54.60480113], [-5.91933648, 54.60480123], [-5.91933628, 54.60480111], [-5.91935495, 54.60478595], [-5.91935521, 54.60478602], [-5.91935499, 54.60478592], [-5.91937023, 54.60477324], [-5.91897174, 54.6046086], [-5.91895599, 54.60462108], [-5.91895577, 54.60462098], [-5.91895597, 54.6046211], [-5.91893729, 54.60463627], [-5.91893703, 54.6046362], [-5.91893726, 54.60463629], [-5.9189182, 54.60465177], [-5.91891794, 54.6046517], [-5.91891817, 54.6046518], [-5.91889924, 54.60466717], [-5.91889923, 54.60466718], [-5.91888377, 54.60467973], [-5.91884513, 54.60466377], [-5.91891808, 54.60460453], [-5.9188377, 54.6045711], [-5.91895479, 54.60447603], [-5.91955453, 54.60472382], [-5.91943745, 54.60481889]], [[-5.91889877, 54.60466692], [-5.91889754, 54.60466625], [-5.91889752, 54.60466625], [-5.91889877, 54.60466692]]]}, "properties": {"UNIT_ID": "CQ3.15.26", "NAME": "Office", "USE_TYPE": "Office", "LEVEL_ID": "CQ3.L15", "FACILITY_ID": "CQ3", "ELEVATION_RELATIVE": 59.6, "ELEVATION_ABSOLUTE": 63.1, "HEIGHT_RELATIVE": 3.9, "ROOM_NUMBER": "15.26", "AREA_PLAN_M2": 616.5, "AREA_MODEL_M2": 616.3, "AREA_DIFF_PCT": -0.0, "SOURCE_NOTE": "drawn"}}, {"type": "Feature", "geometry": {"type": "Polygon", "coordinates": [[[-5.9191049, 54.60476778], [-5.91918686, 54.60470123], [-5.91914974, 54.6046859], [-5.91906778, 54.60475245], [-5.9191049, 54.60476778]]]}, "properties": {"UNIT_ID": "CQ3.15.13", "NAME": "Lift Lobby", "USE_TYPE": "Lift Lobby", "LEVEL_ID": "CQ3.L15", "FACILITY_ID": "CQ3", "ELEVATION_RELATIVE": 59.6, "ELEVATION_ABSOLUTE": 63.1, "HEIGHT_RELATIVE": 3.9, "ROOM_NUMBER": "15.13", "AREA_PLAN_M2": 26.4, "AREA_MODEL_M2": 26.8, "AREA_DIFF_PCT": 1.5, "SOURCE_NOTE": "drawn"}}, {"type": "Feature", "geometry": {"type": "Polygon", "coordinates": [[[-5.91902867, 54.60473563], [-5.91902514, 54.60473417], [-5.91907165, 54.6046961], [-5.91907164, 54.6046961], [-5.91902489, 54.60473406], [-5.91897691, 54.60471424], [-5.91901631, 54.60468224], [-5.91901658, 54.6046823], [-5.91901639, 54.60468218], [-5.91902662, 54.60467387], [-5.91907821, 54.60469541], [-5.91902867, 54.60473563]], [[-5.91898514, 54.60471653], [-5.91901313, 54.60469411], [-5.91900749, 54.60469157], [-5.9189795, 54.604714], [-5.91898514, 54.60471653]]]}, "properties": {"UNIT_ID": "CQ3.15.17", "NAME": "Male WC", "USE_TYPE": "Restroom - Male", "LEVEL_ID": "CQ3.L15", "FACILITY_ID": "CQ3", "ELEVATION_RELATIVE": 59.6, "ELEVATION_ABSOLUTE": 63.1, "HEIGHT_RELATIVE": 3.9, "ROOM_NUMBER": "15.17", "AREA_PLAN_M2": 20.3, "AREA_MODEL_M2": 21.1, "AREA_DIFF_PCT": 3.9, "SOURCE_NOTE": "drawn"}}, {"type": "Feature", "geometry": {"type": "Polygon", "coordinates": [[[-5.9189518, 54.60470431], [-5.91901574, 54.60465239], [-5.91900167, 54.6046468], [-5.91900851, 54.60464124], [-5.91901318, 54.60464294], [-5.91901837, 54.60464358], [-5.91902621, 54.60464269], [-5.9190305, 54.60464102], [-5.91903662, 54.60463541], [-5.91904548, 54.60463907], [-5.91904299, 54.60464109], [-5.91904271, 54.6046417], [-5.91904599, 54.60463928], [-5.9190591, 54.6046447], [-5.91905611, 54.60464744], [-5.91910915, 54.60466935], [-5.91908988, 54.604685], [-5.91903717, 54.60466345], [-5.91897503, 54.60471391], [-5.9189518, 54.60470431]]]}, "properties": {"UNIT_ID": "CQ3.15.21", "NAME": "FF Core", "USE_TYPE": "Firefighting Lobby", "LEVEL_ID": "CQ3.L15", "FACILITY_ID": "CQ3", "ELEVATION_RELATIVE": 59.6, "ELEVATION_ABSOLUTE": 63.1, "HEIGHT_RELATIVE": 3.9, "ROOM_NUMBER": "15.21", "AREA_PLAN_M2": 27.9, "AREA_MODEL_M2": 27.3, "AREA_DIFF_PCT": -2.2, "SOURCE_NOTE": "drawn"}}, {"type": "Feature", "geometry": {"type": "Polygon", "coordinates": [[[-5.91906067, 54.60467778], [-5.91905553, 54.60467586], [-5.91905558, 54.60467604], [-5.91905143, 54.6046794], [-5.91905075, 54.60467934], [-5.91904798, 54.60468159], [-5.91902601, 54.60467251], [-5.91903735, 54.6046633], [-5.91906463, 54.60467457], [-5.91906067, 54.60467778]]]}, "properties": {"UNIT_ID": "CQ3.15.20", "NAME": "Clnr Str", "USE_TYPE": "Janitor", "LEVEL_ID": "CQ3.L15", "FACILITY_ID": "CQ3", "ELEVATION_RELATIVE": 59.6, "ELEVATION_ABSOLUTE": 63.1, "HEIGHT_RELATIVE": 3.9, "ROOM_NUMBER": "15.20", "AREA_PLAN_M2": 2.3, "AREA_MODEL_M2": 2.4, "AREA_DIFF_PCT": 4.3, "SOURCE_NOTE": "drawn"}}, {"type": "Feature", "geometry": {"type": "Polygon", "coordinates": [[[-5.91894733, 54.60470268], [-5.91900821, 54.60465324], [-5.91897058, 54.6046377], [-5.9189097, 54.60468714], [-5.91894733, 54.60470268]]]}, "properties": {"UNIT_ID": "CQ3.15.22", "NAME": "Stair 2", "USE_TYPE": "Stairs", "LEVEL_ID": "CQ3.L15", "FACILITY_ID": "CQ3", "ELEVATION_RELATIVE": 59.6, "ELEVATION_ABSOLUTE": 63.1, "HEIGHT_RELATIVE": 3.9, "ROOM_NUMBER": "15.22", "AREA_PLAN_M2": 19.4, "AREA_MODEL_M2": 20.1, "AREA_DIFF_PCT": 3.6, "SOURCE_NOTE": "drawn"}}, {"type": "Feature", "geometry": {"type": "Polygon", "coordinates": [[[-5.91902216, 54.60464346], [-5.91901592, 54.6046434], [-5.91901031, 54.60464194], [-5.91900624, 54.60464493], [-5.9189762, 54.60463252], [-5.91899097, 54.60462052], [-5.91903036, 54.6046368], [-5.91902216, 54.60464346]]]}, "properties": {"UNIT_ID": "CQ3.15.23", "NAME": "Dis WC", "USE_TYPE": "Restroom - Accessible", "LEVEL_ID": "CQ3.L15", "FACILITY_ID": "CQ3", "ELEVATION_RELATIVE": 59.6, "ELEVATION_ABSOLUTE": 63.1, "HEIGHT_RELATIVE": 3.9, "ROOM_NUMBER": "15.23", "AREA_PLAN_M2": 4.3, "AREA_MODEL_M2": 4.7, "AREA_DIFF_PCT": 9.3, "SOURCE_NOTE": "drawn"}}, {"type": "Feature", "geometry": {"type": "Polygon", "coordinates": [[[-5.91894756, 54.60465114], [-5.9189324, 54.60464488], [-5.91897257, 54.60461226], [-5.91898772, 54.60461852], [-5.91894756, 54.60465114]]]}, "properties": {"UNIT_ID": "CQ3.15.25", "NAME": "Service", "USE_TYPE": "Mechanical", "LEVEL_ID": "CQ3.L15", "FACILITY_ID": "CQ3", "ELEVATION_RELATIVE": 59.6, "ELEVATION_ABSOLUTE": 63.1, "HEIGHT_RELATIVE": 3.9, "ROOM_NUMBER": "15.25", "AREA_PLAN_M2": 5.4, "AREA_MODEL_M2": 5.4, "AREA_DIFF_PCT": 0.0, "SOURCE_NOTE": "drawn"}}, {"type": "Feature", "geometry": {"type": "Polygon", "coordinates": [[[-5.91890559, 54.60468522], [-5.91889044, 54.60467896], [-5.9189306, 54.60464634], [-5.91894575, 54.6046526], [-5.91890559, 54.60468522]]]}, "properties": {"UNIT_ID": "CQ3.15.24", "NAME": "Service", "USE_TYPE": "Mechanical", "LEVEL_ID": "CQ3.L15", "FACILITY_ID": "CQ3", "ELEVATION_RELATIVE": 59.6, "ELEVATION_ABSOLUTE": 63.1, "HEIGHT_RELATIVE": 3.9, "ROOM_NUMBER": "15.24", "AREA_PLAN_M2": 5.4, "AREA_MODEL_M2": 5.4, "AREA_DIFF_PCT": 0.0, "SOURCE_NOTE": "drawn"}}, {"type": "Feature", "geometry": {"type": "Polygon", "coordinates": [[[-5.91928185, 54.60484067], [-5.9192667, 54.60483441], [-5.91930686, 54.60480179], [-5.91932202, 54.60480805], [-5.91928185, 54.60484067]]]}, "properties": {"UNIT_ID": "CQ3.15.01", "NAME": "Service", "USE_TYPE": "Mechanical", "LEVEL_ID": "CQ3.L15", "FACILITY_ID": "CQ3", "ELEVATION_RELATIVE": 59.6, "ELEVATION_ABSOLUTE": 63.1, "HEIGHT_RELATIVE": 3.9, "ROOM_NUMBER": "15.01", "AREA_PLAN_M2": 5.4, "AREA_MODEL_M2": 5.4, "AREA_DIFF_PCT": 0.0, "SOURCE_NOTE": "drawn"}}, {"type": "Feature", "geometry": {"type": "Polygon", "coordinates": [[[-5.91932382, 54.60480659], [-5.91930867, 54.60480033], [-5.91934883, 54.60476771], [-5.91936399, 54.60477397], [-5.91932382, 54.60480659]]]}, "properties": {"UNIT_ID": "CQ3.15.02", "NAME": "Service", "USE_TYPE": "Mechanical", "LEVEL_ID": "CQ3.L15", "FACILITY_ID": "CQ3", "ELEVATION_RELATIVE": 59.6, "ELEVATION_ABSOLUTE": 63.1, "HEIGHT_RELATIVE": 3.9, "ROOM_NUMBER": "15.02", "AREA_PLAN_M2": 5.4, "AREA_MODEL_M2": 5.4, "AREA_DIFF_PCT": 0.0, "SOURCE_NOTE": "drawn"}}, {"type": "Feature", "geometry": {"type": "Polygon", "coordinates": [[[-5.9192202, 54.60475274], [-5.91920454, 54.60474628], [-5.91921499, 54.60473779], [-5.91921751, 54.60473884], [-5.91921044, 54.60474458], [-5.91921064, 54.60474474], [-5.91921803, 54.60473905], [-5.91923065, 54.60474426], [-5.9192202, 54.60475274]]]}, "properties": {"UNIT_ID": "CQ3.15.08", "NAME": "Smk Vnt", "USE_TYPE": "Mechanical", "LEVEL_ID": "CQ3.L15", "FACILITY_ID": "CQ3", "ELEVATION_RELATIVE": 59.6, "ELEVATION_ABSOLUTE": 63.1, "HEIGHT_RELATIVE": 3.9, "ROOM_NUMBER": "15.08", "AREA_PLAN_M2": 1.5, "AREA_MODEL_M2": 1.4, "AREA_DIFF_PCT": -6.7, "SOURCE_NOTE": "drawn"}}, {"type": "Feature", "geometry": {"type": "Polygon", "coordinates": [[[-5.91920277, 54.60474555], [-5.91919495, 54.60474231], [-5.91920539, 54.60473383], [-5.91921322, 54.60473706], [-5.91920277, 54.60474555]]]}, "properties": {"UNIT_ID": "CQ3.15.09", "NAME": "WR", "USE_TYPE": "Mechanical", "LEVEL_ID": "CQ3.L15", "FACILITY_ID": "CQ3", "ELEVATION_RELATIVE": 59.6, "ELEVATION_ABSOLUTE": 63.1, "HEIGHT_RELATIVE": 3.9, "ROOM_NUMBER": "15.09", "AREA_PLAN_M2": 0.7, "AREA_MODEL_M2": 0.7, "AREA_DIFF_PCT": 0.0, "SOURCE_NOTE": "drawn"}}, {"type": "Feature", "geometry": {"type": "Polygon", "coordinates": [[[-5.91926298, 54.6048331], [-5.91932386, 54.60478366], [-5.91928624, 54.60476811], [-5.91922536, 54.60481755], [-5.91926298, 54.6048331]]]}, "properties": {"UNIT_ID": "CQ3.15.03", "NAME": "Stair 1", "USE_TYPE": "Stairs", "LEVEL_ID": "CQ3.L15", "FACILITY_ID": "CQ3", "ELEVATION_RELATIVE": 59.6, "ELEVATION_ABSOLUTE": 63.1, "HEIGHT_RELATIVE": 3.9, "ROOM_NUMBER": "15.03", "AREA_PLAN_M2": 19.4, "AREA_MODEL_M2": 20.1, "AREA_DIFF_PCT": 3.6, "SOURCE_NOTE": "drawn"}}, {"type": "Feature", "geometry": {"type": "Polygon", "coordinates": [[[-5.91922074, 54.60481542], [-5.91919751, 54.60480582], [-5.91925965, 54.60475536], [-5.91920705, 54.60473341], [-5.91922632, 54.60471776], [-5.91927937, 54.60473967], [-5.91928286, 54.60473715], [-5.91929118, 54.60474058], [-5.91928869, 54.6047426], [-5.91928841, 54.60474321], [-5.9192917, 54.6047408], [-5.91930556, 54.60474652], [-5.91930311, 54.60474882], [-5.91931601, 54.60475415], [-5.91929763, 54.60476907], [-5.91928468, 54.6047635], [-5.91922074, 54.60481542]]]}, "properties": {"UNIT_ID": "CQ3.15.06", "NAME": "FF Core", "USE_TYPE": "Firefighting Lobby", "LEVEL_ID": "CQ3.L15", "FACILITY_ID": "CQ3", "ELEVATION_RELATIVE": 59.6, "ELEVATION_ABSOLUTE": 63.1, "HEIGHT_RELATIVE": 3.9, "ROOM_NUMBER": "15.06", "AREA_PLAN_M2": 28.0, "AREA_MODEL_M2": 28.4, "AREA_DIFF_PCT": 1.4, "SOURCE_NOTE": "drawn"}}, {"type": "Feature", "geometry": {"type": "Polygon", "coordinates": [[[-5.91932667, 54.60478107], [-5.91929915, 54.60476969], [-5.91930833, 54.60476223], [-5.91933586, 54.60477361], [-5.91932667, 54.60478107]]]}, "properties": {"UNIT_ID": "CQ3.15.04", "NAME": "WC Supply", "USE_TYPE": "Mechanical", "LEVEL_ID": "CQ3.L15", "FACILITY_ID": "CQ3", "ELEVATION_RELATIVE": 59.6, "ELEVATION_ABSOLUTE": 63.1, "HEIGHT_RELATIVE": 3.9, "ROOM_NUMBER": "15.04", "AREA_PLAN_M2": 2.2, "AREA_MODEL_M2": 2.2, "AREA_DIFF_PCT": 0.0, "SOURCE_NOTE": "drawn"}}, {"type": "Feature", "geometry": {"type": "Polygon", "coordinates": [[[-5.91933586, 54.60477361], [-5.91930833, 54.60476223], [-5.91931752, 54.60475478], [-5.91934505, 54.60476615], [-5.91933586, 54.60477361]]]}, "properties": {"UNIT_ID": "CQ3.15.05", "NAME": "WC Extract", "USE_TYPE": "Mechanical", "LEVEL_ID": "CQ3.L15", "FACILITY_ID": "CQ3", "ELEVATION_RELATIVE": 59.6, "ELEVATION_ABSOLUTE": 63.1, "HEIGHT_RELATIVE": 3.9, "ROOM_NUMBER": "15.05", "AREA_PLAN_M2": 2.2, "AREA_MODEL_M2": 2.2, "AREA_DIFF_PCT": 0.0, "SOURCE_NOTE": "drawn"}}, {"type": "Feature", "geometry": {"type": "Polygon", "coordinates": [[[-5.91906995, 54.60469067], [-5.91905404, 54.6046841], [-5.91906448, 54.60467561], [-5.91907762, 54.60468104], [-5.91907054, 54.60468678], [-5.91907074, 54.60468694], [-5.91907813, 54.60468125], [-5.91908039, 54.60468218], [-5.91906995, 54.60469067]]]}, "properties": {"UNIT_ID": "CQ3.15.19", "NAME": "Smk Vnt", "USE_TYPE": "Mechanical", "LEVEL_ID": "CQ3.L15", "FACILITY_ID": "CQ3", "ELEVATION_RELATIVE": 59.6, "ELEVATION_ABSOLUTE": 63.1, "HEIGHT_RELATIVE": 3.9, "ROOM_NUMBER": "15.19", "AREA_PLAN_M2": 1.5, "AREA_MODEL_M2": 1.4, "AREA_DIFF_PCT": -6.7, "SOURCE_NOTE": "drawn"}}, {"type": "Feature", "geometry": {"type": "Polygon", "coordinates": [[[-5.91907929, 54.60469453], [-5.91907146, 54.60469129], [-5.91908191, 54.60468281], [-5.91908974, 54.60468604], [-5.91907929, 54.60469453]]]}, "properties": {"UNIT_ID": "CQ3.15.18", "NAME": "WR", "USE_TYPE": "Mechanical", "LEVEL_ID": "CQ3.L15", "FACILITY_ID": "CQ3", "ELEVATION_RELATIVE": 59.6, "ELEVATION_ABSOLUTE": 63.1, "HEIGHT_RELATIVE": 3.9, "ROOM_NUMBER": "15.18", "AREA_PLAN_M2": 0.7, "AREA_MODEL_M2": 0.7, "AREA_DIFF_PCT": 0.0, "SOURCE_NOTE": "drawn"}}, {"type": "Feature", "geometry": {"type": "Polygon", "coordinates": [[[-5.91914043, 54.60478224], [-5.91910862, 54.6047691], [-5.91913473, 54.60474789], [-5.91916655, 54.60476104], [-5.91914043, 54.60478224]]]}, "properties": {"UNIT_ID": "CQ3.15.10", "NAME": "Lift 1", "USE_TYPE": "Elevator", "LEVEL_ID": "CQ3.L15", "FACILITY_ID": "CQ3", "ELEVATION_RELATIVE": 59.6, "ELEVATION_ABSOLUTE": 63.1, "HEIGHT_RELATIVE": 3.9, "ROOM_NUMBER": "15.10", "AREA_PLAN_M2": 7.3, "AREA_MODEL_M2": 7.3, "AREA_DIFF_PCT": 0.0, "SOURCE_NOTE": "drawn"}}, {"type": "Feature", "geometry": {"type": "Polygon", "coordinates": [[[-5.91916835, 54.60475957], [-5.91913654, 54.60474643], [-5.91916283, 54.60472507], [-5.91919465, 54.60473822], [-5.91916835, 54.60475957]]]}, "properties": {"UNIT_ID": "CQ3.15.11", "NAME": "Lift 2", "USE_TYPE": "Elevator", "LEVEL_ID": "CQ3.L15", "FACILITY_ID": "CQ3", "ELEVATION_RELATIVE": 59.6, "ELEVATION_ABSOLUTE": 63.1, "HEIGHT_RELATIVE": 3.9, "ROOM_NUMBER": "15.11", "AREA_PLAN_M2": 7.3, "AREA_MODEL_M2": 7.4, "AREA_DIFF_PCT": 1.4, "SOURCE_NOTE": "drawn"}}, {"type": "Feature", "geometry": {"type": "Polygon", "coordinates": [[[-5.91919645, 54.60473676], [-5.91916464, 54.60472361], [-5.91917167, 54.6047179], [-5.91916806, 54.60471618], [-5.91917975, 54.6047067], [-5.91918372, 54.60470812], [-5.91919075, 54.6047024], [-5.91922257, 54.60471555], [-5.91919645, 54.60473676]]]}, "properties": {"UNIT_ID": "CQ3.15.12", "NAME": "Lift 3 (FF)", "USE_TYPE": "Elevator", "LEVEL_ID": "CQ3.L15", "FACILITY_ID": "CQ3", "ELEVATION_RELATIVE": 59.6, "ELEVATION_ABSOLUTE": 63.1, "HEIGHT_RELATIVE": 3.9, "ROOM_NUMBER": "15.12", "AREA_PLAN_M2": 7.3, "AREA_MODEL_M2": 7.7, "AREA_DIFF_PCT": 5.5, "SOURCE_NOTE": "drawn"}}, {"type": "Feature", "geometry": {"type": "Polygon", "coordinates": [[[-5.91909184, 54.60472796], [-5.91906002, 54.60471482], [-5.91908632, 54.60469346], [-5.91911814, 54.60470661], [-5.91909184, 54.60472796]]]}, "properties": {"UNIT_ID": "CQ3.15.15", "NAME": "Lift 5", "USE_TYPE": "Elevator", "LEVEL_ID": "CQ3.L15", "FACILITY_ID": "CQ3", "ELEVATION_RELATIVE": 59.6, "ELEVATION_ABSOLUTE": 63.1, "HEIGHT_RELATIVE": 3.9, "ROOM_NUMBER": "15.15", "AREA_PLAN_M2": 7.3, "AREA_MODEL_M2": 7.4, "AREA_DIFF_PCT": 1.4, "SOURCE_NOTE": "drawn"}}, {"type": "Feature", "geometry": {"type": "Polygon", "coordinates": [[[-5.91911994, 54.60470514], [-5.91908812, 54.604692], [-5.91911424, 54.60467079], [-5.91914606, 54.60468393], [-5.91913902, 54.60468965], [-5.91914237, 54.60469126], [-5.91913069, 54.60470074], [-5.91912698, 54.60469943], [-5.91911994, 54.60470514]]]}, "properties": {"UNIT_ID": "CQ3.15.16", "NAME": "Lift 6 (FF)", "USE_TYPE": "Elevator", "LEVEL_ID": "CQ3.L15", "FACILITY_ID": "CQ3", "ELEVATION_RELATIVE": 59.6, "ELEVATION_ABSOLUTE": 63.1, "HEIGHT_RELATIVE": 3.9, "ROOM_NUMBER": "15.16", "AREA_PLAN_M2": 7.3, "AREA_MODEL_M2": 7.7, "AREA_DIFF_PCT": 5.5, "SOURCE_NOTE": "drawn"}}, {"type": "Feature", "geometry": {"type": "Polygon", "coordinates": [[[-5.91919578, 54.60480599], [-5.91925767, 54.60475542], [-5.91925741, 54.60475532], [-5.91924716, 54.60476364], [-5.91924691, 54.60476356], [-5.91924713, 54.60476367], [-5.91919635, 54.6048049], [-5.91914837, 54.60478508], [-5.91919791, 54.60474486], [-5.91922022, 54.60475408], [-5.91922047, 54.604754], [-5.91922017, 54.60475295], [-5.91919502, 54.60474256], [-5.91920557, 54.60473368], [-5.91923097, 54.60474418], [-5.91923227, 54.60474405], [-5.91925983, 54.60475521], [-5.91924837, 54.60476452], [-5.91924768, 54.60476446], [-5.91919628, 54.6048062], [-5.91919578, 54.60480599]], [[-5.91919549, 54.60480344], [-5.91923699, 54.60477005], [-5.91923135, 54.60476751], [-5.91918985, 54.6048009], [-5.91919549, 54.60480344]]]}, "properties": {"UNIT_ID": "CQ3.15.07", "NAME": "Female WC", "USE_TYPE": "Restroom - Female", "LEVEL_ID": "CQ3.L15", "FACILITY_ID": "CQ3", "ELEVATION_RELATIVE": 59.6, "ELEVATION_ABSOLUTE": 63.1, "HEIGHT_RELATIVE": 3.9, "ROOM_NUMBER": "15.07", "AREA_PLAN_M2": 23.4, "AREA_MODEL_M2": 24.5, "AREA_DIFF_PCT": 4.7, "SOURCE_NOTE": "drawn"}}, {"type": "Feature", "geometry": {"type": "Polygon", "coordinates": [[[-5.91906392, 54.60475063], [-5.9190321, 54.60473749], [-5.91905822, 54.60471628], [-5.91909004, 54.60472942], [-5.91906392, 54.60475063]]]}, "properties": {"UNIT_ID": "CQ3.15.14", "NAME": "Lift 4", "USE_TYPE": "Elevator", "LEVEL_ID": "CQ3.L15", "FACILITY_ID": "CQ3", "ELEVATION_RELATIVE": 59.6, "ELEVATION_ABSOLUTE": 63.1, "HEIGHT_RELATIVE": 3.9, "ROOM_NUMBER": "15.14", "AREA_PLAN_M2": 7.3, "AREA_MODEL_M2": 7.3, "AREA_DIFF_PCT": 0.0, "SOURCE_NOTE": "drawn"}}]}